id,title,subtitle,links,quadrant,summary,descriptions,time_min,titles
2e2c4d75aa5f50bd0101b91f65cfc6cf,changement de paradigme,2. changement de paradigme,https://www.youtube.com/watch?v=-NVUQILq1pA, comment bitcoin change societe,"Bitcoin est une forme de vie artificielle créée par l'homme, distincte des machines et des programmes informatiques. Son existence est continue depuis le 3 janvier 2009, représentant un processus de survie ininterrompu.","Bitcoin, intelligence artificielle, Survie en symbiose avec les humains, Enregistrement immuable, Consommation de matière et d'énergie, Utilisation des ordinateurs, Création d'un enregistrement unique, Importance de l'argent honnête, Bitcoin comme forme de monnaie, Transparence et logiciel open source",13,"""Bitcoin : Une Forme de Vie Artificielle en Continuelle Survie"""
00e416df8e3ca47ce33c6b0cc9415823,changement de paradigme,1. percees scientifique et technologique,https://coinyuppie.com/bitcoin-prequel-3-crypto-wars-in-the-90s/, comment bitcoin change societe,"Le but de ce résumé est de fournir une vue d'ensemble claire des principaux points et sujets clés discutés dans le texte. Il doit être adapté à la compréhension humaine, présentant les informations essentielles de manière facile à saisir. Assurez-vous que le résumé capture l'essence du texte sans entrer dans les détails spécifiques. Mettez en avant les idées importantes, les conclusions et les implications significatives discutées dans le texte.","Intelligence artificielle, Technologie, Reconnaissance faciale, Développement, Éthique, Applications, Utilisation, Défis, Avantages, Risques, Protection des données, Apprentissage automatique",0,"""Vue d'ensemble des points clés : Guide succinct pour comprendre le texte"""
f1e2957c851b1164ce86bd451a9d1d89,changement de paradigme,2. changement de paradigme,https://breedlove22.medium.com/our-most-brilliant-idea-aced329f8941, comment bitcoin change societe,"Les idées sont essentielles pour faire avancer l'humanité, et les nouvelles idées innovantes peuvent bénéficier à tous pour toujours. Il est crucial de créer des structures socioéconomiques favorables à la génération d'idées nouvelles pour permettre à la civilisation de progresser. Le commerce libre est un moyen important pour soutenir ce processus continu d'innovation.","Idées et innovation, Commerce libre, Impacts de la banque centrale, Lien entre idées et économie, Compétition des idées, Héritage civilisateur des idées, Évolution des langues et des technologies, Innovation et reconfiguration des connaissances, Métaphore du commerce comme ""méta-idée"", Relation entre commerce libre et innovation, Capitalisme et communisme soviétique",27,"""Innovation Socioéconomique: L'Essence du Commerce Libre"""
03a2574d2de2249d65e0a5cadff3c489,changement de paradigme,2. changement de paradigme,https://btctouchpoint.com/fr/le-chiffre-zero-et-bitcoin-1/, comment bitcoin change societe,"Le texte aborde le lien entre le chiffre zéro et Bitcoin, mettant en avant des aspects tels que les premiers pas avec Bitcoin, son impact sur la société et la culture, ainsi que les ressources disponibles pour mieux comprendre cette cryptomonnaie.","Le chiffre zéro, Bitcoin, Rarete absolue de la monnaie, Importance du zéro, Zéro et Bitcoin : inventions fondamentales, Histoire du zéro, Systèmes de numération anciens, Origine des mathématiques, Abstraction des chiffres, Babyloniens, Grecs, Mayas et le zéro",23,"""Le Zéro: Bitcoin et Son Influence sur la Société et la Culture"""
f00c5140d3c0f91e39f47ac619a7aa19,changement de paradigme,2. changement de paradigme,https://breedlove22.medium.com/the-number-zero-and-bitcoin-4c193336db5b, comment bitcoin change societe,"Le texte discute du lien entre le nombre zéro et Bitcoin, soulignant que Satoshi a introduit Bitcoin en offrant une forme de valeur sans équivalent. La rareté absolue de la monnaie introduite par Bitcoin est comparée à l'importance historique du zéro. Ce concept d'absolue rareté modifie le monde de manière significative.","Le nombre zéro, Bitcoin, Scarcité absolue pour l'argent, Importance du zéro dans la culture, Abstraction du zéro, Systèmes numéraux anciens, Système numéral base-60 des Babyloniens, Origine du zéro en Inde et au Cambodge, Développement du zéro dans les mathématiques, Système numéral hindou-arabe, Résistance à l'adoption du zéro en Europe, Effets de l'utilisation du zéro dans les calculs",55,"""Zéro et Bitcoin : La Révolution de la Rareté Absolue"""
cf8d134cb5a855a9a85a096405e87acc,changement de paradigme,2. changement de paradigme,https://bitcoin.fr/esquisse-historionomique-bitcoin-par-analogie-au-protestantisme/, comment bitcoin change societe,"Le texte aborde une comparaison entre l'histoire de Bitcoin et le protestantisme, mettant en lumière des similitudes entre les deux.","Esquisse historionomique de Bitcoin, Analogie au protestantisme, Evolution de l'histoire de Bitcoin, Analyses prédictives, Interactions entre Bitcoin et entités économiques, Méthode historionomique, Modèles, schémas, cycles, Analyse comparative d'événements majeurs, Gutenberg et invention du web, 95 thèses de Luther et livre blanc de Nakamoto, Frise chronologique des évolutions menant à Bitcoin, B-money (Wei Dai, 1998)",26,"""Bitcoin et Protestantisme : Des Similitudes Surprenantes"""
