id,title,subtitle,links,quadrant,summary,descriptions,time_min,titles
aa59a4d9a363799f5e5c67b5b426ce40,droits & libertes,bitcoin : une chance pour les droits de l'homme,https://www.youtube.com/watch?v=NFZlWLQY8TU, comment bitcoin change societe,"Le podcast ""Bitcoin fixes this"" accueille Alex Gladstein, le directeur de la stratégie de la Human Rights Foundation. Ils discutent de son nouveau livre ""Check Your Financial Privilege"" qui met en lumière l'impérialisme monétaire dans les pays en développement, et comment l'oppression monétaire maintient ces populations dans la pauvreté.","Bitcoin, Impact on society, Monetary imperialism, Financial privilege, Developing countries, Human rights, Mainstream adoption, Open source, Altcoins, Ideology vs. mainstreamization, Financial inclusion, Crypto investment mentality, Unbanked population, Bitcoin adoption mechanism, Corporate and government interest, Bitcoin standard",54.0,"""Éclairer l'impérialisme monétaire : Entretien sur la pauvreté et les privilèges financ"
aa3f6193a508e5218cf0ed58666a77ea,droits & libertes,vie privee,https://www.youtube.com/watch?v=xTfY5TjuN2A, comment bitcoin change societe,"Janine Rome est une journaliste cyberpunk et éducatrice en matière de confidentialité du Bitcoin. Elle publie une newsletter sur la confidentialité du Bitcoin, abordant les développements technologiques, événements et conversations liés à la confidentialité dans le domaine du Bitcoin, ainsi que les outils et stratégies pour protéger notre droit à l'autodétermination informationnelle.","Janine Rome, Journaliste cyberpunk, Éducatrice en matière de confidentialité Bitcoin, Bulletin d'information sur la confidentialité du Bitcoin, Technologie liée à la confidentialité, Développements technologiques, Événements liés à la confidentialité, Conversations sur le Bitcoin, Outils de protection, Stratégies de protection des données, Liberté, Chanson ""Freedom"" de Kings of Convenience, Dépendances, Système monétaire, Liberté économique, Liberté d'expression, Liberté d'association, Culture d'annulation, Boycott, Dis",61.0,"""Newsletter de Confidentialité du Bitcoin par Janine Rome : Explorations Cyberpunk et Stratégies de Protection"""
97f3c7249ead149db4caf2077e97ff55,droits & libertes,bitcoin : une chance pour les droits de l'homme,https://www.financialinclusion.tech/, comment bitcoin change societe,"Bitcoin a été utilisé pour sauver des vies en Ukraine lors de l'invasion russe, les Turcs se tournent vers Bitcoin pour échapper à la chute de la livre, et les dissidents à travers le monde adoptent les cryptomonnaies en réponse aux manifestations.","Bitcoin et crypto, Liberté financière, Utilisation de Bitcoin dans des situations de crise, Appel pour une politique crypto responsable, Lettre de soutien aux politiques crypto responsables, Utilisation de Bitcoin dans des pays en crise économique ou politique, Importance de Bitcoin dans des contextes de répression politique, Témoignages de l'impact positif de Bitcoin, Appel à une approche ouverte et empathique envers les cryptomonnaies, Témoignages sur l'utilisation de Bitcoin en temps de crise et répression, Nécessité de Bitcoin dans des contextes de dévaluation monétaire et répression autor",11.0,"""Cryptomonnaies : Sauvetage, Évasion et Dissidence dans le Monde Actuel"""
737cff065d96bd81237f9ea5f75316d3,droits & libertes,bitcoin : la monnaie liberte !,https://unchained.com/blog/bitcoin-is-a-rally-cry/, comment bitcoin change societe,"Bitcoin est un cri de ralliement qui progresse progressivement avant de s'intensifier soudainement, comme le souligne l'article de Parker Lewis daté du 26/03/2020 et mis à jour le 24/08/2023.","Bitcoin comme cri de ralliement, Liberté et bitcoin, Instabilité du système financier mondial, Actions de la Fed pour soutenir l'économie, Crises économiques et financières, Révolution monétaire liée au bitcoin, Valeur et liberté associées au bitcoin, Contrôle des marchés financiers par la Fed, Achat de titres par la Fed, Volatilité des marchés financiers",16.0,"""Croissance Progressive et Intensification Soudaine de Bitcoin: Analyse de Parker Lewis"""
49ece2ed9068d2317ce4f3ad813b7369,droits & libertes,"droits, libertes, et responsabilites !",https://europeanbitcoiners.com/lutter-contre-le-colonialisme-monetaire-avec-un-code-source-ouvert/, comment bitcoin change societe,"La France utilise toujours le colonialisme monétaire, mais il est possible de lutter contre en adoptant un code source ouvert.","Colonialisme monétaire, Exploitation de 15 nations africaines, Franc CFA, Histoire de la colonisation française, Contrôle politique et monétaire, Pays utilisant une monnaie contrôlée par Paris, Décolonisation et maintien du contrôle monétaire, Impact sur l'économie africaine",,"""Combattre le colonialisme monétaire en adoptant un code source ouvert"""
37e9a9dc14973cbbdb777d2c3be6c178,droits & libertes,"droits, libertes, et responsabilites !",https://europeanbitcoiners.com/droits-de-propriete-inalienables/, comment bitcoin change societe,"Le texte discute des droits de propriété inaliénables en relation avec le bitcoin, abordant le droit, le langage, l'argent et la moralité associés à cette cryptomonnaie.","Droits de Propriété Inaliénables, Bitcoin, Monnaie, Contrôle de l'Argent, Émission Monétaire, Pouvoir d'Achat, Éthique, Relations de Crédit, Coopération Humaine, Rôle de l'Argent dans l'Économie",,"""Propriété inaliénable: Réflexions sur le Bitcoin et ses implications"""
23a7a0b426d47ee7d3d147bb08d0ca5d,droits & libertes,"droits, libertes, et responsabilites !",https://europeanbitcoiners.com/maitres-et-esclaves-de-largent/, comment bitcoin change societe,L'article discute de la tentation de manipuler l'argent et souligne que l'humanité a du mal à y résister.,"Manipulation de l'argent, Monnaie incorruptible : le Bitcoin, Histoire monétaire et corruption, Inégalités de richesse, Décadence morale et effondrement social, Esclavage, Perles d'aggry en Afrique de l'Ouest, Contrefaçon de monnaie, Pillage de richesses africaines, Traite transatlantique des esclaves, Navires négriers, Bandes de tissu comme monnaie",,Résister à la tentation de manipuler l'argent: Un défi pour l'humanité
9904299de7890f27690c41571bcbb275,droits & libertes,vie privee,https://nakamotoinstitute.org/the-case-for-privacy/, comment bitcoin change societe,L'article discute de l'importance de la vie privée en se basant sur un roman de science-fiction où un dispositif de protection devient convoité par divers gouvernements et factions politiques qui sont prêts à tout pour l'obtenir.,"Privacy, Control over information, Shield of force, Government, Individual rights, Freedom, Security, Protection, Information access, Voluntary transactions, Power dynamics, Concealment, Trust, Secrecy, Personal choice, Influence of privacy on society",33.0,"""La Vie Privée Menacée : Un Roman de Science-Fiction Révèle les Enjeux Politiques"""
916f42d010960eeb6d525a2e4a6b0082,droits & libertes,vie privee,https://www.coindesk.com/markets/2016/04/27/the-path-to-self-sovereign-identity/, comment bitcoin change societe,"Le chemin vers l'identité auto-souveraine est exploré dans le texte, mettant en avant des sujets comme les prix des cryptomonnaies, les actualités du marché et des événements à venir impliquant des acteurs tels que a16z, Citi et Adidas.","Identité auto-souveraine, Crypto-monnaie, NFT, ETF Bitcoin, Blockchain, Politique et régulation, Indices de prix, Contrats intelligents, Web3, Interopérabilité multi-chaîne, Gouvernance des tokens, Finances, DeFi, Pyth Network, NFT, Minage, Consensus, Formation, Ethereum, Bots de trading crypto, Cours intensif sur la crypto-monnaie, Opinion, Plateforme Vega Protocol, Sharding Ethereum, Trading de crypto, Protocoles de couche 2, Oracles, -",24.0,Exploration de l'identité auto-souveraine à travers les cryptomonnaies et les acteurs clés.
