id,title,subtitle,links,quadrant,summary,descriptions,time_min,titles
dbe57fcd481f3459cab2672bf2877834,education,ecroulement du syteme educatif,https://www.youtube.com/watch?v=MQT3ANAxq4g, comment bitcoin change societe,"Dans cet épisode de ""Bitcoin Fixes This"", l'auteur de ""The Bitcoin Standard"", Saifedean Ammous, discute de l'impact de Bitcoin sur le système universitaire, soulignant l'inefficacité causée par l'argent et comment Internet contourne ces problèmes. Il met en lumière comment l'argent gouvernemental a transformé les universités en institutions de recherche peu efficaces et mentionne l'exploitation des étudiants en doctorat comme main-d'œuvre bon marché.","Bitcoin et son impact sur la société, Le système universitaire et son inefficacité, L'argent et son rôle dans l'éducation, Les problèmes de l'éducation universitaire, L'intervention gouvernementale dans l'enseignement, La distorsion des incitations économiques, Les subventions gouvernementales dans l'éducation, Les prêts étudiants et leurs conséquences, La corruption des prix et des signaux du marché",59,"""Bitcoin, Internet et l'Impact sur l'Université : Révéler les Inefficacités du Système Actuel"""
dbe57fcd481f3459cab2672bf2877834,education,ecroulement du syteme educatif,https://www.youtube.com/watch?v=MQT3ANAxq4g, comment bitcoin change societe,"Dans cet épisode de ""Bitcoin Fixes This"", l'auteur de ""The Bitcoin Standard"", Saifedean Ammous, discute de l'impact de Bitcoin sur le système universitaire, soulignant l'inefficacité causée par l'argent et comment Internet contourne ces problèmes. Il met en lumière comment l'argent gouvernemental a transformé les universités en institutions de recherche peu efficaces et mentionne l'exploitation des étudiants en doctorat comme main-d'œuvre bon marché.","Bitcoin et son impact sur la société, Le système universitaire et son inefficacité, L'argent et son rôle dans l'éducation, Les problèmes de l'éducation universitaire, L'intervention gouvernementale dans l'enseignement, La distorsion des incitations économiques, Les subventions gouvernementales dans l'éducation, Les prêts étudiants et leurs conséquences, La corruption des prix et des signaux du marché",59,"""Bitcoin, Internet et l'Impact sur l'Université : Révéler les Inefficacités du Système Actuel"""
dbe57fcd481f3459cab2672bf2877834,education,ecroulement du syteme educatif,https://www.youtube.com/watch?v=MQT3ANAxq4g, comment bitcoin change societe,"Dans cet épisode de ""Bitcoin Fixes This"", l'auteur de ""The Bitcoin Standard"", Saifedean Ammous, discute de l'impact de Bitcoin sur le système universitaire, soulignant l'inefficacité causée par l'argent et comment Internet contourne ces problèmes. Il met en lumière comment l'argent gouvernemental a transformé les universités en institutions de recherche peu efficaces et mentionne l'exploitation des étudiants en doctorat comme main-d'œuvre bon marché.","Bitcoin et son impact sur la société, Le système universitaire et son inefficacité, L'argent et son rôle dans l'éducation, Les problèmes de l'éducation universitaire, L'intervention gouvernementale dans l'enseignement, La distorsion des incitations économiques, Les subventions gouvernementales dans l'éducation, Les prêts étudiants et leurs conséquences, La corruption des prix et des signaux du marché",59,"""Bitcoin, Internet et l'Impact sur l'Université : Révéler les Inefficacités du Système Actuel"""
dbe57fcd481f3459cab2672bf2877834,education,ecroulement du syteme educatif,https://www.youtube.com/watch?v=MQT3ANAxq4g, comment bitcoin change societe,"Dans cet épisode de ""Bitcoin Fixes This"", l'auteur de ""The Bitcoin Standard"", Saifedean Ammous, discute de l'impact de Bitcoin sur le système universitaire, soulignant l'inefficacité causée par l'argent et comment Internet contourne ces problèmes. Il met en lumière comment l'argent gouvernemental a transformé les universités en institutions de recherche peu efficaces et mentionne l'exploitation des étudiants en doctorat comme main-d'œuvre bon marché.","Bitcoin et son impact sur la société, Le système universitaire et son inefficacité, L'argent et son rôle dans l'éducation, Les problèmes de l'éducation universitaire, L'intervention gouvernementale dans l'enseignement, La distorsion des incitations économiques, Les subventions gouvernementales dans l'éducation, Les prêts étudiants et leurs conséquences, La corruption des prix et des signaux du marché",59,"""Bitcoin, Internet et l'Impact sur l'Université : Révéler les Inefficacités du Système Actuel"""
