id,title,subtitle,links,quadrant,summary,descriptions,time_min,titles
7d948d128333a44be32d8c13ddd9a3f9,energie,"1.  utiliser plus d'energie, est-ce un probleme ?",https://www.youtube.com/watch?v=2YzrMwzjNSY, comment bitcoin change societe,"Alex Epstein, author of ""The Moral Case for Fossil Fuels"" and ""Fossil Future,"" is being interviewed in the Unchained Capital Bitcoin Common Studios. His previous book was a bestseller, ranking high on both the New York Times and national bestseller lists.","Alex Epstein, Livre ""Fossil Future"", Livre précédent ""The Moral Case for Fossil Fuels"", Background en philosophie, Relation entre philosophie et économie, Intérêt pour l'énergie, Avocat majeur des combustibles fossiles, Philosophie des premiers principes, Erreurs courantes de pensée, Importance des bienfaits des combustibles fossiles, Réflexion critique sur les énergies alternatives, Communauté Bitcoin",63.0,"""Entretien avec Alex Epstein: Succès retentissant des livres sur les combustibles fossiles"""
1b6e2246565887530f2855643f850619,energie,2.  minage de bitcoin : quelle utilisation d'energie ? comparee a quoi ?,https://www.youtube.com/watch?v=b-7dMVcVWgc, comment bitcoin change societe,"En 1964, l'astronome soviétique Nikolaï Kardachev a proposé de mesurer le niveau de développement technologique d'une civilisation en fonction de l'énergie qu'elle peut capter et utiliser. Il a classé les civilisations en différents niveaux en fonction de leur capacité à exploiter l'énergie provenant de leur étoile parente. Sur la Terre, nous ne capturons qu'une infime partie de l'énergie solaire totale, signalant un potentiel d'avancement technologique important.","Niveau d'avancement technologique, Énergie comme mesure de l'avancement, Découverte et maîtrise du feu, Utilisation de l'énergie animale, hydraulique, éolienne, et à vapeur, Importance de l'énergie pour la civilisation, Lien entre argent et énergie, Histoire de la monnaie (pierres de rai, coquillages wampum, or), Valeur de l'or comme transporteur de valeur, Énergie nécessaire pour extraire l'or, Scarcité de l'or et sa valeur comme preuve du travail, Nick Zabo et le",38.0,"""Les Niveaux de Développement Technologique des Civilisations selon Kardachev"""
7f921dc66be37e7e60e39fb0ddd21bcf,energie,2.  minage de bitcoin : quelle utilisation d'energie ? comparee a quoi ?,https://www.youtube.com/watch?v=8eUWm08OXsw, comment bitcoin change societe,"Nicolas Cantu, le fondateur de Forren Key, a ouvert une conférence sur l'énergie et les layers. Il remercie les participants pour leur présence matinale et se prépare à discuter de divers sujets liés à son parcours passé.","Nicolas Cantu, fondateur de Forren Key, L'énergie et les layers dans l'architecture, Besoins et contraintes dans la construction d'architectures, Résilience et résilience monétaire, Structuration des couches d'architecture, Production, distribution, circulation et formats dans les réseaux, Sécurité et chiffrement dans la monnaie et Internet, Dépense énergétique liée à la sécurité",32.0,"""Conférence sur l'énergie et les layers : Nicolas Cantu partage son parcours"""
8de5a65bbd73b0ac32e0abadd6da9bd1,energie,"3.  vertus economiques, sociales, environnementales du minage",https://www.youtube.com/watch?v=OlLAmKzOTlU, comment bitcoin change societe,Preston Pysh accueille Shaun Connell sur son émission après l'avoir vu parler de manière passionnée en ligne. Shaun exprime sa gratitude pour l'invitation et montre son enthousiasme pour l'émission.,"Preston Pysh et Shaun Connell, Background professionnel de Shaun Connell dans l'énergie, Début de la dérégulation des marchés de l'énergie, Trading d'énergie et marketing, Introduction au Bitcoin en 2017, Comparaison entre le trading d'énergie et le minage de Bitcoin, Efficiences des mineurs et production d'exahashes, Évolution des marchés de l'énergie et du Bitcoin, Narratif du Bitcoin comme ""or numérique"", Coût d'achat et de minage du Bitcoin",73.0,"""Rencontre Passionnée: Preston Pysh invite Shaun Connell sur son émission"""
463acbc067e99ca4d93a196b094553ed,energie,4. d'une pierre deux coups : se chauffer en minant bitcoin,https://www.youtube.com/watch?v=XoRnwviMGvE, comment bitcoin change societe,"La chaîne Coupes Deadline a récemment interviewé Alexandre de Wise Mining sur le coût de minage et l'écologie. Alexandre est cofondateur de Sato, une solution de minage à domicile liée à une chaudière, permettant ainsi de produire des bitcoins tout en chauffant une maison.","Minage de Bitcoin, Solution Sato, Écologie, Coût de minage, Solutions techniques, Travail des mineurs, Récompenses en Bitcoin, Processus de validation des blocs, Énergie et machines nécessaires, Création monétaire, Business model des mineurs, Anonymat des mineurs, Fonctionnement du minage à domicile",106.0,"""Entretien avec Alexandre de Wise Mining: Minage de bitcoins écologique à domicile"""
f561b30f8fb219d667c3ca4481c7e228,energie,4. d'une pierre deux coups : se chauffer en minant bitcoin,https://www.youtube.com/watch?v=gKoh44UCSnE, comment bitcoin change societe,"Un individu nommé ajlex âgel'ex BTC sur Twitter parle de l'exploitation minière de cryptomonnaies à domicile en utilisant la chaleur produite par les appareils pour résoudre les problèmes potentiels. Ils présentent une nouvelle approche exploratoire sur ce sujet, dénommée blobonchaine, discutant de l'exploitation minière et de la réutilisation de la chaleur des appareils.","Mining de cryptomonnaie, Réutilisation de la chaleur produite, Initiative ""Attaquai"" pour l'exploitation minière, Fabrications et modifications d'Asics, Intérêt de se chauffer avec du minage, Centralisation du hash rate dans Bitcoin, Décentralisation potentielle avec le chauffage minier, Rentabilité économique du chauffage avec un mineur, Logiciel Brain the OS pour la gestion du mineur, Contrôle de la consommation et de la puissance du mineur, Réduction du bruit en ajustant la vitesse du ventilateur, Utilisation de capteurs pour réguler",36.0,"""Exploitation minière de cryptomonnaies à domicile : Réutilisation de la chaleur pour résoudre les problèmes - Appro"
45fcea034cd0bdb3e40ac502afba004c,energie,"3.  vertus economiques, sociales, environnementales du minage",https://medium.com/@nic__carter/comments-on-the-white-house-report-on-the-climate-implications-of-crypto-mining-8d65d30ec942, comment bitcoin change societe,Un rapport commenté sur les implications climatiques du minage de crypto-monnaies par la Maison Blanche a été publié par Nic Carter sur Medium. Le rapport a été réalisé dans le cadre d'un décret du président Biden et examine les impacts climatiques du minage de crypto-monnaies.,"Rapport de la Maison Blanche sur les implications climatiques du minage de crypto, Examen critique du rapport de la Maison Blanche, Points positifs du rapport OSTP, Faiblesses générales du rapport, Manque de nouvelles données, Impacts du minage de crypto sur le climat, Difficultés du minage de crypto face aux énergies renouvelables, Utilisation de sources contestées dans le rapport, Recommandations du rapport OSTP, Absence d'études de cas dans le rapport, Critiques sur les conclusions du rapport, Débats autour de PoW et PoS, Participation des mineurs",,"""Analyse des impacts climatiques du minage de crypto-monnaies par la Maison Blanche"""
38b6ae0e0c20e85ba5268616418e675a,energie,"3.  vertus economiques, sociales, environnementales du minage",https://braiins.com/blog/bitcoin-mining-the-grid-generators, comment bitcoin change societe,Le texte parle de l'extraction de Bitcoin et de son impact sur le réseau électrique. Il aborde spécifiquement le rôle des générateurs dans ce processus.,"Bitcoin Mining & The Grid: Generators, Bitcoin mining algorithm, Global distribution of hashrate, Business models in mining, Bitcoin mining and the grid, Electric grids, Relationship between mining and energy infrastructure, Introduction to grids, Operation of generators, Power system components: sources, paths, and sinks, Role of grid operators, Economic and reliable operation of the grid, Power generation sources, Traditional and renewable sources, Energy storage technology",,"""Extraction de Bitcoin : Impact des Générateurs sur le Réseau Électrique"""
3fe4f24b5fe367a40caa3a4d036e7119,energie,"3.  vertus economiques, sociales, environnementales du minage",https://braiins.com/blog/bitcoin-mining-electric-grid-transmission-curtailment-behind-the-meter, comment bitcoin change societe,"Le texte aborde la deuxième partie de l'article sur le minage de Bitcoin et le réseau électrique, en se concentrant sur la transmission, la limitation et les installations derrière le compteur.","Bitcoin Mining & The Grid (Part 2), Transmission lines, Substations, Voltage levels, Grid operator (ERCOT), Power pathways, Switching stations, Voltage transformation, High voltage transmission network, Voltage levels standardization, Tower types",,"""Transmission et Limitation : L'Impact du Minage de Bitcoin sur le Réseau Électrique"""
c21e28afd261eb9175de30966751caf8,energie,"3.  vertus economiques, sociales, environnementales du minage",https://europeanbitcoiners.com/bitcoin-peut-liberer-lenergie-de-locean/, comment bitcoin change societe,Le texte discute de la façon dont le Bitcoin pourrait libérer l'énergie de l'océan pour un milliard de personnes.,"Bitcoin, Énergie thermique des océans (OTEC), Conversion de l'énergie, Moteur thermique, Eau de surface et eau de mer, Mineurs ASIC, Électricité, Jacques Arsène d'Arsonval, Cycle de Rankine, Différence de température, Ammoniac, Turbine, Électricité propre et continue, Refroidissement gratuit, Georges Claude",,"""Libération énergétique des océans grâce au Bitcoin : Un potentiel pour un milliard de personnes"""
96944576bb87abff830b4af920bad74c,energie,4. d'une pierre deux coups : se chauffer en minant bitcoin,https://decouvrebitcoin.fr/attakai-presentation/, comment bitcoin change societe,"Le texte parle de la présentation d'Attaka√Ø, un site traitant de sujets liés au Bitcoin, tels que l'apprentissage, les portefeuilles, la sécurité, le Lightning Network, l'écologie, l'achat de bitcoins, l'aspect juridique, Bitcoin en art, et d'autres thèmes connexes. Attaka√Ø met en avant le home-mining accessible et possible.","AttakaØ, Bitcoin, Minage, Chaleur, Radiateurs, ASIC, Énergie, Calculs, Serveurs, Chauffage, Économie, Hashrate, Récompenses, Électricité, Concurrence, Rentabilité",13.0,"""Découvrez Attaka√Ø : Votre Guide Complet sur le Bitcoin et le Home-Mining"""
