id,title,subtitle,links,quadrant,summary,descriptions,time_min,titles
4446dbc39738267d8ccb27f77d27aa01,faire tourner son noeud,contribuer activement au reseau,https://bitcoiner.guide/node/, comment j'utilise bitcoin,"Un nœud Bitcoin est un ordinateur exécutant le logiciel Bitcoin, représentant votre propre version de la blockchain et des règles Bitcoin. Il agit comme votre passerelle personnelle vers l'écosystème Bitcoin en diffusant des transactions, vérifiant leur légitimité, et en préservant votre confidentialité.","Node.Guide, Bitcoiner.Guide, Support 1-on-1, Contributions, Voting, Identifiers, Podcasts, Contact, Search, Node as a computer running Bitcoin software, Node as gateway to Bitcoin ecosystem, Transactions broadcasting and verification, Privacy maintenance, Protection from bad actors, Network decentralization, Importance of owning a node, Trust in own node vs. third-party nodes, Considerations for choosing a node, Types of nodes: Bitcoin Core, Plug + Play, DIY, Other, Various node projects, Building own node, Hardware and software compatibility, Community and support levels, Active development of node projects",,"""Comprendre le rôle essentiel d'un nœud Bitcoin"""
8360ceaf016008a4a3381af0bd880d85,faire tourner son noeud,contribuer activement au reseau,https://agora256.com/configuration-tor-bitcoin-core/, comment j'utilise bitcoin,"L'article aborde la configuration de Tor pour un nœud Bitcoin Core, soulignant l'importance de vérifier les fichiers d'installation via les clés PGP, d'installer l'interface graphique Bitcoin Core (Bitcoin-Qt) et de démarrer le logiciel.","Configuration d'un nœud Bitcoin Core avec Tor, Installation et configuration de Tor, Utilisation de Tor pour optimiser la confidentialité des interactions avec le réseau Bitcoin, Configuration avancée de Tor pour Bitcoin Core, Utilisation du réseau Tor pour les connexions entrantes et sortantes, Risques d'attaque Sybil et recommandations, Utilisation de Bitcoin Core avec le réseau Tor uniquement",6.0,"""Configurer Tor pour un nœud Bitcoin Core : Guide étape par étape"""
b24ba96a84b7caa721dfaa93294c10a7,faire tourner son noeud,utiliser lightning sur son propre noeud,https://asi0.substack.com/p/experiences-sur-les-frais-de-routage, comment j'utilise bitcoin,Le texte discute des expériences sur les frais de routage du Lightning Network et examine l'impact des différentes politiques de frais sur le routage d'un nœud Bitcoin Lightning.,"Expériences sur les frais de routage du Lightning Network, Configuration des nœuds Lightning Network (C-Lightning, Umbrel), Gestion des canaux de paiement, Politiques de frais de routage, Objectif du Lightning Network, Augmentation des frais de routage, Stabilité du Lightning Network, Utilisation quotidienne du Lightning Network, Incitations économiques pour les nœuds de routage, Encouragement des nouveaux utilisateurs, Éviter la cupidité excessive",29.0,"""Analyse des politiques de frais du Lightning Network : Impact sur le routage Bitcoin"""
fe8638c3cd7bfd29bf8fc9ae196d2296,faire tourner son noeud,utiliser lightning sur son propre noeud,https://asi0.substack.com/p/echanges-sous-marin-entre-le-reseau, comment j'utilise bitcoin,"Le texte discute des échanges sous-marins entre le réseau Bitcoin et Lightning, se concentrant sur le transfert de sats entre les canaux LN et les portefeuilles on-chain.","Submarine swaps, Réseau Bitcoin, Lightning Network, Liquidité, Canaux LN, Loop in / Loop out, Boltz et Loop, RTL et ThunderHub, LNbits, CoinOS.io, Réseau Liquid, Anonymat, VPN, Facture LN, LNURL-pay",15.0,"""Transfert de sats: Échanges sous-marins entre Bitcoin et Lightning"""
fe8638c3cd7bfd29bf8fc9ae196d2296,faire tourner son noeud,utiliser lightning sur son propre noeud,https://asi0.substack.com/p/echanges-sous-marin-entre-le-reseau, comment j'utilise bitcoin,"Le texte discute des échanges sous-marins entre le réseau Bitcoin et Lightning, se concentrant sur le transfert de sats entre les canaux LN et les portefeuilles on-chain.","Submarine swaps, Réseau Bitcoin, Lightning Network, Liquidité, Canaux LN, Loop in / Loop out, Boltz et Loop, RTL et ThunderHub, LNbits, CoinOS.io, Réseau Liquid, Anonymat, VPN, Facture LN, LNURL-pay",15.0,"""Transfert de sats: Échanges sous-marins entre Bitcoin et Lightning"""
b5b4f40ac4cd472c533b3e13f8d9c67f,faire tourner son noeud,utiliser lightning sur son propre noeud,https://asi0.substack.com/p/des-banques-privees-sur-le-reseau, comment j'utilise bitcoin,"Le texte discute de la gestion d'un nœud de routage Bitcoin LN pour assurer une utilisation plus privée, en créant une ""banque LN communautaire"" pour soi-même, ses amis et sa famille.","1. Réseau Lightning, 2. Gestion des nœuds de routage Bitcoin LN, 3. Banque LN communautaire, 4. Adoption de Bitcoin, 5. Bitcoinomie circulaire, 6. Cas d'utilisation en Bitcoin, 7. Fonctionnement du Bitcoin Lightning Network (LN), 8. Nœud LN, 9. Liquidité, 10. Confidentialité et anonymat des transactions, 11. Responsabilité des fonds, 12. Service de liquidité de qualité, 13. Gestion des canaux Lightning, 14. Maintenance matérielle et logicielle, 15. Banque privée sur le réseau Lightning, 16. Aspect semi-custodial, 17. Configuration pour une banque familiale",35.0,"""Optimisation de la confidentialité Bitcoin LN avec une banque communautaire"""
