id,title,subtitle,links,quadrant,summary,descriptions,time_min,titles
a07aacf08800d3ad7a4e1720aca8bed7,nutrition & sante,examen critique des approches de sante et nutrition fiat,https://www.youtube.com/watch?v=42G42lKhs0Q, comment bitcoin change societe,"Andy Schoonover, PDG de CrowdHealth, discute de son expérience dans le secteur de la santé, de la manière dont il cherche à réformer le système défaillant et de l'utilisation potentielle de Bitcoin pour améliorer les économies et transformer l'industrie de l'assurance santé.","Bitcoin, Impact on society, CrowdHealth, Healthcare system, Savings, Health insurance industry, Family dynamics during pandemic, Personal challenges, Faith, Resilience, Loss, Business background, Health care space, Stanford, Silicon Valley, Startup, Search fund, Company acquisition, Dayton, Ohio",66,"""Réforme du Système de Santé: CrowdHealth, Bitcoin, et l'Avenir de l'Assurance Santé"""
a2cb716ba5938e9fbd878b8092a31c7c,nutrition & sante,degradation des habitudes alimentaires,https://www.youtube.com/watch?v=UHANGHWqE7A&list=PL_nQ8kZARIe01xBNJTi2YujKSXCJQ_Sf4&index=28, comment bitcoin change societe,"Le podcast ""The Bitcoin Standard"" de Safedeen propose des séminaires provenant de safedeen.com, une plateforme d'apprentissage en ligne. Les membres peuvent accéder en avant-première à ses travaux et suivre des cours sur le bitcoin et l'économie autrichienne. Des extraits de ses prochains ouvrages sont disponibles, notamment ""The Fiat Standard"" et ""Principles of Economics"". Rejoindre 17.com permet également de participer à des séminaires réguliers présentés dans le podcast.","Bitcoin et économie autrichienne, Bitmax et son exchange, Coinbits pour acheter du Bitcoin, Podcast ""The Bitcoin Standard"", Invité: Dr. Benjamin Bickman, Insuline et métabolisme des nutriments, Régulation de l'obésité, du diabète et de la démence, Livre ""Why We Get Sick"", Origine commune des maladies: résistance à l'insuline",NAN,"""Le Podcast Éducatif sur le Bitcoin et l'Économie Autrichienne de Safedeen"""
57a9878d2a42aa0dbafed3241705829d,nutrition & sante,degradation des habitudes alimentaires,https://www.youtube.com/watch?v=BjiEf_LvNRA&list=PL_nQ8kZARIe01xBNJTi2YujKSXCJQ_Sf4&index=19, comment bitcoin change societe,"Le podcast ""Bitcoin standard"" de safedean.com offre des séminaires sur le bitcoin et l'économie autrichienne. Les membres bénéficient d'un accès anticipé au prochain livre ""Fiat standard"" et à des chapitres du manuel ""Principes d'économie"". Rejoignez 17.com pour participer aux séminaires réguliers.","Bitcoin et économie autrichienne, Bitmex et Bitmax, Coinbits, Dr. Malcolm Kendrick et ses travaux sur le cholestérol et les maladies cardiaques, Le livre ""The Great Cholesterol Con"", Différences d'opinions sur le cholestérol dans le domaine scientifique",NAN,"""Séminaires sur le Bitcoin et l'économie autrichienne : Offre exclusive de safedean.com et 17.com"""
9ae88b422d40099b8c761e40c2c50679,nutrition & sante,retour aux fondamentaux - ne te fie pas : verifie !,https://www.youtube.com/watch?v=7_0nopuEN3k&list=PL_nQ8kZARIe01xBNJTi2YujKSXCJQ_Sf4&index=47, comment bitcoin change societe,"Bienvenue sur le podcast The Bitcoin Standard de Safety Diamonds, qui présente des séminaires issus de safedeen.com, une plateforme d'apprentissage en ligne et de publication. Vous pouvez être le premier à lire ses travaux et à suivre des cours en ligne sur le bitcoin et l'économie autrichienne. Les membres ont accès au brouillon de son prochain livre ""The Fiat Standard"" et reçoivent des chapitres de son futur manuel ""Principes d'économie"". Rejoignez safety.com pour participer aux séminaires réguliers et écouter le podcast.","Bitcoin et économie autrichienne, BitMEX et ses nouveaux produits, CoinBits : application d'épargne en Bitcoin, Dr. Kate Shanahan et nutrition, Livres de Dr. Shanahan sur la nutrition, Importance à long terme de la nutrition, Rôle de la nutrition dans la santé humaine, Approche révolutionnaire de la nutrition, Lien entre nutrition et santé future",NAN,"""Exploration du Bitcoin et de l'économie autrichienne avec Safety Diamonds"""
73cf08990a8df43cf291f18fa582b66b,nutrition & sante,retour aux fondamentaux - ne te fie pas : verifie !,https://www.youtube.com/watch?v=UHANGHWqE7A&list=PL_nQ8kZARIe01xBNJTi2YujKSXCJQ_Sf4&index=28, comment bitcoin change societe,"Le podcast ""The Bitcoin Standard"" de Safedeen.com offre des séminaires sur le bitcoin et l'économie autrichienne. Les membres ont accès aux ébauches de ses prochains livres ""The Fiat Standard"" et ""Principles of Economics"". Rejoignez 17.com pour participer aux séminaires réguliers mentionnés dans le podcast.","Podcast ""The Bitcoin Standard"", Cours en ligne sur le bitcoin et l'économie autrichienne, Livre à venir ""The Fiat Standard"", Principes d'économie, Séminaires réguliers, BitMax spot exchange, Coinbits: application pour acheter du bitcoin, Invité du séminaire : Dr. Benjamin Bickman, Rôle de l'insuline dans les maladies, Livre ""Why We Get Sick"" par Dr. Bickman, Origine commune des maladies chroniques: résistance à l'insuline",NAN,"""Les séminaires exclusifs sur le bitcoin et l'économie autrichienne de Safedeen.com"""
97039d914fa28f4d3036ade2e43b4e06,nutrition & sante,retour aux fondamentaux - ne te fie pas : verifie !,https://www.youtube.com/watch?v=jvYq0qVmY-M, comment bitcoin change societe,"Rickstar et l'interlocuteur discutent d'un podcast qui est l'un des trois meilleurs qu'ils aient écoutés. L'interlocuteur a passé plus de temps à écouter des podcasts qu'à travailler dans l'ingénierie, ce qui l'a surpris.","Podcasts, Bitcoin, Rabbit hole journey, Technical and philosophical aspects, Behavioral impact, Lifestyle changes, Bitcoiners' transformations, Questioning self, Transition from Fiat self to Bitcoin self, Personal journey and growth, Depression and mental health",108,"""Discussion Sur Les Meilleurs Podcasts: Un Surprenant Aveu"""
0419bce45b6109045184ac2c29fbc86e,nutrition & sante,retour aux fondamentaux - ne te fie pas : verifie !,https://www.youtube.com/watch?v=C1sEHNw4UIg, comment bitcoin change societe,"Jordan B. Peterson, a polymath, has taught mythology to various professionals and consulted for the U.N. secretary general. He is a guest on the Tim Ferriss Show, where Tim normally deconstructs world-class performers from different disciplines.","Tim Ferriss, Jordan B. Peterson, Polymath, Teaching and consulting, Published works, Personality assessment, Self-authoring program, Sandy Notley, Influence on Jordan Peterson, Recommended books, Early book influences, Huxley, Orwell, Solzhenitsyn, Rachel Notley, Premier of Alberta",80,"""Jordan B. Peterson: Un Polymathe Enseignant la Mythologie et Consultant pour le Secrétaire Général de l'ON"
db86cc6faeb213a1640ba7fabf67fad8,nutrition & sante,examen critique des approches de sante et nutrition fiat,https://open.spotify.com/episode/1yheXK7JMj0k33PHdUNPsp?si=pmB_c2sNTBORF5EFc38Ofg&nd=1, comment bitcoin change societe,"Le podcast ""Death in The Garden"" présente une entrevue avec Frédéric Leroy, professeur de sciences de l'alimentation et de biotechnologie à l'Université de Bruxelles. Leroy discute de la science, de la politique et de l'économie entourant le discours anti-viande. Il est également président de l'Association belge des sciences et technologies de la viande.","Discours anti-viande, Science, politique et économie, Alimentation et biotechnologie, Campagnes de diabolisation de la consommation de viande, Corportisation du système alimentaire, Maladies chroniques, Science nutritionnelle biaisée, Indicateurs biologiques de la consommation de viande, Séparation des animaux des méthodes industrielles, Abus des droits des animaux, Le Grand Reset, Transformation vers des aliments produits en usine, Expansion des ""zones protégées"", Analyse scientifique, Réglementations contre la cruauté envers les animaux, -",,"""La Science derrière le Discours Anti-Viande : Entrevue avec Frédéric Leroy"""
e3d74469360a428a2b92c758d90ac21c,nutrition & sante,degradation des habitudes alimentaires,https://fountain.fm/episode/9Zzn96wkxdvBaRvIKqrh, comment bitcoin change societe,"Dr Anthony Jay est l'invité d'aujourd'hui sur le podcast ""Once Bitten! A Bitcoin Podcast"", discutant de son livre ""Estrogeneration"" qui explore comment les œstrogènes peuvent contribuer à la prise de poids, aux problèmes de santé et à l'infertilité.","Podcast sur le Bitcoin avec Dr Anthony Jay, Estrogeneration : comment les œstrogènes vous rendent obèse, malade et infertile, Effets des œstrogènes dans l'alimentation sur la santé mentale et physique, Controverse autour du soja et de la consommation humaine, Impact des œstrogènes sur le corps et la santé mentale, Raisons derrière le rejet de Dr Jay par la communauté végétarienne / végane, Motifs du choix de l'enseignement à domicile pour ses enfants, Démission de Dr Jay face aux exigences de vaccination anti-Covid",,"""Exploration des effets des œstrogènes sur la santé avec Dr Anthony Jay"""
