id,title,subtitle,links,quadrant,summary,descriptions,time_min,titles
e325d6c3d2eff1903c6830a9fcc10de4,politique,"bitcoin : securite  violence, et guerre",https://www.youtube.com/watch?v=ZLj7xn47qOg, comment bitcoin change societe,"Le texte aborde la discussion sur Bitcoin et la violence, mentionnant l'évolution du langage utilisé pour parler du sujet. L'auteur exprime sa joie d'être présent malgré un retard, soulignant le débat suscité sur Twitter autour du thème. La pertinence du terme ""violence"" est remise en question, marquant un changement dans la façon dont le sujet est abordé.","Bitcoin, Violence, Military perspective, Physical cost, National security, Power projection, Cryptography, Hash rate, Cybersecurity, Second Amendment, Digital violence, Benefit to cost ratio, Power dynamics, History of power projection, War in agrarian society",209.0,"""Bitcoin, Violence et Évolution du Langage : Un Débat Twitter en Question"""
f523d12988009a7a854da8ecf82b50ab,politique,"bitcoin : securite  violence, et guerre",https://www.youtube.com/watch?v=wRxc7uUqAyE, comment bitcoin change societe,"Jason Lowry, an officer in the U.S. Space Force and astronautical engineer, discusses the national strategic implications of Bitcoin on the ""What is Money Show."" He has gained popularity in the Bitcoin Twitter community and is studying this topic at MIT.","Bitcoin, Jason Lowry, U.S Space Force, Bitcoin Twitter, MIT, Physics, First principles, Value of Bitcoin, Theory of warfare, Civilization adopting Bitcoin, Supply-capped money, Mathematics in physics, Economics, Engineering, Paul Kruger, Inflation, Human landing on the moon",86.0,"""Les Implications Stratégiques Nationales de Bitcoin: Entretien avec Jason Lowry de l'U.S. Space Force et de MIT"
b7b225d5bbaedaa7183f75fd4d8911c7,politique,"bitcoin : securite  violence, et guerre",https://www.youtube.com/watch?v=ikPnr23h7qg, comment bitcoin change societe,"L'émission présente Preston Pysh et Jason Lowery, qui discutent des droits de propriété et des principes fondamentaux. Jason exprime son admiration pour Preston, et ce dernier se dit honoré. La discussion commence sur les premiers principes, inspirée par Jeff Booth.","Droits de propriété, Émergence des droits de propriété, Gestion des ressources internes, Autorité de contrôle sur les ressources, Résolution des litiges liés aux droits de propriété, Consensus sur l'état légitime de propriété, Protocole de preuve de puissance, Sélection naturelle, Protocoles pour établir le consensus, Évolution des protocoles, Conflits de propriété, Concurrence physique, Protocole de preuve de puissance, Ère paléolithique et néolithique, Guerre à grande échelle, Philosoph",133.0,"""Exploration des Droits de Propriété et Principes Fondamentaux avec Preston Pysh et Jason Lowery"""
6eb1eae1134f748aaa67145ae0301d3e,politique,bitcoin : aspiration et positionnement  politique,https://www.anatomystatefilm.com/, comment bitcoin change societe,"Résumé: Le texte mentionne un film intitulé ""Anatomy of the State"" basé sur le livre de Murray Rothbard, ainsi qu'une autre production intitulée ""Hard Money"".","Anatomie de l'État, Murray Rothbard, Film, Livre, 'Hard Money', Objectif, Concepts clés",0.0,"""Exploration cinématographique : ""Anatomy of the State"" et ""Hard Money"""""
84602632fa5d8cf01b7fc41fe66c9384,politique,bitcoin : aspiration et positionnement  politique,https://nakamotoinstitute.org/banking-nation-states-and-international-politics/, comment bitcoin change societe,"Le texte discute de la relation entre la banque, les États nations et la politique internationale dans l'ordre économique actuel. Il met en avant la théorie de l'intérêt personnel étroit pour expliquer l'émergence du troc.","Barter, Money, Self-interest, Division of labor, Commodity selection, Gold as money, Economic integration, Wealth maximization, Market expansion, National currencies, Global market, Productive energies, Capital formation",,"""La Banque, les États et la Politique Internationale : L'Influence de l'Intérêt Personnel Étroit"
