id,title,subtitle,links,quadrant,summary,descriptions,time_min,titles
5836d43654206c4adcd1949798db00fd,reseau lightning,1.  fonctionnement du lightning network,https://www.youtube.com/watch?v=1Q_uoID-BDY, comment bitcoin change societe,"Le texte discute d'une interview où la personne mentionne qu'elle n'était pas en France depuis l'âge de 15 ans, mais qu'elle peut comprendre le français. L'interview se déroule sur la chaîne GAC GSAwelcome in France et la personne exprime sa joie d'être là pour la première fois en 20 ans.","GAC GSA, Channel ""Welcome in France"", Lightning Network, Bitcoin scaling issues, Creation of Lightning Network idea, Collaboration with Joseph Poon, Development process of Lightning Network, Release of Lightning Network white paper, Involvement in Lightning Network development, Transition to working on discrete log contracts and Nutri XO, Current involvement with Lightning Network at Lightspark, Evaluation of Lightning Network's current state, Initial expectations for Lightning Network, Lightning Network's application in exchanges",47,"""Émotion d'une première visite en France après 20 ans : une interview inspirante sur GAC GSAwelcome in France"""
5836d43654206c4adcd1949798db00fd,reseau lightning,1.  fonctionnement du lightning network,https://www.youtube.com/watch?v=1Q_uoID-BDY, comment bitcoin change societe,"Le texte discute d'une interview où la personne mentionne qu'elle n'était pas en France depuis l'âge de 15 ans, mais qu'elle peut comprendre le français. L'interview se déroule sur la chaîne GAC GSAwelcome in France et la personne exprime sa joie d'être là pour la première fois en 20 ans.","GAC GSA, Channel ""Welcome in France"", Lightning Network, Bitcoin scaling issues, Creation of Lightning Network idea, Collaboration with Joseph Poon, Development process of Lightning Network, Release of Lightning Network white paper, Involvement in Lightning Network development, Transition to working on discrete log contracts and Nutri XO, Current involvement with Lightning Network at Lightspark, Evaluation of Lightning Network's current state, Initial expectations for Lightning Network, Lightning Network's application in exchanges",47,"""Émotion d'une première visite en France après 20 ans : une interview inspirante sur GAC GSAwelcome in France"""
5836d43654206c4adcd1949798db00fd,reseau lightning,1.  fonctionnement du lightning network,https://www.youtube.com/watch?v=1Q_uoID-BDY, comment bitcoin change societe,"Le texte discute d'une interview où la personne mentionne qu'elle n'était pas en France depuis l'âge de 15 ans, mais qu'elle peut comprendre le français. L'interview se déroule sur la chaîne GAC GSAwelcome in France et la personne exprime sa joie d'être là pour la première fois en 20 ans.","GAC GSA, Channel ""Welcome in France"", Lightning Network, Bitcoin scaling issues, Creation of Lightning Network idea, Collaboration with Joseph Poon, Development process of Lightning Network, Release of Lightning Network white paper, Involvement in Lightning Network development, Transition to working on discrete log contracts and Nutri XO, Current involvement with Lightning Network at Lightspark, Evaluation of Lightning Network's current state, Initial expectations for Lightning Network, Lightning Network's application in exchanges",47,"""Émotion d'une première visite en France après 20 ans : une interview inspirante sur GAC GSAwelcome in France"""
5836d43654206c4adcd1949798db00fd,reseau lightning,1.  fonctionnement du lightning network,https://www.youtube.com/watch?v=1Q_uoID-BDY, comment bitcoin change societe,"Le texte discute d'une interview où la personne mentionne qu'elle n'était pas en France depuis l'âge de 15 ans, mais qu'elle peut comprendre le français. L'interview se déroule sur la chaîne GAC GSAwelcome in France et la personne exprime sa joie d'être là pour la première fois en 20 ans.","GAC GSA, Channel ""Welcome in France"", Lightning Network, Bitcoin scaling issues, Creation of Lightning Network idea, Collaboration with Joseph Poon, Development process of Lightning Network, Release of Lightning Network white paper, Involvement in Lightning Network development, Transition to working on discrete log contracts and Nutri XO, Current involvement with Lightning Network at Lightspark, Evaluation of Lightning Network's current state, Initial expectations for Lightning Network, Lightning Network's application in exchanges",47,"""Émotion d'une première visite en France après 20 ans : une interview inspirante sur GAC GSAwelcome in France"""
87bea8fbaf4c2de15d61b7c2ae1fd3f9,reseau lightning,1.  fonctionnement du lightning network,https://www.youtube.com/watch?v=lMWQrImbQiM, comment bitcoin change societe,La présentation évoque l'enthousiasme pour Bitcoin et aborde les récents travaux de l'orateur au cours de la dernière décennie. Le discours sera donné en anglais avec quelques parties en français.,"Bitcoin, Lightning Network, Discrete Log Contracts, U3xo, Scalability, Programmability, Privacy, Usability, Challenges in Bitcoin, Solutions: Lightning Network, Discrete Log Contracts, U3xo",46,"""Bitcoin: Enthousiasme et Travaux Récents de l'Orateur"""
5836d43654206c4adcd1949798db00fd,reseau lightning,1.  fonctionnement du lightning network,https://www.youtube.com/watch?v=1Q_uoID-BDY, comment bitcoin change societe,"Le texte discute d'une interview où la personne mentionne qu'elle n'était pas en France depuis l'âge de 15 ans, mais qu'elle peut comprendre le français. L'interview se déroule sur la chaîne GAC GSAwelcome in France et la personne exprime sa joie d'être là pour la première fois en 20 ans.","GAC GSA, Channel ""Welcome in France"", Lightning Network, Bitcoin scaling issues, Creation of Lightning Network idea, Collaboration with Joseph Poon, Development process of Lightning Network, Release of Lightning Network white paper, Involvement in Lightning Network development, Transition to working on discrete log contracts and Nutri XO, Current involvement with Lightning Network at Lightspark, Evaluation of Lightning Network's current state, Initial expectations for Lightning Network, Lightning Network's application in exchanges",47,"""Émotion d'une première visite en France après 20 ans : une interview inspirante sur GAC GSAwelcome in France"""
5836d43654206c4adcd1949798db00fd,reseau lightning,1.  fonctionnement du lightning network,https://www.youtube.com/watch?v=1Q_uoID-BDY, comment bitcoin change societe,"Le texte discute d'une interview où la personne mentionne qu'elle n'était pas en France depuis l'âge de 15 ans, mais qu'elle peut comprendre le français. L'interview se déroule sur la chaîne GAC GSAwelcome in France et la personne exprime sa joie d'être là pour la première fois en 20 ans.","GAC GSA, Channel ""Welcome in France"", Lightning Network, Bitcoin scaling issues, Creation of Lightning Network idea, Collaboration with Joseph Poon, Development process of Lightning Network, Release of Lightning Network white paper, Involvement in Lightning Network development, Transition to working on discrete log contracts and Nutri XO, Current involvement with Lightning Network at Lightspark, Evaluation of Lightning Network's current state, Initial expectations for Lightning Network, Lightning Network's application in exchanges",47,"""Émotion d'une première visite en France après 20 ans : une interview inspirante sur GAC GSAwelcome in France"""
5836d43654206c4adcd1949798db00fd,reseau lightning,1.  fonctionnement du lightning network,https://www.youtube.com/watch?v=1Q_uoID-BDY, comment bitcoin change societe,"Le texte discute d'une interview où la personne mentionne qu'elle n'était pas en France depuis l'âge de 15 ans, mais qu'elle peut comprendre le français. L'interview se déroule sur la chaîne GAC GSAwelcome in France et la personne exprime sa joie d'être là pour la première fois en 20 ans.","GAC GSA, Channel ""Welcome in France"", Lightning Network, Bitcoin scaling issues, Creation of Lightning Network idea, Collaboration with Joseph Poon, Development process of Lightning Network, Release of Lightning Network white paper, Involvement in Lightning Network development, Transition to working on discrete log contracts and Nutri XO, Current involvement with Lightning Network at Lightspark, Evaluation of Lightning Network's current state, Initial expectations for Lightning Network, Lightning Network's application in exchanges",47,"""Émotion d'une première visite en France après 20 ans : une interview inspirante sur GAC GSAwelcome in France"""
5836d43654206c4adcd1949798db00fd,reseau lightning,1.  fonctionnement du lightning network,https://www.youtube.com/watch?v=1Q_uoID-BDY, comment bitcoin change societe,"Le texte discute d'une interview où la personne mentionne qu'elle n'était pas en France depuis l'âge de 15 ans, mais qu'elle peut comprendre le français. L'interview se déroule sur la chaîne GAC GSAwelcome in France et la personne exprime sa joie d'être là pour la première fois en 20 ans.","GAC GSA, Channel ""Welcome in France"", Lightning Network, Bitcoin scaling issues, Creation of Lightning Network idea, Collaboration with Joseph Poon, Development process of Lightning Network, Release of Lightning Network white paper, Involvement in Lightning Network development, Transition to working on discrete log contracts and Nutri XO, Current involvement with Lightning Network at Lightspark, Evaluation of Lightning Network's current state, Initial expectations for Lightning Network, Lightning Network's application in exchanges",47,"""Émotion d'une première visite en France après 20 ans : une interview inspirante sur GAC GSAwelcome in France"""
c3f16bb0ab4bf24a41a67130c3d9d28d,reseau lightning,1.  fonctionnement du lightning network,https://www.youtube.com/watch?v=Zg2zLynsoCQ, comment bitcoin change societe,"La table ronde discute de la beauté de Bitcoin, soulignant son aspect inclusif permettant à tout le monde de contribuer à son amélioration, notamment sur le plan technique.","Table ronde sur Bitcoin, Inclusivité dans les contributions techniques, Méritocratie de la contribution à Bitcoin, Les 21h (mainteneurs) dans les projets open source, Responsabilités des mainteneurs dans Bitcoin Core, Processus de contribution à Bitcoin sur GitHub, Importance de la relecture du code proposé, Travail des contributeurs à vérifier et évaluer les contributions",51,"""Bitcoin : Une Beauté Inclusive et Collaborative"""
cd7b958460ed6568785edaef9610b123,reseau lightning,1.  fonctionnement du lightning network,https://docs.lightning.engineering/, comment bitcoin change societe,"Le Guide du Constructeur pour la Galaxie LND présente des informations sur le Lightning Network, les canaux de paiement, le réseau de rumeurs, la recherche de chemin, les factures du Lightning Network, les paiements, la liquidité, le protocole Lightning HTTP 402, les actifs Taproot, les outils du Lightning Network, LND, Lightning Terminal, Loop, Pool, Aperture, Faraday, LAPPs, et fournit des ressources communautaires et une liste de ressources.","Guide du constructeur de la Galaxie LND, Réseau Lightning, Canaux de paiement, Réseau de rumeurs, Recherche de chemin, Factures du réseau Lightning, Effectuer des paiements, Liquidité, Protocole Lightning HTTP 402, Actifs Taproot, Outils du réseau Lightning, LND, Terminal Lightning, Loop, Pool, Actifs Taproot, Aperture, Faraday, LAPPs, Guides, Ressources communautaires, Liste de ressources, Glossaire",2,"""Guide complet du Lightning Network et des outils LND pour la Galaxie LND"""
