id,title,subtitle,links,quadrant,summary,descriptions,time_min,titles
1493b5349c8a56fa000327dc410f792f,science & recherche,2.  axes de reflexion pour regenerer la science,https://www.youtube.com/watch?v=xzbw5qlzf68, comment bitcoin change societe,"Le podcast ""Bitcoin Fixes This"" explore l'impact de Bitcoin sur la société avec Troy Cross, professeur de philosophie et partisan de Bitcoin. La discussion aborde les problèmes du système académique actuel, les raisons de ses dysfonctionnements, ainsi que le rôle de Bitcoin dans ce contexte.","Bitcoin, Impact on society, Broken aspects of the current system, Philosophy, Science academia, Trust and communication breakdown, Specialization and trade of knowledge, Epistemology, Social institutions, Lack of trust, Extreme views, Specialization in trade, Division of labor, Social collapse, Trusted intermediaries",84,"""Bitcoin Fixes This : L'Impact de la Cryptomonnaie sur le Système Académique"""
ebc5569cda28f1fb161a06daf0c223be,science & recherche,2.  axes de reflexion pour regenerer la science,https://www.youtube.com/watch?v=JKHUaNAxsTg, comment bitcoin change societe,"La croyance en la ""science illusion"" est répandue dans la société, où l'on croit que la science comprend déjà la nature de la réalité, ne laissant que les détails à remplir. Cependant, il existe un conflit au cœur de la science entre la méthode d'investigation basée sur la raison, les preuves, les hypothèses et la recherche collective.","Dogmes de la science, Machine vs conscience, Lois de la nature, Fixité de la matière et de l'énergie, Absence de but dans la nature, Hérédité biologique, Mémoire et cerveau, Localisation de l'esprit, Phénomènes psychiques, Médecine mécaniste vs alternatives",18,"""La Conflit Fondamental de la Science: Entre Raison et Illusion"""
54f53f3acc0be4cd28bb3ea252365ccf,science & recherche,2.  axes de reflexion pour regenerer la science,https://www.youtube.com/watch?v=hgFp7kkvD7k, comment bitcoin change societe,"Les Childrendialogues avec Mark Vernon et Rupert Sheldrake explorent le thème de l'objectivité, soulignant son importance et sa prévalence dans le monde moderne où elle est privilégiée par rapport à la subjectivité. L'objectif est de permettre aux choses de se révéler dans leur forme la plus authentique en s'éloignant de toute influence personnelle.","Objectivité, Répétabilité en science, Crise de la réplication, Qualités primaires et secondaires, Perception humaine, Style d'écriture scientifique, Le point de vue de nulle part, Processus actif des expériences scientifiques, Crise de reproductibilité, Motifs humains en science, Voix passive dans les rapports scientifiques, Représentation des objets d'étude, Représentation artistique",29,"""Les Childrendialogues: L'Importance de l'Objectivité dans un Monde Moderne Privilégiant la Vé"
af4ee6bc527ab0594051d8c0ac3ccf8c,science & recherche,1. problematiques de fond affectant la production de connaissances,https://www.theatlantic.com/newsletters/archive/2023/01/academia-research-scientific-papers-progress/672694/, comment bitcoin change societe,La science a un problème de mauvaises publications.,"Problème des mauvais articles scientifiques, Déclin des découvertes scientifiques, Influence et pertinence des nouveaux articles, Indice de Consolidation-Disruption (CD Index), Ralentissement du progrès scientifique, Théorie du ""fardeau de la connaissance"", Concept de ""dominance durable""",8,"""Le Problème des Mauvaises Publications en Science"""
