id,title,subtitle,links,quadrant,summary,descriptions,time_min,titles
ea23a7c3e82d86dacd0cdbfd04deaa75,se chauffer en minant,applications domestiques et professionnelles,https://www.youtube.com/watch?v=XoRnwviMGvE, comment j'utilise bitcoin,"Le texte présente une interview avec Alexandre de Wise Mining sur l'écologie et le coût de minage. Il aborde Sato, une solution de minage reliée à une chaudière, permettant de miner des bitcoins tout en chauffant une maison.","Introduction à l'interview d'Alexandre de Wise Mining, Solution de minage à domicile Sato, Allier ménager écologie et bitcoin, Fonctionnement du minage de bitcoin, Rôle des mineurs et la preuve de travail, Récompenses des mineurs, Business model des mineurs, La solution Sato, Transformation de l'électricité, Anonymat des mineurs",106,"""Interview avec Alexandre de Wise Mining: Sato, une Solution de Minage Écologique et Économique"""
38fcc883603011221ac3b45a3dd2e719,se chauffer en minant,applications domestiques et professionnelles,https://www.youtube.com/watch?v=gKoh44UCSnE, comment j'utilise bitcoin,"Le texte parle d'une nouvelle initiative explorant l'utilisation de la chaleur produite par les appareils miniers de cryptomonnaie pour résoudre des problèmes potentiels. L'initiative vise à expliquer comment miner chez soi de manière efficace, en abordant les défis associés à cette pratique.","Mining de Bitcoin, Utilisation de la chaleur produite par les ASICs, Initiative ""Attaquai"" pour réutiliser la chaleur, Fabrication/modification d'ASICs par la communauté, Avantages énergétiques de chauffer avec un mineur, Décentralisation du hash rate de Bitcoin, Rentabilité économique de chauffer avec un mineur, Logiciel ""Brain the OS"" pour contrôler la consommation énergétique du mineur, Réduction du bruit des mineurs, Utilisation de capteurs pour ajuster la vitesse du mineur, Augmentation des performances des mineurs avec le logiciel """,36,"""Optimisation de l'Extraction à Domicile: Utilisation Innovante de la Chaleur des Appareils Miniers de Crypt"
14219d77cc015392a20da10be585a54a,se chauffer en minant,applications domestiques et professionnelles,https://decouvrebitcoin.fr/attakai-presentation/, comment j'utilise bitcoin,"Le texte parle de la présentation d'Attaka√Ø, qui aborde divers sujets liés au Bitcoin, notamment l'apprentissage, les portefeuilles, la sécurité, l'achat de bitcoins, l'aspect juridique, l'écologie et le Lightning Network. Il met en avant le home-mining comme une pratique rendue possible et accessible.","Attaka√Ø, Bitcoin, Minage, Chaleur, ASIC, √ânergie √©lectrique, Radiateurs, Serveurs, Calculs, Effet Joule, Mutualisation, Bande passante, Proof of Work, Hashrate, Exahash/seconde, R√©compense, √âconomie, Chauffage, Cryptomonnaie, Rentabilit√©, Climat, Satoshi Nakamoto",13,"""Découverte approfondie du Bitcoin avec Attaka√Ø: De l'apprentissage à l'exploitation mini"
74d5a7973da9f5309d7882924e12d476,se chauffer en minant,applications domestiques et professionnelles,https://decouvrebitcoin.fr/thematique/attakai/, comment j'utilise bitcoin,Attakaï propose une solution visant à réutiliser les mineurs de crypto S9 pour le chauffage. Ce projet mené par BlobOnChain & Ajelex explore des modifications logicielles pour cette initiative.,"Attakaï, DécouvreBitcoin, Monnaie, Portefeuilles, Bitcoin technique, Lightning Network, Écologie, Sécurité Bitcoin, Nœuds, Acheter du bitcoin, Aspect juridique, El Salvador, Bitcoin en art, Podcasts, Commerçant, Blog, Meet-up, Projet, Dossier de presse, Shop, Retrofitting d’un ASIC, Minage, Histoire du minage, Économie sous-jacente, Open-source, Satoshi, Formations, Tutoriels, NFT & Art, G",4,"""Recyclage innovant des mineurs de crypto pour le chauffage : une initiative prometteuse par Attakaï, BlobOnChain &"
