id,title,subtitle,links,quadrant,summary,descriptions,time_min,titles
8c2c2c7130be3083ab0be7dea0bce5f3,systemes monetaires,1. bitcoin s'inscrit dans l'histoire et l'evolution de la monnaie,https://www.youtube.com/watch?v=nw_el3w3SGU, comment bitcoin change societe,"Le podcast étranger de musique propose de nouveaux séminaires de safedean.com, une plateforme d'apprentissage en ligne indépendante offrant des cours sur l'économie du Bitcoin et de l'économie selon la tradition de l'École autrichienne. Rejoignez les deux séminaires hebdomadaires en direct, découvrez ses livres avant leur publication, et accédez à son prochain manuel d'économie. Profitez de cinq cours en ligne complets basés sur ses ouvrages.","Podcast sur le Bitcoin et l'économie, Cours en ligne sur l'économie du Bitcoin, Séminaires en ligne, Livres à paraître, Crowd Health : assurance santé alternative basée sur le Bitcoin, Coinbits : application pour acheter du Bitcoin, Coincite : fabricant de matériel Bitcoin, Bit wage : service de paiement en Bitcoin, Invité : Professeur Neil Ferguson, historien, Oeuvres de Neil Ferguson : histoire, économie, argent",107,"""Séminaires en ligne sur l'économie du Bitcoin avec safedean.com"""
cfb6e8733a2a4229b877284fb3f757ee,systemes monetaires,1. bitcoin s'inscrit dans l'histoire et l'evolution de la monnaie,https://www.youtube.com/watch?v=LugE0aLY16I, comment bitcoin change societe,"Le monde des paiements est un domaine souvent méconnu mais crucial, discuté après un débat sur la monnaie numérique de banque centrale. Il est petit en nombre de personnes impliquées mais non négligeable en termes de revenus.","Monnaie numérique de banque centrale, Risques et opportunités, Monde des paiements, Industrie des paiements, Transactions de paiement, Intermédiaires et commissions, Cryptographie, Cartes à puce, Value chain (conseils en paiements et crypto), Clients : banques, commerçants, industriels, Besoin universel des paiements, Site web Value Chain, Chaîne YouTube, Prévisions industrie des paiements 2022, Paiements mobiles, Efficience énergétique de Bitcoin, Technologie blockchain, Formation en ligne sur la blockchain",40,"""Décryptage du Monde des Paiements: Revenus Cruciaux et Débats sur la Monnaie Numérique"""
3bb6872c3b48227c1be1ea1ed5e75883,systemes monetaires,"3. monnaie, preference temporelle, et investissements",https://www.youtube.com/watch?v=8cX1aptP5Io, comment bitcoin change societe,"Michael Saylor revient pour discuter du marché boursier par rapport à Bitcoin, après avoir déjà comparé Bitcoin à l'immobilier commercial. L'accent est mis sur les avantages de Bitcoin en tant que réserve de valeur par rapport à d'autres actifs tels que l'immobilier commercial et le marché boursier.","Bitcoin, Stock market, Equity, Store of value, Commodity, Scarce, Money, Corporation, Ownership, Governance risk, Operational risk, Business strategy, Human action, Liability, Corporate governance, Investment, Risk factors, 10K, Lawyers, Board of directors, Management team, Decision-making, Business complexity, Autopilot operation, Business operations",99,"""Bitcoin comme réserve de valeur: Comparaison avec l'immobilier et le marché boursier"""
11f4516413cd36cd41af484769002dc7,systemes monetaires,1. bitcoin s'inscrit dans l'histoire et l'evolution de la monnaie,https://btctouchpoint.com/fr/vers-un-ordre-mondial-nodal/, comment bitcoin change societe,"Le texte discute de l'évolution vers un Ordre Mondial Nodal avec Bitcoin comme point central. Il aborde l'impact de Bitcoin sur la société, la culture et les individus, offrant des ressources et des conseils pratiques sur son utilisation.","Ordre Mondial Nodal, Bitcoin, Inflation, Épanouissement humain, Ludwig von Mises, Pauvreté, Hans-Hermann Hoppe, Préférence temporelle, Révolution industrielle, Théorie de la productivité des salaires, Accumulation de capital, Progrès technologique, Esclavage, Mark Thornton, Division du travail, Monnaie",48,"""Bitcoin : Vers un Ordre Mondial Nodal - Impact, Culture, et Utilisation"""
86fe2d2ec9a217ca86187aa22d5ed2ac,systemes monetaires,1. bitcoin s'inscrit dans l'histoire et l'evolution de la monnaie,https://europeanbitcoiners.com/maitres-et-esclaves-de-largent/, comment bitcoin change societe,L'article traite de la tentation de manipuler l'argent et souligne que l'humanité a du mal à y résister.,"Manipulation de l'argent, Monnaie incorruptible : le Bitcoin, Banques centrales et inégalités de richesse, Corruption des systèmes monétaires, Décadence morale et esclavage, Perles d'aggry comme monnaie en Afrique de l'Ouest, Contrefaçon de perles d'aggry par les Européens, Pillage de richesses africaines, Traite transatlantique des esclaves, Ironie de l'histoire avec les perles d'aggry et les esclaves, Conditions inhumaines des esclaves dans les navires, Autres",57,Résister à la tentation de manipuler l'argent: Un défi pour l'humanité
005cb511528b627498d8446013954545,systemes monetaires,1. bitcoin s'inscrit dans l'histoire et l'evolution de la monnaie,https://journaldeslibertes.fr/article/lincessante-quete-dun-ordre-monetaire-libre/, comment bitcoin change societe,"La quête constante d'un ordre monétaire libre est soulignée dans le texte, laissant présager l'émergence prochaine d'une preuve directe en ce sens.","Quête d'un ordre monétaire libre, Cryptomonnaies et innovation, Concurrence et amélioration institutionnelle, Evolution monétaire et confiance, Origines de la monnaie et confiance monétaire, Médiateur d'échanges et confiance, Evolution des moyens d'échange, Rôle de la confiance dans l'économie",44,À la Recherche d'un Ordre Monétaire Libre: Vers une Preuve Directe imminente
