id,title,subtitle,links,quadrant,summary,descriptions,time_min,titles
e789193aca3888f4585c112888fad003,acheter du btc,1. vue d'ensemble,https://www.youtube.com/watch?v=0dWf_iteNEk&list=PLinTFKehfR4wGzSb41gAaFFImT9c_hrJV&index=19, comment j'utilise bitcoin,"La vidéo aborde les diverses options pour acheter des bitcoins en fonction des différences individuelles telles que l'âge, le revenu et le lieu de résidence des spectateurs. L'importance de choisir la meilleure option adaptée à chacun est soulignée, avec une mise en garde sur les risques potentiels liés à l'investissement dans les bitcoins.","Introduction aux bitcoins, Risques et avertissements sur les investissements en bitcoins, Nécessité de connaître les risques avant d'investir, Absence de garanties sur la valeur du bitcoin, Mise en garde contre l'investissement excessif, Importance d'avoir une stratégie d'investissement, Mise en garde contre la volatilité du bitcoin, Encouragement à se renseigner davantage sur le bitcoin, Recommandation de travailler pour obtenir des bitcoins, Absence de solution miracle pour investir en bitcoins, Responsabilité personnelle dans les investissements, Méthodes d",NAN,"""Guide d'achat de bitcoins: Adaptation personnalisée et mise en garde sur les risques"""
161952cbab08a3c41d8b6cc4a6b70144,acheter du btc,1. vue d'ensemble,https://www.youtube.com/watch?v=YLyKHG-rAhY&list=PLinTFKehfR4wGzSb41gAaFFImT9c_hrJV&index=22, comment j'utilise bitcoin,"La vidéo discute d'une stratégie d'achat de Bitcoin appelée ""bayer de deep"". Elle met en garde sur les risques du trading de Bitcoin, soulignant que c'est un actif spéculatif. L'importance de prendre ses propres décisions et de mener sa propre recherche est soulignée.","Stratégie d'achat pour Bitcoin : Bayer de Deep, Achat progressif vs. Achat en cas de crash, Stratégie ""Buy the Dip"" (Acheter la baisse), Acheter lors de retracements de 10-30%, Vision à long terme, Stratégie d'entrée sur le marché, Réserves pour opportunités de crash, Réflexion sur les achats en fonction des baisses de prix, Approche d'achat en fonction des corrections du marché, Utilisation d'alarmes pour surveiller les prix",NAN,"""Acheter de manière réfléchie : Comprendre les risques du trading de Bitcoin"""
7d8f5c7e9180d10d9b48d649fc0bc780,acheter du btc,2.  dca: choisir une frequence d'achat,https://www.youtube.com/watch?v=YkvyUrOxI9Y&list=PLinTFKehfR4wGzSb41gAaFFImT9c_hrJV&index=20, comment j'utilise bitcoin,"Le texte aborde le concept financier du dollar cost averaging, qui consiste à répartir un investissement en plusieurs paiements étalés dans le temps plutôt que de tout investir en une seule fois.","Dollar Cost Averaging, Stratégie d'investissement, Volatilité du Bitcoin, Accumulation de Bitcoins, Épargne à long terme, Achats échelonnés, Gestion des émotions, Investissement progressif, Plan financier personnel, Objectif financier, Plateformes d'achat de cryptomonnaies",NAN,"""Dollar Cost Averaging: L'art de l'investissement progressif"""
389e0d3d9fe28ee2ea436ee2e198b413,acheter du btc,2.  dca: choisir une frequence d'achat,https://www.youtube.com/watch?v=mpT3kJDfRVw&list=PLinTFKehfR4wGzSb41gAaFFImT9c_hrJV&index=21, comment j'utilise bitcoin,Roxy et Mathilde discutent de l'achat de bitcoins. Mathilde souhaite en acheter mais ne sait pas comment s'y prendre. Roxy l'aide en mettant en place un plan qui implique la création d'un compte chez Stackingsat pour acheter des bitcoins régulièrement.,"Achat de bitcoins, Création de compte chez StackingSat, Sécurisation des bitcoins, Stratégie d'achat périodique, Green Wallet, Clé privée et sécurité, Création de portefeuille, Utilisation de Green Wallet, Gestion du pin personnel",NAN,"""Guide pour Acheter des Bitcoins avec Stackingsat"""
e8a4c5c3b41306b13da676d9aee92f97,acheter du btc,3. acheter du btc sur un exchange,https://www.youtube.com/watch?v=JVizZzRmJf8, comment j'utilise bitcoin,"Pour acheter des crypto-monnaies en quelques clics, accédez à l'onglet ""Comptes en euros"" depuis votre tableau de bord. Assurez-vous que votre compte de trading est approvisionné, puis cliquez sur ""Acheter ou Vendre"" ou sélectionnez ""Échanger"" dans le menu de gauche. Choisissez les devises de votre choix, saisissez le montant à acheter ou vendre, puis vérifiez les détails de l'opération en temps réel sur votre écran. Vous pouvez également utiliser le curseur pour sélectionner un pourcentage de votre solde disponible. Enfin, validez en glissant.","Acheter des crypto-monnaies, Tableau de bord, Comptes en euros, Acheter ou vendre / Échanger, Sélectionner des devises, Montant, Opération en temps réel, Curseur, Valider l'achat, Historique des transactions, Détails et exportation, Crédité sur le portefeuille Paymium",2,"""Acheter des Cryptomonnaies Facilement: Guide Étape par Étape"""
d737c02a1d125996e28aaf4f6abaa8fd,acheter du btc,3. acheter du btc sur un exchange,https://www.youtube.com/watch?v=8g9aGQ53T_A&list=PLinTFKehfR4wGzSb41gAaFFImT9c_hrJV&index=23, comment j'utilise bitcoin,"Le texte parle de la mise en place d'un compte sur la plateforme d'achat et de vente de bitcoins Stand 807. Cette plateforme est adaptée pour des transactions de gros montants, n'acceptant pas les petites sommes. Il mentionne également d'autres plateformes telles que Crackle Jimmy.","Création de compte sur une plateforme d'achat et de vente de bitcoin, Utilisation d'un gestionnaire de mots de passe, Sécurisation des informations personnelles, Processus de vérification ""Know Your Customer"", Risques liés à la sécurité des données personnelles, Vérification d'identité avec pièce d'identité, Reconnaissance faciale pour une étape supplémentaire de vérification, Authentification à deux facteurs pour sécuriser le compte",NAN,"""Comptes de gros montants sur Stand 807 et Crackle Jimmy : plateformes de bitcoin de premier plan"""
8fbec7650c3c5fd808b1c88943e763cc,acheter du btc,3. acheter du btc sur un exchange,https://www.youtube.com/watch?v=OxdgmDxOMRY&t=319s, comment j'utilise bitcoin,"Apple envisage d'accepter Bitcoin sur Apple Pay à l'avenir mais n'a pas de plans immédiats à ce sujet. Ils ne prévoient pas d'investir leur trésorerie dans la cryptomonnaie, arguant que les investisseurs achètent des actions Apple pour une exposition différente.","Accepting Bitcoin on Apple Pay, CEO Tim Apple's comments on cryptocurrency, Diversified portfolio, Citadel Dispatch show, Bitcoin, distributed systems, privacy, open source software, Support from the audience, Bitcoin Q&A, Buying Bitcoin, Exchanges and KYC regulations",NAN,"""Apple envisage d'accepter Bitcoin sur Apple Pay à l'avenir"""
9b5811d298593f144b8cfb3da4c20641,acheter du btc,1. vue d'ensemble,https://unchained.com/blog/ways-to-buy-bitcoin/, comment j'utilise bitcoin,"Comparaison des meilleures façons d'acheter du bitcoin : échanges, P2P, guichets automatiques, et plus encore.","Façons d'acheter du bitcoin : échanges, P2P, guichets automatiques, et plus, Plateformes d'échange de cryptomonnaies, Courtiers en cryptomonnaies, Applications de paiement, Bureaux de trading de gré à gré, Plateformes de trading peer-to-peer, Distributeurs automatiques de bitcoin, Bons d'achat bitcoin, Bitcoin par procuration, Avantages et inconvénients des échanges de cryptomonnaies, Frais et limites, Confidentialité, Sécurité et garde, Règles AML/KYC, Risques li",,"""Guide d'achat de Bitcoin : Comparaison des Méthodes - Échanges, P2P, Guichets Automatiques et Plus"
0b3650d0e294bf62972b57150b02b958,acheter du btc,2.  dca: choisir une frequence d'achat,https://butanuki.com/, comment j'utilise bitcoin,Butanuki est temporairement indisponible en raison de changements de réglementations indépendants de leur volonté. Ils s'excusent pour la gêne et recommandent d'utiliser Pocket en attendant.,"Butanuki, Indisponible, Changements de réglementations, Fermeture de service, Excuses, Réouverture, Recommandation de Pocket, Twitter: @Butanuki21, Telegram: t.me/Butanuki, Contact, Français, English, Butanuki.com",0,"""Annonce: Indisponibilité temporaire de Butanuki - Utilisez Pocket en attendant"""
d8c6f8b12d845ee92531904cadc571ae,acheter du btc,3. acheter du btc sur un exchange,https://armantheparman.com/howtobuybitcoin2/, comment j'utilise bitcoin,"Le texte discute de l'achat de Bitcoin en utilisant l'exemple de la plateforme Bitaroo Exchange. Il présente des guides et des explications sur le Bitcoin, mettant en avant des concepts tels que la séparation de l'argent et de l'État, les problèmes monétaires, la valeur réelle du Bitcoin et le fonctionnement des prix du Bitcoin.","Comment acheter du Bitcoin, Utilisation de l'échange Bitaroo comme exemple, Méthodes pour obtenir du Bitcoin, Acheter du Bitcoin depuis un échange, Processus d'achat sur Bitaroo, Créer un compte sur Bitaroo, Vérifier votre identité, Effectuer un dépôt en AUD depuis votre banque",8,"""Achat de Bitcoin: Guide sur Bitaroo Exchange et la valeur du Bitcoin"""
0283cb1d384601c7ad78e554bfbd4021,acheter du btc,4. solutions d'achat en pair-a-pair et achat en liquide,https://btctouchpoint.com/fr/ressources/solutions-pratico-pratiques/#rencontrer, comment j'utilise bitcoin,"Le texte aborde des sujets liés à Bitcoin, notamment son utilisation pratique, son impact sur la société et la culture, ainsi que les ressources disponibles comme des podcasts, des articles, des mèmes et des livres.","Solutions pratico-pratiques, Bitcoin meet-ups, Commerces, Exchanges, Outils, Ambassadeurs Bitcoin, Twentyone World, BTC Map, Paymium, StackinSat, Binance, Coinbase, Kraken, Solutions KYC, Solutions sans KYC",11,"""Exploration de Bitcoin : Impact, Culture et Ressources"""
36a8bc22cd46ea468dae56054d64df7c,acheter du btc,4. solutions d'achat en pair-a-pair et achat en liquide,https://agora256.com/acheter-du-bitcoin-sans-kyc-au-canada-avec-bull-bitcoin/, comment j'utilise bitcoin,Acheter du Bitcoin sans KYC au Canada avec Bull Bitcoin en utilisant des comptoirs Poste Canada pour échanger des espèces contre des bitcoins sans identification.,"Bitcoin, KYC, Acheter sans KYC, Bull Bitcoin, Canada Post, Comptoirs Postes Canada, Paiement en comptant ou par carte, Frais, Limites transactionnelles, Portefeuille Bitcoin, Lightning Network, Liquid Network, LNURL, Bolt11",7,"""Acheter du Bitcoin sans KYC au Canada avec Bull Bitcoin via les comptoirs Poste Canada"""
d95393bc2656e3889780c61320e40aaa,acheter du btc,"5. trouver un distributeur, des cartes cadeaux",https://azte.co/#about, comment j'utilise bitcoin,"Azteco propose des bons d'achat Bitcoin pour chaque aspect de la vie quotidienne. Les utilisateurs peuvent acheter des bons Azteco et les échanger contre des bitcoins. Découvrez comment des personnes à travers le monde intègrent le bitcoin dans leur vie quotidienne, comme Tania au Costa Rica et Kgothatso en Afrique du Sud.","Azteco bitcoin vouchers, Utilisation du bitcoin dans la vie quotidienne, Tania au Costa Rica et Kgothatso en Afrique du Sud utilisent le bitcoin, Giovanni au Brésil est payé en bitcoin, Fonctionnement des vouchers Azteco, Achat et utilisation des vouchers, Façons de racheter un voucher Azteco, Avantages des vouchers Azteco pour obtenir du bitcoin",,"""Intégrer le Bitcoin dans la vie quotidienne : Témoignages du Costa Rica et de l'Afrique du Sud"""
ab0e63ad8542fc5f5e9ae3b115d55a2a,acheter du btc,"5. trouver un distributeur, des cartes cadeaux",https://btcmap.org/map, comment j'utilise bitcoin,"Le texte parle de BTC Map, un outil de cartographie.","Carte BTC, Objectif, Identification des sujets clés, Concepts clés, Carte chargement, Carte interactive",,"""BTC Map : L'outil de cartographie en vedette"""
