id,title,subtitle,links,quadrant,summary,descriptions,time_min,titles
59e6b8fc0d84158f2e3590d635ccd00d,agriculture,1. critique d'une agriculture-fiat suicidaire,https://www.youtube.com/watch?v=9zy3nXuKH2w, comment bitcoin change societe,"Un agriculteur parle de la décision de son fils d'intégrer un internat, exprimant des difficultés à financer cette nouvelle étape. Il critique le fait que certains jeunes soient poussés à des extrémités extrêmes.","Agriculture et les difficultés rencontrées par les agriculteurs, Pressions financières et économiques dans l'agriculture, Suicide d'un agriculteur et ses conséquences, Impact du suicide sur la région et la communauté agricole, Normes et régulations dans l'agriculture, Dilemme entre modernisation et coûts de production, Conflits liés aux prix du lait, Remise en question des agriculteurs face aux difficultés, Soutien et solidarité entre agriculteurs",52.0,"""Les Défis Financiers de l'Agriculteur Face à la Pression d'Internat pour les Jeunes"""
b14e0bea7e4f94ce886d61e5284fc438,agriculture,3.  miner du bitcoin a la ferme !,https://www.youtube.com/watch?v=xkVOJAWP688, comment bitcoin change societe,"Une ferme laitière irlandaise typique se trouve à côté d'une ferme qui transforme les déchets en ressources précieuses grâce à une boîte métallique. L'Irlande vise à réduire ses émissions de gaz à effet de serre de 25 % d'ici 2030, et cette technologie peut contribuer à atteindre cet objectif.","Fermes laitières irlandaises, Émissions de gaz à effet de serre, Impact des vaches, Bitcoin mining, Production d'énergie renouvelable, Digestion anaérobie, Production d'électricité, Utilisation de l'énergie excédentaire, Énergie propre, Jeunes entrepreneurs irlandais",12.0,"""La Ferme Laitière Irlandaise Innovante: Transformation des Déchets en Ressources Durables"""
f9cb661836d3661905fc2b5736977d01,agriculture,1. critique d'une agriculture-fiat suicidaire,https://btctouchpoint.com/fr/fermes-fiat/, comment bitcoin change societe,"Le texte discute de l'usage du Bitcoin, de son impact sur la société et la culture, ainsi que des ressources disponibles pour mieux comprendre cette cryptomonnaie. Il aborde également les pièges à éviter et fournit des conseils pratiques.","L'Étalon-Fiat, Fermes Fiat, Convertibilité du dollar en or, Expansion inflationniste, Hausse des prix, Politique monétaire inflationniste, Planche à billets, Aides sociales, Politique alimentaire, Agriculture industrielle, Earl Butz, Politiques agricoles, Intensification des productions agricoles, Crédits à faibles taux d'intérêt",9.0,"""Comprendre le Bitcoin : Impact, Culture et Conseils Pratiques"""
61b61c7e5c5612b7c584f05851e7466b,agriculture,"2.  preserver  le capital, travailler sur le temps long",https://btctouchpoint.com/fr/letalon-fiat-terres-agricoles-fiat/, comment bitcoin change societe,"Le texte aborde des sujets liés à Bitcoin, notamment son utilisation, son impact sur la société et la culture, ainsi que les ressources disponibles pour mieux comprendre cette cryptomonnaie. D'autres thèmes comme les pièges et principes à connaître sont également mentionnés.","L'Étalon-Fiat, Terres agricoles fiat, Préférence temporelle, Endettement des marchés financiers, Négligence de l'avenir, Agriculture à long terme vs court terme, Productivité agricole et coût pour le sol, Microbiome intestinal et qualité du sol, Dégradation des terres agricoles, Carence en nutriments",,"""Décryptage de Bitcoin : Usage, Impact et Ressources Clés"""
18dadb9774b3aa2db9a091825da5286e,agriculture,3.  miner du bitcoin a la ferme !,https://www.sciencesetavenir.fr/nature-environnement/aux-pays-bas-des-tulipes-poussent-grace-au-bitcoin_168191, comment bitcoin change societe,"Aux Pays-Bas, des tulipes sont cultivées à l'aide de la chaleur produite par des serveurs informatiques utilisés pour le minage de bitcoins.","Tulipes, Bitcoin, Serre chauffée par le minage de bitcoins, Cryptomonnaie, Chauffage de serres, Gaz, Panneaux solaires, Investisseurs, Tulipmania, Spéculation , Histoire des tulipes aux Pays-Bas, Production de tulipes aux Pays-Bas, Exportation agricole, Environnement, Innovation agricole",,"""Cultiver des tulipes aux Pays-Bas grâce à la chaleur des serveurs de minage de bitcoins"""
2f9938eff6acf2c4b547082458e2a818,agriculture,3.  miner du bitcoin a la ferme !,https://zonebitcoin.co/lhistoire-du-fermier-irlandais-qui-mine-du-bitcoin-grace-a-ses-vaches/, comment bitcoin change societe,"Un fermier a réussi à miner du Bitcoin en utilisant l'énergie produite par ses vaches. Le texte aborde également divers sujets liés au Bitcoin, tels que le minage, la sécurité, le trading, la fiscalité, la DeFi, les NFT, et les revenus passifs.","Fermier irlandais, Minage de bitcoin, Énergie renouvelable, Méthanisation, Biogaz, Schilling Digital Mining, Transition énergétique, Électricité excédentaire, Stranded assets, Réduction des émissions de gaz à effet de serre, Impact environnemental du bitcoin, GreenPeace, Bitcoin Mining Council, Initiatives écologiques, Liberté avec le Bitcoin, Dissuasion des guerres grâce au Bitcoin, Éducation sur le Bitcoin",8.0,"""Minage de Bitcoin avec l'énergie des vaches : Exploration des multiples facettes du monde du Bitcoin"""
