id,title,subtitle,links,quadrant,summary,descriptions,time_min,titles
c53a6aa7f4d0dd01ed96d1064ae64266,bitcoin core - vue d'ensemble,1. origines - la prehistoire de bitcoin,https://www.youtube.com/watch?v=ljHLhTzrLsw, comment bitcoin change societe,"Le texte aborde une introduction sur les sypher punk et présente un poster représentant symboliquement l'entrée dans le monde du bitcoin, soulignant que cette transition peut entraîner un bouleversement dans la vie des individus en les confrontant à des vérités sur le système financier traditionnel et sur l'exploitation qui en découle.","Introduction aux cypherpunks, Bitcoin et ses implications financières, Éveil financier et impact sur la vie, Technologie et origines de Bitcoin, Révolution numérique et financière, Histoire des cypherpunks et leur impact, Création de Bitcoin par Satoshi Nakamoto, Importance des pionniers dans le développement de Bitcoin, Monnaie fiduciaire et ses conséquences, Caractéristiques monétaires de Bitcoin, Comparaison entre Bitcoin et l'or, Protocole informatique de Bitcoin, Soutien et partage du projet, Encouragement à en apprendre davantage sur Bitcoin",5,"""Le passage au bitcoin: Révéler les vérités financières cachées"""
9b762f235816d0e78c24b218271a97c8,bitcoin core - vue d'ensemble,"2. la decouverte : satoshi nakamoto, le livre blanc",https://www.youtube.com/watch?v=0ETcLj5jBy4, comment bitcoin change societe,"L'invention de Satoshi Nakamoto va bouleverser nos vies en numérisant et en contrôlant chaque aspect à travers la mise en réseau des ordinateurs, réduisant ainsi Internet à un outil de collecte de données et de contrôle.","Satoshi Nakamoto, Révolution numérique, Vie privée, Cypherpunk, Cryptographie, Bitcoin, Monnaie virtuelle, Double dépense, Échanges décentralisés, Confiance, Nouveaux modes d'échange, Valeur du Bitcoin, Adoption du Bitcoin, Monnaie en devenir",68,"""La Révolution de Satoshi Nakamoto : Numérisation et Contrôle à Travers l'Internet"""
d6c5792bfadfb369e9378221a8bb1b05,bitcoin core - vue d'ensemble,"2. la decouverte : satoshi nakamoto, le livre blanc",https://www.youtube.com/watch?v=GdeLB39QdUQ, comment bitcoin change societe,"Le chapitre 3 du parcours Bitcoin explore les bases et la théorie de Bitcoin, en se concentrant sur des aspects techniques tels que les transactions, les mineurs, l'écologie et les nœuds. Ce chapitre promet d'être complet et approfondi pour les débutants intéressés par la technologie.","Beaux jours du monde, Rosie, Chapitre 3 : Formation parcours Bitcoin, Théorie de Bitcoin pour les débutants, Transactions, mineurs, écologie, nœuds, Lancement de Bitcoin, histoire des cypherpunk, Satoshi Nakamoto, Protocole BitTorrent, Whitepaper Bitcoin, Système de cash digital en pair à pair, Ressources pour créer Bitcoin, Preuve de travail, cryptographie, symétrie, hachage, Mailing-list des cypherpunk, Dévoilement de Bitcoin, Lancement officiel de Bitcoin, 3 janvier 2009",26,Découverte approfondie de Bitcoin : Bases techniques et théorie expliquées
6eaff5375fc41949a2f3114e3a771a74,bitcoin core - vue d'ensemble,"2. la decouverte : satoshi nakamoto, le livre blanc",https://www.youtube.com/watch?v=vq4IO6uNjkA, comment bitcoin change societe,"L'interview met en avant Phil Champagne, auteur du livre de Satoshi, et Edward de Consensus, visant à permettre à l'audience francophone de découvrir le parcours de Phil et son ouvrage paru en 2014.","Interview avec Phil Champagne et Edward de Consensus Network, Parcours de Phil Champagne et son livre sur Satoshi, Parcours d'Edward et traduction de livres sur Bitcoin, Collaboration pour traduire ""The Book of Satoshi"", Contenu du livre de Phil : écrits de Satoshi, décentralisation de Bitcoin, Processus de compilation des écrits de Satoshi par Phil, Actualité des sujets abordés dans les écrits de Satoshi",81,"""Découverte de Phil Champagne: Auteur du Livre de Satoshi"""
3cdfea64130096306979050cae396843,bitcoin core - vue d'ensemble,3. apercu general du fonctionnement de bitcoin,https://www.youtube.com/watch?v=tNS9uwf5Vcg, comment bitcoin change societe,"Le texte discute de l'invention de Bitcoin comme un système monétaire permettant des transferts numériques sans intermédiaire, fonctionnant 24h/24 et 7j/7 dans le monde entier. Il met en lumière la preuve de travail comme mécanisme clé rendant ces transactions possibles, illustré à travers une plongée au cœur de Lisbonne.","Bitcoin, Système monétaire numérique, Transactions numériques, Preuve de travail, Transaction au comptant, Intermédiaires, Monnaie numérique, Registre des transactions, Banques, Distribution décentralisée du registre, Loterie pour l'écriture des transactions, Signature numérique, Minage de bitcoins, Consommation d'électricité, Révolution dans les transactions financières",6,"""Bitcoin: Révolution Financière Mondiale à Lisbonne"""
c1ceeed645f205327787466df8251c13,bitcoin core - vue d'ensemble,3. apercu general du fonctionnement de bitcoin,https://www.youtube.com/watch?v=67NTtR3ojw4&list=PLBZcInMWLysciaousXNQmSZgLR6O0ROd5&index=5, comment bitcoin change societe,"La valeur du Bitcoin repose sur la rareté et la confiance, bien que cette monnaie virtuelle ne puisse être vue ni touchée. Cela soulève le paradoxe de la valeur des devises modernes basées sur la confiance, alors que le Bitcoin est limité et rare malgré son caractère virtuel.","Valeur de Bitcoin basée sur la rareté et la confiance, Fluctuations de prix de Bitcoin, Loi de Metcalfe et effet de réseau, Dépense énergétique des mineurs de Bitcoin, Cercle vertueux de l'augmentation de la rentabilité de Bitcoin, Division de la prime de minage et politique monétaire de Bitcoin, Bitcoin comme valeur refuge, Bitcoin comme assurance contre l'inflation, Adoption individuelle de Bitcoin à des fins de protection contre l'inflation",NAN,"""La valeur du Bitcoin : rareté et confiance dans le monde virtuel des devises"""
0fdf869762d5b5c110b4f1f92c85bf72,bitcoin core - vue d'ensemble,3. apercu general du fonctionnement de bitcoin,https://www.youtube.com/watch?v=y-w4oDIEf2w&list=PLBZcInMWLysciaousXNQmSZgLR6O0ROd5&index=6, comment bitcoin change societe,"Pour utiliser Bitcoin, des clés sont nécessaires : une clé publique pour recevoir des Bitcoins et des clés privées pour les dépenser. Le portefeuille Bitcoin est essentiel pour envoyer et recevoir des Bitcoins, agissant comme une passerelle vers le réseau.","Clé publique et clé privée, Portefeuille Bitcoin, Types de portefeuilles (mobiles, de bureau, intégrés, matériels), Stockage à chaud et stockage à froid, Envoi et réception de Bitcoin, Stratégies de conservation des clés privées, Sécurité des clés privées",NAN,"""Clés Publiques et Privées : Essentielles Pour Utiliser Bitcoin"""
0fb11d5ee0b6736ba27cd3c3c033d74a,bitcoin core - vue d'ensemble,"4. prix, processus d'adoption et hyperbitcoinization",https://www.youtube.com/watch?v=7535MAeHzxM&t=744s, comment bitcoin change societe,"Le chapitre IV du parcours bitcoin pour débutants aborde l'importance du prix du bitcoin, comment l'obtenir en utilisant ses efforts, connaissances ou épargnes, et discute de l'hyper vocalisation pour envisager l'avenir de cette cryptomonnaie.","Chapitre IV: Bitcoin pour les débutants, Obtention de Bitcoin: Travail, connaissances, épargne, Hyper vocalisation: Utilisation de Bitcoin dans l'économie réelle, Évolution du prix de Bitcoin depuis 2009, Spéculations, volatilité, bulles du marché, Importance du prix dans le protocole de Bitcoin, Graphiques de prix: Analyse technique, bougies, Courbe haussière de Bitcoin, Volatilité de Bitcoin: Chutes et gains importants, Risques liés à l'absence de régulation, Crashs violents, récupération du prix, Adoption de",NAN,"""Découvrez l'Importance du Prix du Bitcoin et Comment l'Obtenir dans le Parcours pour Débutants"""
3ded210e1366e012c1b899cef397344a,bitcoin core - vue d'ensemble,"4. prix, processus d'adoption et hyperbitcoinization",https://www.youtube.com/watch?v=Hxo4S66POH4&list=PLj9lDruPFtBljCFcLcoD3bd5pGUGmHZWV&index=5, comment bitcoin change societe,"Le texte aborde l'idée d'investir dans des actifs supérieurs, soulignant un choix crucial entre un gouvernement mondial totalitaire unifié ou une renaissance de l'humanité. Il met en avant l'importance de travailler ensemble pour créer un avenir meilleur.","Dollars, Conversion en monnaie locale, Zimbabwe, Vente d'actifs, Actif supérieur, Hausse des prix, Gouvernement mondial totalitaire, Renaissance de l'humanité, Enjeux, Collaboration, Objectif",NAN,"""Choix Crucial pour un Avenir Meilleur : Vers un Gouvernement Mondial ou une Renaissance de l'Humanité"""
5526c053a8641d050b480ec710477027,bitcoin core - vue d'ensemble,5. l'etat du systeme,https://www.youtube.com/watch?v=0xS859IoMh8, comment bitcoin change societe,"Dans cet épisode, Roxy de découpe Bitcoin explore le Mempool, la base de données contenant toutes les transactions Bitcoin en attente. L'analyse de ce Mempool permet de comprendre ce qui se passe concrètement dans le réseau, offrant ainsi une solution pour gérer les transactions de manière efficace.","Formation sur devenir corner souverain, Mempool (même poule), Base de données des transactions Bitcoin, Mineurs, Transactions en attente, Application pour explorer le Mempool, Bloc explorer, Difficulté du minage, Réajustement de la difficulté toutes les deux semaines, Temps moyen pour trouver un bloc, Compétitivité des mineurs, Difficulté du mineur (nombre de zéros à trouver), Ajustement de la difficulté du minage",34,Décryptage du Mempool Bitcoin: Comprendre et Gérer les Transactions
df0bb256302f197f1275c4f5754adb2f,bitcoin core - vue d'ensemble,"4. prix, processus d'adoption et hyperbitcoinization",https://www.bitstack-app.com/blog/determiner-prix-bitcoin, comment bitcoin change societe,"Le prix du bitcoin est déterminé par l'offre et la demande, variant librement en fonction de ces facteurs.","Détermination du prix du bitcoin, Offre et demande, Politique d'émission monétaire, Volatilité du cours du bitcoin, Détermination du cours du bitcoin, Valeur du bitcoin, Émission monétaire sur Bitcoin, Mineurs et création de blocs, Blockchain",,"""Le Prix du Bitcoin : Impact de l'Offre et de la Demande"""
f2bc5200712fa96bd116188c44aaaa90,bitcoin core - vue d'ensemble,"4. prix, processus d'adoption et hyperbitcoinization",https://blockclockmini.com/, comment bitcoin change societe,"BLOCKCLOCK™ mini est un appareil d'art d'affichage apprécié des amateurs de Bitcoin. Il permet de suivre les prix des échanges, de visualiser les blocs publiés par les mineurs, et de connecter l'Opendime pour afficher le solde, la valeur en fiat et les codes QR de dépôt sur un écran digital E-Ink intemporel de 7 pouces. Cette synthèse met en lumière les fonctionnalités principales de cet appareil et les moyens de l'utiliser, tout en soulignant son utilité pour les passionnés de Bitcoin.","BLOCKCLOCK™ mini, Bitcoin, Affichage, Échange, Mineurs, Opendime, Solde, Valeur en fiat, QR codes, E-Ink digital display, Moscou, Vidéo de démonstration, Documentation, Firmware, Twitter, API Push, Photos et vidéos partagées, Conditions d'utilisation, BLOCKCLOCK™ original, BLOCKCLOCK™ micro, Projets",,"""BLOCKCLOCK™ mini: Un Appareil d'Art d'Affichage pour les Passionnés de Bitcoin"""
ef2224176b77dbbc0f5b823caafde0dd,bitcoin core - vue d'ensemble,5. l'etat du systeme,https://bitfeed.live/, comment bitcoin change societe,Le résumé ci-dessus vise à fournir une vue d'ensemble claire des points principaux et des sujets clés discutés dans le texte. Il met l'accent sur les informations essentielles qui sont faciles à comprendre.,"Bitfeed, Identifier, Objectif, Concepts clés, Sujets principaux",0,"""Aperçu Clair des Points Principaux et Sujets Clés"""
5236a0d0e0b3a26f61ba631a3639c7ae,bitcoin core - vue d'ensemble,5. l'etat du systeme,https://txstreet.com/v/btc, comment bitcoin change societe,Le site TxStreet.com propose un visualiseur de transactions blockchain permettant de suivre en temps réel les échanges de cryptomonnaies sur différentes chaînes de blocs.,"Visualiseur de transactions blockchain, TxStreet.com, Objectif, Identifier, Principaux sujets, Concepts clés",,"""TxStreet.com : Suivez les transactions blockchain en temps réel"""
