id,title,subtitle,links,quadrant,summary,descriptions,time_min,titles
46f77b375b1a5fa0de16473f69db6a4d,changement de paradigme,2. changement de paradigme,https://www.youtube.com/watch?v=25yfsPIegmo, comment bitcoin change societe,"Yann Husse dénonce la faillite morale du clergé des évêques et de l'Église catholique romaine. Six siècles plus tard, en 2009, Ben Berlin, président de la Réserve fédérale américaine, est acclamé pour avoir sauvé l'économie en renflouant les institutions financières surendettées. Cette histoire souligne l'importance de la confiance dans les systèmes financiers et économiques.","Bitcoin, Réserve fédérale américaine, Crise financière, Confiance, Contrat social, Événements marquants, Peste noire, Institutions religieuses, Crise financière mondiale, Pandémie de COVID-19, Méfiance envers la Réserve fédérale américaine, Banques centrales, Monnaie, Innovation, Gutenberg et Satoshi Nakamoto, Révolution de l'information, Remise en question des institutions, Changements de paradigmes, Forces du marché, Adoption de l'innovation, Imprimerie de Gutenberg",11.0,"""Confiance et Crise : L'Église et l'Économie à Travers l'Histoire"""
aea7de26ffcd1be01914af0f2ed4366c,changement de paradigme,1. percees scientifique et technologique,https://btctouchpoint.com/fr/2-pourquoi-bitcoin-ne-ressemble-a-rien-de-ce-que-vous-avez-deja-vu/, comment bitcoin change societe,"Le texte explore pourquoi Bitcoin est unique et différent de tout ce qui a été vu auparavant, mettant en avant ses particularités et sa singularité.","Caractéristiques de Bitcoin, Bitcoin unique, Absence de dirigeants ou de gouvernance, Caractéristiques de Bitcoin : privé, consensuel, inclusif, précieux, Originalité de Bitcoin, Gestion de l'identité, Bitcoin et l'argent parfait",4.0,"""La Singularité de Bitcoin : Une Révolution Financière Sans Précédent"""
4aaaa3463ec45f3659b718ce6c8e203f,changement de paradigme,1. percees scientifique et technologique,https://btctouchpoint.com/fr/pourquoi-bitcoin-23-pourquoi-le-bitcoin-est-bien-plus-que-de-largent/, comment bitcoin change societe,"Le texte discute de la polyvalence du Bitcoin en tant qu'actif financier, allant au-delà de sa simple fonction monétaire. Il explore comment le Bitcoin influence la société, la culture et même les individus, offrant ainsi une perspective complète sur son impact.","Bitcoin comme une amélioration de la monnaie, Comparaison entre Bitcoin et les voitures, Impact de Bitcoin sur la société, Avantages de Bitcoin, Libération financière grâce à Bitcoin, Transformation de la civilisation grâce à Bitcoin",5.0,"""Bitcoin : Au-delà de la Monnaie, une Influence Polyvalente"""
54472e5a225f77cef7e1449504542c68,changement de paradigme,1. percees scientifique et technologique,https://btctouchpoint.com/pourquoi-bitcoin-16-pourquoi-le-bitcoin-change-le-monde/, comment bitcoin change societe,"Le texte examine comment Bitcoin change la société, influence la culture et impacte les individus, soulignant l'importance de cette cryptomonnaie dans le monde actuel.","Evolution de la monnaie, Importance de Bitcoin, Changement de monnaie en cours, Avantages de Bitcoin, Impact de Bitcoin sur la société, Transformation du monde par Bitcoin",4.0,"""Bitcoin: Influence sur la Société, la Culture et les Individus"""
8c45323ed54f8a9e3f6241e07f8de2cb,changement de paradigme,1. percees scientifique et technologique,https://btctouchpoint.com/fr/innovateurs-disrupteurs-marginaux-et-bitcoin/, comment bitcoin change societe,"Le texte aborde les thèmes d'innovation, de perturbation, de marginalité et du Bitcoin. Il propose des ressources et des conseils sur l'utilisation du Bitcoin, son impact sur la société et la culture, ainsi que sur les changements personnels qu'il peut engendrer.","Innovateurs, disrupteurs, marginaux et Bitcoin, Reconnaître l'innovation, Les dangers de l'automobile, de l'électricité et de Bitcoin, Bitcoin comme technologie élégante, Histoire des débuts de l'automobile et de l'électricité, Réactions médiatiques négatives face à l'innovation",,"""Innovation, Perturbation et Bitcoin : Impact et Changements Sociaux"""
5f98ebf942f627cc38863c9bfa6fa13f,changement de paradigme,2. changement de paradigme,https://btctouchpoint.com/fr/pourquoi-bitcoin-23-pourquoi-le-bitcoin-est-bien-plus-que-de-largent/, comment bitcoin change societe,"Le texte discute des raisons pour lesquelles le bitcoin va au-delà de sa fonction d'argent, explorant son impact sur la société, la culture et les individus.","Bitcoin, Transformation de la société, Influence culturelle, Liberté financière, Innovation monétaire, Révolution économique, Adoption de masse, Impact sur les institutions financières, Élimination de l'inflation, Réduction des coûts de conversion, Libération des dettes, Nouvelles possibilités économiques",5.0,"""Le Bitcoin : Une Révolution Sociétale et Culturelle"""
78d61369be407778a02654e101deebda,changement de paradigme,3. resistance au changement,https://btctouchpoint.com/fr/innovateurs-disrupteurs-marginaux-et-bitcoin/, comment bitcoin change societe,"Le texte aborde le thème des innovateurs, disrupteurs et marginaux dans le contexte du Bitcoin. Il propose des ressources telles que des podcasts, articles, livres, et un lexique pour mieux comprendre l'utilisation du Bitcoin et son impact sur la société et la culture.","Innovateurs, Disrupteurs, Marginaux, Bitcoin, Andreas Antonopoulos, Technologie, Innovation, Risques, Automobile, Électricité, Médias, Histoire, Énergie, Courage, Changement social, Culture, Confiance, Théorie vs. Pratique, Réécriture de l'histoire, Dangers, Perception publique, Évolution technologique",,"""Exploration du Bitcoin : Innovateurs, Podcasts et Impact Culturel"""
0047eef8b926358e53ddb37c9e194fa1,changement de paradigme,3. resistance au changement,https://btctouchpoint.com/fr/inversion-dinfrastructure-extrait/, comment bitcoin change societe,"Le texte traite de l'inversion d'infrastructure dans le contexte du Bitcoin. Il aborde des sujets tels que l'utilisation de Bitcoin, son impact sur la société et la culture, ainsi que son influence personnelle. Le contenu comprend des ressources telles que des podcasts, des articles, des solutions pratiques, des livres, un lexique, des cours et un blog.","Inversion d'infrastructure, Nouvelles technologies sur infrastructures anciennes, Adoption de technologies disruptives, Exemple historique avec les voitures, Infrastructure pour chevaux, Transition des chevaux aux voitures, Défis liés à l'utilisation des premières voitures, Évolution de l'infrastructure pour s'adapter aux nouvelles technologies",10.0,"""Bitcoin: Impact, Société, et Ressources Pratiques"""
ab91e7660c0b408410211677c206ec8b,changement de paradigme,3. resistance au changement,https://btctouchpoint.com/fr/pourquoi-bitcoin-19-pourquoi-il-ne-faut-pas-avoir-peur-du-bitcoin/, comment bitcoin change societe,"Le texte aborde le thème du Bitcoin et explique pourquoi il n'est pas nécessaire d'avoir peur de cette cryptomonnaie. Il propose des ressources et des conseils pour mieux comprendre et utiliser le Bitcoin, ainsi que son impact sur la société et la culture.","Bitcoin, Peur, Danger, Apprentissage, Argent, Monnaie, Sécurité, Confiscation, Environnement, Stratagème, Épargne, Transaction financière, Fiducie, Cryptomonnaie",4.0,"""Démystifier le Bitcoin : Ressources et conseils pour une utilisation sereine"""
b43ca329e08199c5ddd939fc3eab4fab,changement de paradigme,4. bitcoin est la nouvelle frontiere,https://btctouchpoint.com/fr/pourquoi-bitcoin-25-pourquoi-le-bitcoin-est-la-nouvelle-frontiere/, comment bitcoin change societe,"Le texte discute de l'importance du Bitcoin comme nouvelle frontière, abordant comment cette cryptomonnaie influence la société et la culture. Il explore également son utilisation pratique et son impact sur les individus.","Bitcoin comme nouvelle frontière, Exploration de Bitcoin, Liberté et potentiel de Bitcoin, Défis et récompenses, Engagement envers Bitcoin, Amélioration de Bitcoin, Ouverture à tous",4.0,"""Le Bitcoin : Nouvelle Frontière de la Société et de la Culture"""
