id,title,subtitle,links,quadrant,summary,descriptions,time_min,titles
b0804b7760755a06000705a13d63224c,couverture contre l'inflation,1. les monnaies fiat sont fondantes,https://www.youtube.com/watch?v=cYKmgflsy_8, comment j'utilise bitcoin,"Le texte traite d'une série de vidéos sur Bitcoin, abordant le thème de l'hyperinflation dans le chapitre III. L'auteur remercie le soutien des spectateurs et annonce que la vidéo suivante sera la dernière traitant de sujets politiques.","Hyperinflation, Monnaie fiat vs monnaie-commodité, Systèmes monétaires, Décisions humaines, Dévaluation de la monnaie, Destruction de l'épargne, Exemples historiques (Allemagne, Zimbabwe, Argentine), Impact de l'inflation sur les salaires et l'épargne, Risques des hyperinflations, Perte de confiance dans la monnaie, Impression monétaire, Centralisation du pouvoir monétaire, Phases des hyperinflations, Questionnement sur la valeur de la monnaie, Origine de l'argent, -",16,"""Vidéos sur Bitcoin : Hyperinflation et Dernier Chapitre Politique"""
b8a4171d691fc7cade37983ef15cba73,couverture contre l'inflation,3. bitcoin pour conserver la valeur,https://www.youtube.com/watch?v=mpT3kJDfRVw&list=PLinTFKehfR4wGzSb41gAaFFImT9c_hrJV&index=21, comment j'utilise bitcoin,Le texte parle de Roxy et Mathilde qui envisagent d'acheter des bitcoins. Elles vont mettre en place un plan consistant à créer un compte chez StackingSat pour acheter des bitcoins régulièrement.,"Achat de bitcoins, Création de compte chez StackingSat, Sécurisation des bitcoins, Dollar cost averaging, Portefeuille Green Wallet, Gestion des mots de passe, Tutoriel sur la chaîne, Recommandations sur StackingSat, Téléchargement de l'application Green Wallet, Clé privée pour Bitcoin, Sécurisation de la clé privée, Règles d'écriture de la clé privée, Vérification des mots sur Green Wallet, Création d'un PIN sécurisé",NAN,"""Acheter des Bitcoins avec StackingSat : Le Plan de Roxy et Mathilde"""
48d0ee46ec02587f90dcbeb2b0c96bbe,couverture contre l'inflation,1. les monnaies fiat sont fondantes,https://btctouchpoint.com/fr/pourquoi-bitcoin-9-pourquoi-bitcoin-est-la-voie-pour-epargner-de-largent/, comment j'utilise bitcoin,"Le texte discute de la raison pour laquelle Bitcoin est considéré comme la meilleure façon d'épargner de l'argent, en mettant en avant les avantages et les principes de cette cryptomonnaie. Il aborde également comment Bitcoin influence la société, la culture et les individus.","Épargner de l'argent, Définition de l'argent, Problème de l'inflation, Bitcoin comme solution, Rare té de Bitcoin, Absence d'inflation dans Bitcoin, Sauvegarde de la valeur économique, Caractéristiques de Bitcoin",5,"""Bitcoin : La Meilleure Façon d'Épargner et Son Influence Sur la Société"""
4d10567bb627be6bacd0b37a6cc9fd35,couverture contre l'inflation,1. les monnaies fiat sont fondantes,https://btctouchpoint.com/fr/pourquoi-bitcoin-14-pourquoi-bitcoin-mettra-fin-au-plus-grand-hold-up-de-lhistoire/, comment j'utilise bitcoin,"Le texte discute de la façon dont Bitcoin mettra fin au plus grand hold-up de l'histoire. Il aborde divers aspects de l'utilisation de Bitcoin et de son impact sur la société et la culture, soulignant son rôle potentiellement transformateur.","Bitcoin, Fin du hold-up historique, Voleurs voyageurs du temps, Machine à voyager dans le temps, Déficits et dette publics, Fraude, Politiciens, Responsabilité, Générations futures, Dette par habitant",11,"""Bitcoin : Mettre fin au plus grand hold-up de l'histoire"""
4d9977c2f4dc85a07214018119f84b01,couverture contre l'inflation,1. les monnaies fiat sont fondantes,https://btctouchpoint.com/fr/21-lecons-2eme-partie/, comment j'utilise bitcoin,"Le texte discute de la deuxième partie de l'ouvrage ""21 Leçons"" sur le Bitcoin, abordant des sujets tels que l'utilisation de Bitcoin, son impact sur la société et la culture, ainsi que son influence sur les individus. Le contenu couvre également des ressources pratiques, des podcasts, des articles, des mèmes, des livres, un lexique et un blog, offrant ainsi une variété d'informations pour mieux comprendre le Bitcoin.","Bitcoin et l'argent, Histoire de l'argent et du secteur bancaire, Écoles de pensée économique, Méconnaissance financière, Inflation, Valeur de l'argent, Histoire de la monnaie, Réserves fractionnaires, Monnaie saine, Compréhension de Bitcoin par l'étude de l'économie",46,"""Décryptage du Bitcoin: Impact et Ressources"""
219939c5bbe175ee998becc7d50eed0c,couverture contre l'inflation,3. bitcoin pour conserver la valeur,https://www.bitstack-app.com/blog/pourquoi-epargner-bitcoin, comment j'utilise bitcoin,"L'article discute des avantages d'épargner en Bitcoin via l'application Bitstack. Il explore la pertinence d'investir dans cette cryptomonnaie pour constituer un patrimoine, mettant en avant les arguments en faveur de cette approche.","Épargner en bitcoin, Avantages du bitcoin en tant qu'épargne, Émission monétaire prévisible et déflationniste, Système de paiement non manipulable, Propriété privée absolue, Limite de 21 millions de bitcoins, Politique monétaire du bitcoin vs monnaies étatiques, Confiance dans les monnaies fiduciaires, Risques liés à l'impression de monnaie par les banques centrales, Maintien des règles du protocole Bitcoin par consensus, Investissement dans le bitcoin en 2023, Performance du bitcoin comme actif financier,",13,"""Épargner en Bitcoin avec Bitstack: Construire un patrimoine financier durable"""
85c8b2c3f6c8915412f42e6a6a7b7d8d,couverture contre l'inflation,3. bitcoin pour conserver la valeur,https://savings.butanuki.com/savings?since=2019-03-31, comment j'utilise bitcoin,"Si j'avais acheté pour CHF€ de Bitcoin au lieu de divers produits quotidiens depuis , j'aurais économisé €16'470.00. Aujourd'hui, j'aurais environ €27'210.32 de Bitcoin, une hausse de valeur de €10'740.32 (+65.21%). Il est conseillé de commencer à épargner dès maintenant.","1. Possession de Bitcoin, 2. Dollar Cost Averaging (DCA), 3. Stratégie d'épargne DCA, 4. Inflation, 5. Avantages de détenir du Bitcoin, 6. Satoshi, 7. Accumulation de satoshis, 8. Démarrer l'épargne en Bitcoin",2,"""Épargner en Bitcoin : Une Stratégie Lucrative pour l'Avenir"""
