id,title,subtitle,links,quadrant,summary,descriptions,time_min,titles
f0f1fac7bcbecb5f09756b9462bed19f,cycles historiques,1. la fin de la fin de l'histoire,https://btctouchpoint.com/fr/la-fin-de-la-fin-de-lhistoire/#fin1, comment bitcoin change societe,"Le texte discute de Bitcoin et de son impact sur la société, la culture et les individus. Il aborde les étapes initiales de l'utilisation de Bitcoin, ses implications sociales et culturelles, ainsi que les ressources disponibles pour une meilleure compréhension de la crypto-monnaie.","La Fin de l'Histoire, Illusion de la fin de la guerre froide, Vision occidentale globalisée, Crises mondiales actuelles, Remises en question historiques, Théories cycliques du monde, Géopolitique de Bitcoin, Enjeux économiques et géopolitiques, Mort de l'illusion de la fin de l'Histoire, Bitcoin dans un monde post-innocence, Relations économiques et politiques internationales",5.0,"""Bitcoin : Impact sur la Société, la Culture et les Individus"""
6ccd3b8eaee1e32597a7d4006a7442e8,cycles historiques,2. cycles d'endettement et business cycles,https://btctouchpoint.com/fr/cycles-dendettement-et-business-cycles/, comment bitcoin change societe,"Le texte aborde les cycles d'endettement et les cycles économiques dans le contexte de Bitcoin, offrant des conseils pratiques et des ressources pour mieux comprendre et utiliser cette cryptomonnaie.","Cycles d'endettement et cycles économiques, Importance de la dette dans l'économie, Analyse de Ray Dalio sur les cycles économiques et l'endettement, Impact de la pandémie COVID sur l'économie mondiale, Niveau d'endettement insoutenable des entreprises et États, Implications de l'impression d'argent par les banques centrales, Transition vers un nouvel ordre monétaire et financier mondial, Évolution des rapports de puissance géopolitique, Principes pour faire face à l'évolution de l'ordre mondial par Ray Dalio, Cycles économiques selon la",5.0,"""Comprendre les cycles d'endettement et économiques de Bitcoin : Conseils pratiques et ressources"""
46e2b1c7141c6357da5c1d84d75f29c3,cycles historiques,2. cycles d'endettement et business cycles,https://btctouchpoint.com/fr/cycles-dendettement-et-business-cycles/#debt2, comment bitcoin change societe,"Le texte aborde les cycles d'endettement et les cycles économiques, en mettant en avant le Bitcoin et ses impacts sur la société et la culture. Il explore également l'utilisation pratique de Bitcoin, offrant des ressources variées comme des podcasts, des articles, des livres et un lexique pour guider les utilisateurs.","Cycles d’endettement et business cycles, Importance du crédit et de l'endettement dans l'économie, Analyse des cycles économiques et politiques par Ray Dalio, Niveau insoutenable d'endettement des entreprises et États, Impact de la pandémie COVID sur l'économie mondiale, Dévaluation des monnaies par les banques centrales, Transition vers un nouvel ordre monétaire et financier mondial, Contestation de l'hégémonie du dollar américain, Principes pour faire face à l'évolution de l'ordre mondial selon Ray Dalio, Cycles économiques selon la",5.0,"""Bitcoin: Impacts économiques, sociétaux et ressources pratiques"""
8c27c4e432eb0d0591b2b31c3e44985c,cycles historiques,"3. cycles politiques, institutionnels et culturels",https://btctouchpoint.com/fr/cycles-politiques-institutionnels-et-culturels/#4th1, comment bitcoin change societe,"Le texte aborde les cycles politiques, institutionnels et culturels liés au Bitcoin, explorant comment cette cryptomonnaie influence la société et la culture. Il propose des ressources telles que des podcasts, articles et lexiques pour aider à comprendre et utiliser le Bitcoin.","Cycles politiques, institutionnels et culturels, The Fourth Turning, Cycle générationnel récurrent, Saeculum de 80-100 ans, Quatre saisons/tournants : Ivresse, Éveil, Dénouement, Crise, Archétypes générationnels : Prophètes, Nomades, Héros, Artistes, Prédiction du 4ème tournant avant 2025, Affrontement entre individualisme et collectivisme, Totalitarisme, Bitcoin comme moteur de renaissance",,"""Cycles et Influence du Bitcoin : Ressources pour Comprendre et Utiliser la Cryptomonnaie"""
ecaba0af3d082ad064d580d14837bf5b,cycles historiques,"3. cycles politiques, institutionnels et culturels",https://btctouchpoint.com/fr/cycles-politiques-institutionnels-et-culturels/#sov1, comment bitcoin change societe,"Le texte aborde les cycles politiques, institutionnels et culturels liés à Bitcoin, en mettant en lumière comment cette cryptomonnaie influence la société et la culture, ainsi que les changements qu'elle peut apporter au quotidien des individus.","Cycles politiques, institutionnels et culturels, Quatrième tournant, Cycle générationnel, Saisons du saeculum, Tournants : Ivresse, Éveil, Dénouement, Crise, Archétypes générationnels : Prophètes, Nomades, Héros, Artistes, Prédiction du 4ème tournant, Conflit entre individualisme et collectivisme, Totalitarisme, Bitcoin et renaissance",,"""Bitcoin : Influence sur la Société et la Culture"""
381b2aaae1b19ed500f98b75552abb9b,cycles historiques,"3. cycles politiques, institutionnels et culturels",https://btctouchpoint.com/fr/cycles-politiques-institutionnels-et-culturels/#sov2, comment bitcoin change societe,"Le texte aborde les cycles politiques, institutionnels et culturels liés au Bitcoin, incluant des conseils pratiques, des ressources et des réflexions sur l'impact de la cryptomonnaie sur la société et la culture.","Cycles politiques, institutionnels et culturels, Le Quatrième tournant, Cycle générationnel récurrent, Quatre saisons (tournants), Ivresse, Éveil, Dénouement, Crise, Archétypes générationnels : prophètes, nomades, héros, artistes, Prédiction de Howe et Strauss pour l'année 2025, Affrontement entre individualisme et collectivisme, Totalitarisme et tentation, Bitcoin comme moteur d'une ère de renaissance",,"""Exploration des cycles du Bitcoin : conseils, ressources et réflexions sur son impact sociétal"""
7987056c769f42314874b6a781a2af52,cycles historiques,4. cycles d'innovations technologiques,https://btctouchpoint.com/fr/cycles-dinnovations-technologiques, comment bitcoin change societe,"Le texte aborde les cycles d'innovations technologiques liés au Bitcoin, mentionnant des sujets tels que son impact sur la société, la culture et les individus. Il propose des ressources pratiques et éducatives pour mieux comprendre et utiliser Bitcoin.","Cycles d'innovations technologiques, Cycles de Kondratiev, Bitcoin et l'innovation financière, Croissance exponentielle des nouvelles technologies, Analyse de l'évolution de Bitcoin, Progression exponentielle des progrès technologiques, Performance exponentielle, Adoption exponentielle, Loi de Moore",12.0,"""Innovations Technologiques du Bitcoin: Impact et Ressources Pratiques"""
28b0ede631999857df4aefabf6f4a252,cycles historiques,4. cycles d'innovations technologiques,https://btctouchpoint.com/fr/cycles-dinnovations-technologiques/#expon, comment bitcoin change societe,"Le texte aborde les cycles d'innovations technologiques liés au Bitcoin, en explorant son impact sur la société, la culture et les individus. Il fournit des ressources telles que des podcasts, des articles et des livres pour approfondir la compréhension de cette technologie.","Cycles d’innovations technologiques, Cycles de Kondratiev, Bitcoin comme innovation majeure, Croissance exponentielle de Bitcoin, Analyse de l'évolution de Bitcoin, Progression exponentielle des technologies, Performance exponentielle, Adoption exponentielle, Loi de Moore",12.0,"""Exploration des Cycles d'Innovation du Bitcoin: Impact sur la Société et les Individus"""
a52579315065df4cdf8cbd6c31369809,cycles historiques,4. cycles d'innovations technologiques,https://btctouchpoint.com/fr/inversion-dinfrastructure-extrait/, comment bitcoin change societe,"Le texte discute de l'inversion d'infrastructure liée à BTC TouchPoint, offrant des informations sur l'utilisation de Bitcoin, son impact sur la société et la culture, ainsi que des ressources pratiques et éducatives disponibles.","Inversion d’infrastructure, Nouvelles technologies sur infrastructures anciennes, Adoption de nouvelles technologies disruptives, Exemple historique : l'adoption des voitures, Coexistence de nouvelles et anciennes technologies, Défis rencontrés par les nouvelles technologies, Transition des infrastructures pour s'adapter aux nouvelles technologies",10.0,"""BTC TouchPoint : Révolution de Bitcoin et ses Impacts sur la Société"""
