id,title,subtitle,links,quadrant,summary,descriptions,time_min,titles
0fe21a1aa981d4e3e71eea873a85fd22,droits & libertes,bitcoin : une chance pour les droits de l'homme,https://www.youtube.com/watch?v=KG0Q05Lnm7s, comment bitcoin change societe,"Le texte souligne l'importance de Bitcoin pour les droits de l'homme en raison de la disparition progressive de l'argent liquide dans divers pays. Il met en lumière les implications d'une société sans numéraire, où l'argent est centralisé numériquement, menant à une perte de la vie privée financière et à un gain de pouvoir pour les États et les entreprises.","Bitcoin, Cashless society, Financial privacy, State and corporate powers, Peer-to-peer electronic cash system, Privacy and freedom, Control by corporations and governments, Censorship and surveillance, Social engineering, People's money, Decentralization, Global competition, Censorship resistance, Monetary alternatives, Human rights",2,"""Bitcoin et les droits de l'homme : L'impact de la disparition de l'argent liquide"""
89c24ddaa25f4ed80558e908c075537f,droits & libertes,bitcoin : la monnaie liberte !,https://www.youtube.com/watch?v=qDRqbG-VLDM&t=1147s, comment bitcoin change societe,"Le XXème siècle a été marqué par des catastrophes, notamment la Première Guerre mondiale, qui a mis en lumière les limites des États et organisations dans leur capacité à financer des conflits avec des ressources limitées, telles que la monnaie représentant le travail passé et non infinie.","Le XXème siècle et ses événements cataclysmiques, La création de monnaie pour financer les guerres, La déconnexion entre la monnaie et sa valeur réelle, L'évolution de la monnaie et la confiance comme valeur, L'introduction du Bitcoin et des cryptomonnaies, L'intérêt pour Bitcoin en tant que révolution technologique, La découverte de la blockchain et son importance, Les dangers du système monétaire actuel, L'impact du Bitcoin sur les domaines financier, économique, politique et culturel.",NAN,"""Les limites des États face au financement des conflits au XXème siècle"""
267be6405c57501ebbdb4168aa6ab0fd,droits & libertes,bitcoin : la monnaie liberte !,https://www.youtube.com/watch?v=pICg8T596Xk, comment bitcoin change societe,Le Bitcoin est vu comme un symbole de liberté malgré ses limitations et dangers. Son invention et son expansion sont considérés comme les événements les plus importants en faveur de la liberté depuis la chute de l'URSS.,"Bitcoin et la liberté, Importance de la monnaie dans la liberté, Liberté en déclin, Problèmes démocratiques, Effondrement des libertés individuelles, Capitalisme menacé, Interventionnisme étatique, Distorsion de l'économie de marché, Impact de la monnaie Fiat, Émission monétaire contrôlée par l'État",32,"""Le Bitcoin : Symbole de Liberté et Révolution Post-URSS"""
cbd5b10fa7c06e6ed4797d7a762cf49d,droits & libertes,bitcoin : la monnaie liberte !,https://www.youtube.com/watch?v=0XSG_m8YQIM&list=PLj9lDruPFtBljCFcLcoD3bd5pGUGmHZWV&index=8, comment bitcoin change societe,"L'argent peut être un outil puissant pour le mal et la prospérité. Il est comparé à un couteau tranchant, soulignant qu'il ne doit pas être laissé entre les mains d'un groupe ou d'une personne. Le texte met en avant l'importance de relier la valeur de la terre à la réalité pour éviter la distorsion causée par les mensonges et la vanité.","L'argent comme arme pour le mal et outil pour la prospérité, La dangerosité de l'argent, La fonction de l'argent, Ne pas déléguer le rôle de l'argent, La connexion à la terre et la valeur foncière, La réévaluation de la réalité, La distorsion par les mensonges et la vanité, Sacrifice du futur pour le présent, Commencer par soi-même, L'individu comme point de départ, Objectif d'identifier les sujets clés",NAN,"""La puissance ambivalente de l'argent : entre vérité et vanité"""
b590b82b531a89de63c37869db03c34a,droits & libertes,"droits, libertes, et responsabilites !",https://www.youtube.com/watch?v=qDRqbG-VLDM&t=1147s, comment bitcoin change societe,"Le XXe siècle a été marqué par des événements cataclysmiques en raison des limitations financières des États et organisations, où la monnaie représente un travail passé et n'est pas infinie. La nécessité de financer la Première Guerre mondiale a conduit à la création d'argent inexistant, soulignant les défis de la création monétaire.","Le XXème siècle et ses événements cataclysmiques, La Première Guerre mondiale et le financement de la guerre, La déconnexion de la monnaie par rapport à l'or, L'évolution de la monnaie jusqu'à la perte de sa valeur réelle, L'importance de la confiance dans la valeur de la monnaie, Introduction à la discussion sur le Bitcoin et les cryptomonnaies, L'intérêt personnel pour le Bitcoin et son évolution, La découverte de la blockchain et de Bitcoin comme une révolution technologique, Les dangers du système monétaire traditionnel, La monna",NAN,"""Les Défis de la Création Monétaire au XXe Siècle"""
2bf5fb6c79685a7fe72a869566c906dd,droits & libertes,vie privee,https://www.youtube.com/watch?v=qDRqbG-VLDM&t=1432s, comment bitcoin change societe,"Le XXème siècle a été caractérisé par des événements cataclysmiques, notamment en raison des limitations financières des États et organisations qui étaient contraints par la rareté de l'argent, représentant le travail passé. La nécessité de financer la Première Guerre mondiale a conduit à la création d'argent inexistant, soulignant les implications de cette pratique.","Le XXème siècle comme un siècle cataclysmique, Limitations des États et organisations dans leurs capacités d'action, Financement de guerres par la création d'argent, Déconnexion de la monnaie par rapport à une réserve de métal précieux, Evolution de la monnaie jusqu'à la perte de sa valeur intrinsèque, Passage à une monnaie basée sur la confiance, Introduction de Bitcoin et des cryptomonnaies, Intérêt pour Bitcoin en tant que révolution technologique, économique, politique et culturelle, La monnaie comme institution cruciale dans l'histoire de l'human",NAN,"""Les Implications de la Création d'Argent Inexistant au XXème Siècle"""
c84cfb41f1c0a2140644a955a37da595,droits & libertes,bitcoin : une chance pour les droits de l'homme,https://yorickdem.medium.com/bitcoin-une-chance-pour-les-droits-de-lhomme-571f8cced00, comment bitcoin change societe,"Le bitcoin est présenté comme une cryptomonnaie sécurisée, résistante aux attaques informatiques et étatiques, très demandée et facile à échanger parmi les milliers de cryptomonnaies disponibles. L'article explore le potentiel du bitcoin en tant que moyen de protection des droits de l'homme, mettant en avant ses caractéristiques techniques avancées.","Bitcoin, Droits de l’homme, Cryptomonnaies, Sécurité informatique, Décentralisation, Anonymat, Surveillance, Liberté financière, Adoption du bitcoin dans le monde, Monnaies numériques de banques centrales, Protection contre l'inflation et la corruption, Adoption du bitcoin au Salvador, Amnesty International, Blockchain",,"""Le Bitcoin : Un Rempart Technologique pour les Droits de l'Homme"""
83b04273619b0a86df91b55fd464be66,droits & libertes,bitcoin : la monnaie liberte !,https://btctouchpoint.com/fr/3-pourquoi-choisir-bitcoin/, comment bitcoin change societe,"Le texte discute des raisons de choisir Bitcoin, mettant en avant son impact sur la société, la culture, et les individus. Il explore également les pièges et principes liés à Bitcoin, offrant des conseils pratiques et des ressources pour mieux comprendre et utiliser la cryptomonnaie.","Choix de Bitcoin comme monnaie, Caractéristiques de Bitcoin par rapport aux monnaies traditionnelles, Liberté de choisir Bitcoin, Mériter la confiance des utilisateurs, Amélioration continue de Bitcoin, Valeur de Bitcoin, Cercle vertueux de l'amélioration de Bitcoin",5,"""Bitcoin : Impact sur la société, pièges et conseils"""
88ef0a716f5a747c90d2c8e56cd771a8,droits & libertes,bitcoin : la monnaie liberte !,https://www.liber-the.com/yorick-de-mombynes/, comment bitcoin change societe,"Le texte discute du lien entre Bitcoin et la liberté, en mettant en avant des réflexions de Yorick de Mombynes. Divers sujets autour de la liberté sont abordés dans le contenu, tels que l'illusion du libre-arbitre sur internet et le rôle de la technologie en Afrique. La discussion s'étend également à des thèmes comme le cannabis, la philosophie et les perspectives futures concernant la liberté en Amérique en 2035.","Bitcoin et la liberté, Cryptomonnaies, Libertés individuelles, Vie privée, Surveillance, Création monétaire, Protection de l'épargne, Monnaie décentralisée, Limites à l'extension des pouvoirs de l'État, Économie Bitcoin, Argent liquide, Paiements numériques, Vie privée et cash, Contrôle des États, Cash numérique pair-à-pair, Transactions en bitcoins",8,"""Bitcoin, Liberté et Perspectives Futures: Réflexions de Yorick de Mombynes"""
