id,title,subtitle,links,quadrant,summary,descriptions,time_min,titles
cd696c77c6211b35299b18dc6a562f4b,energie,2.  minage de bitcoin : quelle utilisation d'energie ? comparee a quoi ?,https://www.youtube.com/watch?v=nV2b2xAMfmU, comment bitcoin change societe,"La vidéo aborde le thème de l'écologie de manière synthétique, offrant une perspective succincte par rapport à une précédente vidéo plus détaillée sur le sujet. L'importance de la biodiversité est soulignée, avec l'intention de maintenir la vidéo sous les 20 minutes.","Écologie, Bitcoin, Utilisation énergétique, Liberté financière, Censure, Monnaie digitale, Inflation, Survie, Système financier, Dette, Impression de billets, Banques centrales, Dévaluation de la monnaie, Énergie utilisée par les mineurs",33.0,"""Écologie en bref: l'importance de la biodiversité"""
8d3d39774b8d87700313a8b8f3d79840,energie,2.  minage de bitcoin : quelle utilisation d'energie ? comparee a quoi ?,https://www.youtube.com/watch?v=VsBnEzL5voM, comment bitcoin change societe,"Bitcoin est critiqué pour son impact environnemental, consommant plus d'énergie que certains pays. Des craintes sont exprimées quant à ses conséquences sur la planète, allant jusqu'à le lier à des problèmes tels que la pandémie de COVID-19, bien que ce lien ne soit pas fondé.","Bitcoin et son impact environnemental, Arguments contre Bitcoin liés à l'écologie, Méthodologies et hypothèses bancal pour évaluer l'impact écologique de Bitcoin, Difficulté de calculer précisément l'impact environnemental de Bitcoin, Controverses autour des rapports sur l'impact écologique de Bitcoin, Absence de corrélation entre nombre de transactions et consommation énergétique de Bitcoin, Gestion de l'énergie et évolution de la civilisation humaine, Lien entre énergie, environnement et développement économique, Importance de l'énergie dans le fonctionnement de la société, N",13.0,"""Impact environnemental du Bitcoin: Mythe ou réalité?"""
d3a6335e63f8380c380488a4cc60c927,energie,"1.  utiliser plus d'energie, est-ce un probleme ?",https://www.linkedin.com/posts/greg-de-temmerman_energyaccess-energytransition-climatechange-activity-7018490212024471552-bGfu/?utm_source=share&utm_medium=member_ios, comment bitcoin change societe,"Greg De Temmerman sur LinkedIn parle de l'accès à l'énergie, de la transition énergétique et du changement climatique. Le message mentionne l'utilisation de cookies par LinkedIn et des tiers pour améliorer les services et diffuser des publicités pertinentes. Il donne aux utilisateurs la possibilité d'accepter ou de refuser les cookies non essentiels.","#energyaccess, #energytransition, #climatechange, Consommation énergétique, Indice de développement humain (HDI), Accès à l'électricité, Corrélations entre HDI, consommation énergétique et accès à l'électricité, Énergie primaire, Électrification, Gains d'efficacité et sobriété",,"""Énergie, Transition Énergétique et Cookies: L'Engagement de Greg De Temmerman sur LinkedIn"""
71b72c37bdfaa30fbb9b7b4d67395d6b,energie,2.  minage de bitcoin : quelle utilisation d'energie ? comparee a quoi ?,https://btctouchpoint.com/fr/4-pourquoi-il-faut-a-la-fois-du-temps-et-des-efforts-pour-gagner-des-bitcoins/, comment bitcoin change societe,Le texte aborde la question de pourquoi il est nécessaire d'investir du temps et des efforts pour gagner des bitcoins. Il souligne l'importance de comprendre les principes de base de Bitcoin et met en lumière les défis et les avantages liés à l'utilisation de cette cryptomonnaie.,"Processus de création de monnaie, Différence entre monnaie d'État et Bitcoin, Création de bitcoins, Minage de bitcoins, Offre limitée de bitcoins, Travail et efforts pour gagner des bitcoins, Monnaie équitable, Choix de la monnaie Bitcoin",4.0,"""Comprendre l'importance de l'investissement en Bitcoin : Défis et avantages"""
10f38067cc39dd0b81e017f6ff7dc059,energie,2.  minage de bitcoin : quelle utilisation d'energie ? comparee a quoi ?,https://btctouchpoint.com/pourquoi-bitcoin-11-pourquoi-et-comment-bitcoin-utilise-lenergie/, comment bitcoin change societe,"Le texte discute de la manière dont Bitcoin utilise l'énergie, en expliquant pourquoi et comment cela se fait.","Utilisation de l'énergie par Bitcoin, Empêcher l'effacement d'enregistrements, Empêcher la falsification d'enregistrements, Mécanisme de preuve de travail, Double dépense, Consommation d'énergie de Bitcoin, Décentralisation, Rarete des bitcoins, Récompenses des mineurs",6.0,"""Bitcoin et l'Énergie : Explication de son Utilisation et Impact"""
0bf25083d9a95debc83b8c5b7befe1f5,energie,2.  minage de bitcoin : quelle utilisation d'energie ? comparee a quoi ?,https://btctouchpoint.com/fr/premiers-pas/n-ayez-pas-peur/, comment bitcoin change societe,"Le texte parle de Bitcoin et vise à rassurer les gens sur son utilisation en évoquant divers sujets tels que son impact sur la société et la culture, ainsi que les ressources disponibles pour mieux le comprendre.","Bitcoin, Doutes et scepticisme, Réfutation des critiques, Offre limitée de bitcoins, Bulle financière et Bitcoin, Histoire de la bulle des tulipes néerlandaise, Adoption et croissance de Bitcoin, Critiques sur la valeur de Bitcoin",31.0,"""Démystifier Bitcoin : Impact, Société et Ressources"""
9f0b3065c3948ba4d589ce1bf3efc21f,energie,"3.  vertus economiques, sociales, environnementales du minage",https://btctouchpoint.com/fr/premiers-pas/n-ayez-pas-peur/#demin, comment bitcoin change societe,"Le texte discute des premiers pas dans l'utilisation du Bitcoin, en mettant l'accent sur l'importance de ne pas craindre cette cryptomonnaie. Il aborde également divers sujets tels que l'impact de Bitcoin sur la société, la culture et les individus, tout en offrant des ressources pratiques et éducatives pour mieux comprendre son utilisation.","Introduction à Bitcoin, Craintes et doutes initiaux (FUD), Démystification des idées fausses sur Bitcoin, Réfutation des critiques sur Bitcoin, Offre limitée de Bitcoins, Caractère non-spéculatif de Bitcoin, Adoption et croissance de Bitcoin",,"""Découvrir le Bitcoin : Guide pratique pour une meilleure compréhension"""
d69728117f79f69f32d4406abf7eca89,energie,"3.  vertus economiques, sociales, environnementales du minage",https://btctouchpoint.com/fr/pourquoi-bitcoin-12-pourquoi-la-consommation-denergie-de-bitcoin-est-benefique-pour-notre-environnement/, comment bitcoin change societe,Le texte discute de l'impact positif de la consommation d'énergie de Bitcoin sur l'environnement. Il met en avant les avantages de cette consommation pour notre écosystème.,"Consommation d'énergie de Bitcoin, Avantages environnementaux, Utilisation d'énergie propre par Bitcoin, Transparence de la consommation d'énergie de Bitcoin, Incitation à l'épargne par Bitcoin, Stabilisation de l'accès à l'énergie grâce à Bitcoin, Minage de bitcoins pour l'efficacité énergétique",,"""L'Impact Positif de la Consommation d'Énergie de Bitcoin sur l'Environnement : Avantages pour l'É"
ebd31caa63c7d1380f0da18d62a3483f,energie,"3.  vertus economiques, sociales, environnementales du minage",https://www.cointribune.com/comment-le-mining-de-bitcoins-peut-transformer-le-secteur-de-lenergie/, comment bitcoin change societe,"Le texte discute du potentiel du mining de bitcoins pour transformer le secteur de l'énergie et invite à rejoindre un programme de fidélité en alpha test pour apprendre, participer et gagner des récompenses.","Mining de bitcoins, Énergie et réchauffement climatique, Avantages du mining de bitcoin, Critiques du mining de bitcoins, Coût de l'électricité pour les mineurs, Coopération avec l'industrie de l'énergie, Énergies renouvelables, Gestion des réseaux électriques, Transition énergétique, Éolien et solaire, Flexibilité de la demande d'électricité",,"""Le mining de bitcoins révolutionne l'énergie : Programme de fidélité en alpha test"""
8a3c4a287c4ccf1b9ef60d0a10851928,energie,"3.  vertus economiques, sociales, environnementales du minage",https://www.cnbc.com/amp/2022/12/06/jack-dorseys-block-backs-bitcoin-mining-firm-bringing-affordable-electricity-to-africa.html, comment bitcoin change societe,"Jack Dorsey's Block soutient une entreprise de minage de bitcoins qui souhaite fournir de l'électricité à bas prix en Afrique rurale, avec un objectif de 25 cents par kilowatt.","Jack Dorsey, Block, Alyse Killeen, Gridless, Bitcoin mining, Renewable energy, Africa, Electricity access, Energy problem, Solar capacity, Bitcoin consumption, Rural areas, Mini-grids, Financial incentives, Economic viability, Microgrids, Investment, Connectivity infrastructure",,"""Soutien de Jack Dorsey pour le Bitcoin Mining à bas prix en Afrique rurale"""
4a3c1b582ba3d26899561fb95cac7300,energie,"3.  vertus economiques, sociales, environnementales du minage",https://www.cnbc.com/2022/03/26/exxon-mining-bitcoin-with-crusoe-energy-in-north-dakota-bakken-region.html, comment bitcoin change societe,Exxon mine du bitcoin avec Crusoe Energy dans la région de Bakken en Dakota du Nord.,"ExxonMobil, Crusoe Energy Systems, Bitcoin mining, North Dakota, Bakken region, ConocoPhillips, Flare gas, Electricity generation, Bitcoin miners, Pilot program, Expansion, Emissions reduction",,"""Exxon exploite du bitcoin avec Crusoe Energy dans la région de Bakken en Dakota du Nord"""
af78933d17fd8298a4c7ccbe371690ae,energie,"3.  vertus economiques, sociales, environnementales du minage",https://www.coindesk.com/business/2022/01/26/how-bitcoin-contributions-funded-a-14m-solar-installation-in-zimbabwe/, comment bitcoin change societe,"Les contributions en Bitcoin ont financé l'installation d'une centrale solaire de 1,4 million de dollars au Zimbabwe, démontrant ainsi l'utilisation de la crypto-monnaie pour des projets d'impact social et environnemental.","Contributions de Bitcoin pour financer une installation solaire de 1,4 million de dollars au Zimbabwe, Prix de la cryptomonnaie, Indices du marché CoinDesk, Événements et webinaires, Contenu sponsorisé, Politique et régulation de la cryptomonnaie, Infrastructures de Web3, Contrats intelligents, Événements et conférences, Prix du Bitcoin, de l'Ether et d'autres cryptomonnaies, Gouvernance des jetons, Finances et NFT, Technologie blockchain, Sécurité des jetons, DeFi et hack, Formation sur les NFT",,"""Financement d'une centrale solaire au Zimbabwe grâce aux contributions en Bitcoin"""
726e3efb19c984ff894bc17aeff74bc7,energie,"3.  vertus economiques, sociales, environnementales du minage",https://www.satoshiaction.io/post/how-can-bitcoin-balance-the-grid, comment bitcoin change societe,Le minage de Bitcoin peut contribuer à stabiliser le réseau électrique en raison de sa capacité unique à s'allumer ou s'éteindre à tout moment.,"Bitcoin mining, Stabilizing the grid, Ancillary services, Demand response, Frequency regulation, Renewable energy, Electricity system, Grid stability, Power supply, Energy demand, Sustainability, Rate payers, Transition to renewable energy, Methane emissions, Growth of renewables",,"""Le minage de Bitcoin : un stabilisateur du réseau électrique"""
4be823f4f2749a81b72f72c89e049c3a,energie,4. d'une pierre deux coups : se chauffer en minant bitcoin,https://www.sciencesetavenir.fr/nature-environnement/aux-pays-bas-des-tulipes-poussent-grace-au-bitcoin_168191, comment bitcoin change societe,"Aux Pays-Bas, les tulipes sont cultivées en utilisant la chaleur dégagée par les ordinateurs utilisés pour miner du bitcoin.","Tulipes, Bitcoin, Serre, Pays-Bas, Minage de bitcoins, Cryptomonnaie, Gaz, Réchauffement de serre, Énergie renouvelable, Investisseurs, Tulipomania, Krach boursier, Histoire des tulipes, Agriculture aux Pays-Bas, Exportation agricole, Environnement, Conséquences environnementales",,"""Culture de tulipes aux Pays-Bas grâce à la chaleur des ordinateurs de minage de bitcoin"""
