id,title,subtitle,links,quadrant,summary,descriptions,time_min,titles
1bb2649c034e28bc134dc508b79a30e5,environnement,1. des attaques orchestrees sur ce vecteur  privilegie...,https://www.weforum.org/agenda/2017/12/bitcoin-consume-more-power-than-world-2020/, comment bitcoin change societe,"Bitcoin consomme plus d'électricité que de nombreux pays, dépassant la consommation mondiale actuelle. Une transaction Bitcoin pourrait alimenter une maison pendant un mois.","Bitcoin, Consommation d'énergie, Blockchain, Transaction Bitcoin, Impact environnemental, Pays, Transition énergétique, Jetons non fongibles (NFT), Stockage de données blockchain, Cryptomonnaie",2.0,"""La consommation électrique élevée du Bitcoin: Dépassant les pays et alimentant des maisons"""
fc64c263305cef05607aa171ff75c366,environnement,1. des attaques orchestrees sur ce vecteur  privilegie...,https://btctouchpoint.com/fr/premiers-pas/n-ayez-pas-peur/#demin, comment bitcoin change societe,"Le texte aborde l'idée de ne pas craindre Bitcoin et fournit des ressources et conseils sur son utilisation, son impact sur la société et la culture, ainsi que sur la transformation personnelle.","Bitcoin, Doutes (FUD Fear, Uncertainty and Doubt), Idées fausses sur Bitcoin, Réfutation des critiques, Offre limitée de bitcoins, Bulle financière, Cycles d'appréciation de Bitcoin, Critiques sur la valeur intrinsèque de Bitcoin",31.0,"""Explorer l'univers de Bitcoin : ressources et conseils pour une transformation personnelle"""
2e7e6ef7837b4ecfc389788114bfd7bd,environnement,1. des attaques orchestrees sur ce vecteur  privilegie...,https://www.lemonde.fr/economie/article/2022/01/07/le-minage-du-bitcoin-consomme-autant-d-electricite-qu-un-pays-comme-la-finlande_6108547_3234.html, comment bitcoin change societe,Le minage du bitcoin consomme une quantité d'électricité équivalente à celle d'un pays comme la Finlande.,"Minage de Bitcoin, Consommation d'électricité, Pays comme la Finlande, Cryptomonnaie",9.0,"""Le minage de Bitcoin : Consommation d'électricité comparable à celle de la Finlande"""
70d40fb3371a15a86a3537b7fafab36f,environnement,2. des accusations  a l'oppose des realites !,https://btctouchpoint.com/fr/pourquoi-bitcoin-12-pourquoi-la-consommation-denergie-de-bitcoin-est-benefique-pour-notre-environnement/, comment bitcoin change societe,"Le texte discute de l'avantage environnemental de la consommation d'énergie de Bitcoin, suggérant qu'elle est bénéfique pour l'environnement.","Consommation d'énergie de Bitcoin, Avantages pour l'environnement, Utilisation d'énergie propre, Transparence sur la consommation d'énergie, Encouragement de l'épargne et usage responsable de l'énergie, Stabilisation de l'accès à l'énergie, Minage de bitcoins et efficacité énergétique",6.0,"""Les Bienfaits Environnementaux de la Consommation d'Énergie de Bitcoin"""
4674583826a8e06e71a4891555c5b0f9,environnement,2. des accusations  a l'oppose des realites !,https://lemag.ird.fr/fr/quand-lextraction-de-lor-fait-proliferer-des-bacteries-devoreuses-de-chair, comment bitcoin change societe,"L'extraction de l'or peut favoriser la prolifération de bactéries nécrosantes, ce qui soulève des préoccupations sanitaires.","Extraction de l'or, Bactéries dévoreuses de chair, Maladie de l'ulcère de Buruli, Impact sur les populations, Exploitation minière, Environnement pollué, Maladies tropicales, Mycobacterium ulcerans, Mycolactone, Transmission de maladies, Exploitation minière en Guyane, Projet ""Montagne d'or"", Impact écologique, Biodiversité, Exploitation minière artisanale, Opération Harpie",10.0,"""Risques sanitaires liés à l'extraction de l'or : prolifération de bactéries nécrosantes"""
