id,title,subtitle,links,quadrant,summary,descriptions,time_min,titles
fa4677638708a6c5c051be0e07145710,etre paye en bitcoin,gagner  des sats,https://www.youtube.com/watch?v=R3NWkS7x4A8&list=PLinTFKehfR4wGzSb41gAaFFImT9c_hrJV&index=18, comment j'utilise bitcoin,"Roxy explique comment obtenir 1000 km de bitcoin en utilisant ses efforts et connaissances, au lieu de les acheter. Elle aborde l'intérêt de cette démarche, comment y parvenir, et les erreurs à éviter.","Bitcoin, Obtention de bitcoins, Travail pour obtenir des bitcoins, Éviter l'achat de bitcoins, Économie circulaire, Pair à pair, Vie privée, Cash digital, Flux de trésorerie, Scénarios et options, Vente de biens et services en bitcoins, Paiement en bitcoins, Remboursement en bitcoins, Partie du salaire en bitcoins, Transformation du salaire en bitcoins, Risques associés, Partenariat avec l'employeur",NAN,"""Obtenir 1000 km de Bitcoin : Stratégies, Efforts et Erreurs à Éviter"""
9a5b94bc5df2f5105c076573d09463a5,etre paye en bitcoin,gagner  des sats,https://bitcoin.fr/obtenir-des-bitcoins/, comment j'utilise bitcoin,"Le texte aborde des informations sur l'obtention de bitcoins et fournit des ressources pour comprendre et utiliser cette crypto-monnaie. Il met en avant des outils et applications liés au bitcoin, ainsi que des conseils pour dépenser des bitcoins. Le site bitcoin.fr offre des informations utiles et des contacts pour ceux intéressés par les bitcoins.","Obtenir des bitcoins, Places de marché, Obtention gratuite de fractions de bitcoin, Programmes d'affiliation, Minage de bitcoins, Vente de biens par petites annonces, Gagner des intérêts sur les bitcoins, Escroqueries liées au bitcoin, Plateformes de trading, Séquestre et vente de bitcoins, Changes physiques, Distributeurs de Bitcoin, Sites de faucets, Malwares et escroqueries, Programmes d'affiliation, Minage de bitcoins",10,"""Guide pratique du bitcoin : ressources, outils et conseils pour les utilisateurs"""
2c432ba4f055889542e5c8a43aac39ca,etre paye en bitcoin,gagner  des sats,https://www.stacksats.how/, comment j'utilise bitcoin,"Des millions de personnes empilent des sats en jouant à des jeux, en écoutant des podcasts, en prenant des appels téléphoniques et en partageant du contenu. Des applications existent pour aider à accumuler des sats. Un bulletin d'information hebdomadaire est disponible pour ceux qui souhaitent en savoir plus.","Gagner du Bitcoin, Stacker des sats, Créateurs, Jeux, Emplois, Commerçants, Récompenses, Tâches, Échanges, Liquidity, Réseaux sociaux, Podcasts, Contenu, Monétisation, Shopping, Paiements Bitcoin, Lightning Network, Cartes cadeaux, Crypto-monnaie, Crowdfunding, Vidéos payantes, Jeux mobiles, Applications, Plateformes sociales, Bounties, Développement web, Microtâches, Carte de crédit Bitcoin, Plateforme",,"""Accumuler des Sats: Jeux, Podcasts et Bulletins d'Information"""
db4985c5dc7a689280b94e8ef2a98e16,etre paye en bitcoin,gagner  des sats,https://bitcoiners.africa/places-to-earn-sats/, comment j'utilise bitcoin,"Le texte discute de différents moyens pour les Bitcoiners africains de gagner des Sats, en présentant des ressources d'apprentissage, des offres d'emploi et des défis pour accumuler des bitcoins.","Gagner des sats, Lieux pour gagner des bitcoins, Yalls, Thundergames, Microlancer, Stacker News, Zion, Bitcoin Magazine App, Satlantis, Mash, Emplois, Fountain FM, Sats4like, Hey Apollo, sMiles, Hunting Sats, Slice, Freebitcoin, Cointiply, The Dailyness App, BTC Podcasting, SOST, Yzer",4,"""Acquérir des Bitcoins en Afrique : Ressources, Emplois et Défis pour les Bitcoiners"""
ccc68f65e3b25fdd9f6e8e5f967f7838,etre paye en bitcoin,gagner  des sats,https://www.bitstack-app.com/carte, comment j'utilise bitcoin,"La carte Bitstack permet de gagner du bitcoin à chaque dépense, avec un système d'arrondi. L'application propose cette opportunité et explique le fonctionnement de ce concept, ainsi que des informations sur la sécurité. L'inscription est ouverte pour tester la carte en exclusivité.","Carte Bitstack, Bitcoin, Application, Arrondi, Sécurité, Tarifs, Blog, Recrutement, FAQ, Communauté, Conditions générales de vente, Politique de confidentialité, Autorité des Marchés Financiers, Risque de perte en capital",1,"""La Carte Bitstack: Gagnez du Bitcoin à Chaque Dépense!"""
