id,title,subtitle,links,quadrant,summary,descriptions,time_min,titles
366080441ae7180abce92185a94d7a3a,eviter les pieges et arnaques,identifier  les risques,https://www.youtube.com/watch?v=LeyI3CBw2g4&list=PLinTFKehfR4wGzSb41gAaFFImT9c_hrJV&index=2, comment j'utilise bitcoin,"Le texte parle du guide Roxy qui accompagne dans le monde du bitcoin en expliquant les bases, les précautions à prendre pour éviter les arnaques financières, et comment acquérir, stocker et ne pas perdre d'argent avec cette cryptomonnaie.","Bitcoin, Arnaques financières, Pyramides de Ponzi, Bernard Madoff, Bitconnect, Manipulation de marché, Pompage et vidage, Bulle spéculative, Risques d'investissement, Prévention des pertes d'argent, Recherches personnelles, Liquidité des actifs, Amateurs dans la crypto-monnaie, Conseils de prudence",NAN,"""Guide complet pour naviguer dans le monde du bitcoin"""
b1272861c143a0a52a8dadcdc923d951,eviter les pieges et arnaques,identifier  les risques,https://btctouchpoint.com/fr/premiers-pas/pieges-et-principes/#pieges, comment j'utilise bitcoin,"Le texte aborde les pièges et principes de l'utilisation de Bitcoin, en encourageant à ne pas avoir peur d'explorer cette technologie. Il fournit des conseils et des ressources pratiques pour mieux comprendre et utiliser Bitcoin, ainsi que des réflexions sur son impact sociétal et culturel.","Pièges et principes liés à l'utilisation de Bitcoin, Principe de sécurité : Pas tes clés, pas tes bitcoins, Principe de vérification des transactions, Stratégie d'investissement : HODL, Conseils pour éviter les pièges (stockage des mots clés, ne pas partager les clés privées, vérifier les adresses, retirer les bitcoins des exchanges, utiliser l'authentification à deux facteurs)",9,"Exploration de Bitcoin : Pièges, Principes et Perspectives"
87a5795de0a15c0f5fc699fa9f28755e,eviter les pieges et arnaques,identifier  les risques,https://bitcoin.fr/comment-acheter-des-bitcoins-sans-se-faire-arnaquer/, comment j'utilise bitcoin,"Le texte aborde les précautions à prendre pour acheter des bitcoins en toute sécurité, en évitant les arnaques.","Escroqueries liées aux bitcoins, Reconnaître les signes d'escroquerie, Types d'escroqueries, Précautions à prendre, Différenciation entre Bitcoin et autres projets, Choix de plateforme fiable pour l'achat de bitcoins, Enregistrement des sociétés de bitcoins auprès de l'AMF, Plateformes recommandées pour l'achat de bitcoins, Plateformes de trading populaires, DEX (plateformes décentralisées)",7,"""Acheter des Bitcoins en Toute Sécurité : Précautions Contre les Arnaques"""
f624ff79402642bafc9a7fc3ebdb75f8,eviter les pieges et arnaques,identifier  les risques,https://bitcoiner.guide/lostbitcoin/, comment j'utilise bitcoin,"Un article met en garde les nouveaux arrivants sur les 10 façons les plus courantes de perdre le contrôle de leurs Bitcoins, soulignant les risques des récentes attaques de phishing sur Ledger. Malgré ces risques, l'article encourage à s'engager dans le monde du Bitcoin tout en restant vigilant.","Risques liés à la perte de Bitcoin, Mots de passe de sauvegarde et passphrases, Clés privées, Sauvegardes, Hacks d'échange, Attaques de phishing, Sécurité matérielle",9,"""10 façons de protéger vos Bitcoins : Prévenir les risques de phishing sur Ledger"""
