id,title,subtitle,links,quadrant,summary,descriptions,time_min,titles
d5afb60b020fad0907c8634937843f65,inclusion sociale,1. des services financiers pour tous !,https://www.youtube.com/watch?v=d5AvBsxRMYk, comment bitcoin change societe,"L'Afrique connaît actuellement une révolution silencieuse, avec des défis tels que l'absence d'Internet et de services financiers intégrés. La dégradation en Afrique du Sud reflète des tendances mondiales, tandis que la fragmentation des systèmes bancaires complique les transactions financières. Satoshi Nakamoto est salué pour la création du Bitcoin.","Révolution silencieuse en Afrique, Fragmentation des systèmes bancaires et de paiement en Afrique, Problèmes liés à l'accès aux services financiers en Afrique, Utilisation de Bitcoin en Afrique, Centre d'éducation Bitcoin Ekasi en Afrique du Sud, Importance de l'éducation sur Bitcoin pour les enfants, Sécurisation des clés privées Bitcoin, Stockage sécurisé des mots de passe Bitcoin, Utilisation pratique de Bitcoin dans la vie quotidienne, Problèmes énergétiques en Afrique du Sud, Projet pour envoyer et recevoir Bitcoin sans internet en Afrique du Sud",9.0,"""Révolution silencieuse en Afrique: Défis technologiques et financiers à surmonter"""
3958161e336191dbbd9b8bb3b241858f,inclusion sociale,1. des services financiers pour tous !,https://www.youtube.com/watch?v=yg1-FujivDA, comment bitcoin change societe,"L'inclusion financière vise à garantir l'accès de tous aux services bancaires modernes tels que les paiements, l'épargne, les investissements et le crédit, améliorant ainsi la qualité de vie de manière significative.","Inclusion financière, Accessibilité aux services financiers, Paiements, versements, épargne, investissements, Accès au crédit, Institutions financières, banques, services, Infrastructures déficientes, Microfinance, ingénierie financière, fintech, Intégration locale, Responsabilité sociale, Financement de plus de 13 millions de personnes, Besoins et opportunités d'investissement",3.0,"""Améliorer la Qualité de Vie grâce à l'Inclusion Financière"""
c2db664d784b06f582d9201ed91081cc,inclusion sociale,1. des services financiers pour tous !,https://btctouchpoint.com/fr/pourquoi-bitcoin-5-pourquoi-vous-navez-pas-besoin-dautorisation-pour-utiliser-bitcoin/, comment bitcoin change societe,Le texte discute du fait que l'utilisation de Bitcoin ne nécessite pas d'autorisation. Il aborde les avantages de cette caractéristique et explique comment Bitcoin peut être utilisé sans avoir besoin d'approbation préalable.,"Utilisation de Bitcoin sans autorisation, Liberté d'utilisation de Bitcoin, Absence de besoin de permission pour utiliser Bitcoin, Caractère universel du droit d'utilisation de l'argent selon Bitcoin, Neutralité de Bitcoin envers les utilisateurs, Accessibilité de Bitcoin à toute personne, en tout lieu et à tout moment, Bitcoin fonctionne indépendamment des entités humaines, Fonctionnement de Bitcoin basé sur des règles mathématiques",5.0,"""Bitcoin: Liberté d'Utilisation Sans Autorisation Préalable"""
dd629630d28470039fae975416f6513c,inclusion sociale,1. des services financiers pour tous !,https://btctouchpoint.com/fr/pourquoi-bitcoin-17-pourquoi-bitcoin-est-linstitution-la-plus-inclusive-du-monde/, comment bitcoin change societe,"Le texte discute de la question de savoir pourquoi Bitcoin est considéré comme l'institution la plus inclusive du monde, en explorant son impact sur la société et la culture. Il fournit des ressources telles que des podcasts, des articles et des cours pour aider à comprendre Bitcoin et son influence.","Inclusion, Discrimination injuste, Bitcoin, Institution, Liberté, Pouvoir, Universalité, Monnaie, Intégrité, Égalité, Humanité, Système, Acceptation, Utilisation, Diversité",4.0,"""Bitcoin: L'Institution Inclusive Incontournable du Monde Moderne"""
26967231aedd9b1fd3a95857b972a486,inclusion sociale,1. des services financiers pour tous !,https://medium.com/@abhayhodl/how-to-send-a-1-gift-from-us-to-india-39b2ebd444aa, comment bitcoin change societe,Un service nommé GetBit permet d'envoyer des dons aussi peu que 1 $ des États-Unis vers l'Inde instantanément et gratuitement. Les destinataires en Inde reçoivent les fonds en roupies indiennes sans frais.,"Transfert d'argent, Cadeaux, États-Unis, Inde, Bitcoin, Réseau Lightning Bitcoin, Applications de portefeuille, Frais de transaction, Retrait d'argent, KYC (Know Your Customer), SMS et e-mail, Téléchargement d'application, Compte bancaire, Simple et rapide",,"""Envoyer des Dons Instantanément de 1 $ des États-Unis vers l'Inde avec GetBit"""
