id,title,subtitle,links,quadrant,summary,descriptions,time_min,titles
8528c34ffb8fc3daa6fe076c4970b189,liberte,liberte  et souverainete individuelle,https://www.youtube.com/watch?v=qDRqbG-VLDM&t=1147s, comment bitcoin influ culture,"Le XXème siècle a été marqué par des événements cataclysmiques, notamment la Première Guerre mondiale, en raison des limitations des États et organisations liées à la capacité financière limitée, basée sur la représentation du travail passé par l'argent, empêchant sa création infinie pour financer des guerres.","XXème siècle cataclysmique, Limitations des États et organisations, Création d'argent pour financer la guerre, Déconnexion de la monnaie par rapport au réel, Création des crypto-monnaies, Bitcoin comme révolution technologique et monétaire, Intérêt pour les cryptomonnaies et la blockchain, Dangers du système monétaire actuel, Impact financier, économique, politique et culturel des cryptomonnaies, Histoire et importance de la monnaie dans l'humanité",NAN,"""Limitations financières: Un frein aux guerres du XXème siècle"""
f0e4837d9d4908b7267caf2f983431e9,liberte,liberte  et souverainete individuelle,https://www.youtube.com/watch?v=9vM0oIEhMag&t=2s, comment bitcoin influ culture,"Le gouvernement n'est pas un ennemi unique mais plutôt une entité multiple. Un groupe de mathématiciens, marginaux, hackers et passionnés s'est réuni dans les années 1990 pour lutter contre la surveillance en utilisant la cryptographie comme arme. Ils croyaient que l'internet pourrait soit détruire les barrières artificielles, soit préparer le terrain pour un État orwellien.","Gouvernement et surveillance, Cryptographie comme arme, Cyberpunks et activistes de la cryptographie, Technologie et société, Liberté humaine et technologie de l'information, Cypherpunk et mouvement, Internet et révolution technologique, Anarchie cryptographique, Décentralisation du commerce, Économiste Friedrich Hayek, Marché mondial sans frontières, Commerce électronique et pouvoir gouvernemental, Phil Salen et vision économique, Service en ligne et shopping, Transformation des rôles traditionnels, Réduction des coûts de transaction, Exploration de nouvelles frontières et",NAN,Les Gardiens de la Liberté Numérique: Lutte contre la Surveillance et la Cryptographie
5db26e286f2f79b4d994a653391fb9e1,liberte,liberte  et souverainete individuelle,https://btctouchpoint.com/fr/3-pourquoi-choisir-bitcoin/, comment bitcoin influ culture,"Le texte discute des raisons de choisir Bitcoin, en mettant en avant son impact sur la société et la culture, ainsi que sur la façon dont il influence les individus. Il aborde également des ressources pratiques telles que des podcasts, des articles et des livres pour mieux comprendre Bitcoin.","Choix de Bitcoin comme monnaie, Caractéristiques de Bitcoin par rapport aux devises traditionnelles, Liberté de choix offerte par Bitcoin, Nécessité pour Bitcoin de mériter la confiance des utilisateurs, Adaptabilité de Bitcoin en tant que logiciel, Amélioration constante de Bitcoin, Valeur de Bitcoin basée sur le choix des utilisateurs, Cercle vertueux de l'amélioration de Bitcoin, Influence de Bitcoin sur la société et la culture",5,"""Bitcoin : Impact sur la société, la culture et les individus"""
c4c9d4616272e6b2fd668d998a0a363d,liberte,liberte  et souverainete individuelle,https://www.liber-the.com/yorick-de-mombynes/, comment bitcoin influ culture,"Le texte aborde le lien entre Bitcoin et la liberté, explorant comment la cryptomonnaie peut impacter la notion de liberté individuelle et les systèmes financiers.","Bitcoin et les libertés individuelles, Protection de la vie privée, Surveillance financière, Création monétaire artificielle, Régime monétaire de Bitcoin, Limites au financement de la sphère publique, Déclin du cash et paiements numériques, Vie privée et anonymat, Disparition du cash physique, Contrôle des États, Cash numérique pair-à-pair",8,"""Bitcoin et la liberté financière : Impacts sur l'individualité et les systèmes financiers"""
