id,title,subtitle,links,quadrant,summary,descriptions,time_min,titles
17f04f4bd3c5d672bbaf6ed17891710a,mon commerce et bitcoin,accepter bitcoin dans son commerce,https://www.youtube.com/watch?v=_yAyJReq3Dg, comment j'utilise bitcoin,"Roxy présente Suisse Bitcoin P, une solution pour accepter Bitcoin dans les commerces. La plateforme est mondiale, intègre Lightning, simple et conviviale, adaptée aux commerçants, employés, bars et restaurants.","Accepter Bitcoin dans votre commerce, Solution SuisseBitcoin P, Accessible mondialement, Intégré à Lightning Network, Convivial pour commerçants et employés, Comparaison avec d'autres solutions (BTCP Server), Processus de création de compte, Utilisation de l'application Swiss Bitcoin T, Paiement en Bitcoin et Lightning, QR code unifié, Paiement sans contact NFC",16,"""Roxy lance Suisse Bitcoin P : une solution conviviale pour accepter Bitcoin en commerce"""
44c0f190bbcdb6d979d226208b11df25,mon commerce et bitcoin,accepter bitcoin dans son commerce,https://www.youtube.com/watch?v=l9E6NDI72uY&t=103s, comment j'utilise bitcoin,"Jimmy, un développeur, a créé une entreprise proposant un terminal de paiement Bitcoin, Leving Network, visant à rendre simple l'acceptation de Bitcoin dans les commerces en une minute.","Développeur et entreprise de terminal de paiement Bitcoin, Solution de paiement simple et accessible, Inscription rapide pour commencer à accepter les paiements en Bitcoin, Portefeuille Bitcoin nécessaire, Custodie des Bitcoins, Sécurité des fonds, Processus de paiement avec QR code, Utilisation d'un portefeuille Bitcoin pour effectuer un paiement, Envoi de paiement en direct, Réception des paiements en Bitcoin, Démarche pour commencer à accepter les paiements en Bitcoin",NAN,"""Leving Network : Simplifier l'Acceptation du Bitcoin en une Minute"""
ada34d99d820b33b22d869f02b4b29c0,mon commerce et bitcoin,apparaitre sur la carte des commerces acceptant bitcoin !,https://btctouchpoint.com/fr/ressources/solutions-pratico-pratiques/#commerces, comment j'utilise bitcoin,"Le texte présente des solutions pratiques et pratiques liées à Bitcoin, incluant des guides, des conseils, des ressources telles que des podcasts, des articles, des mèmes, des livres, un lexique, des cours et un blog. Il aborde également l'influence de Bitcoin sur la société, la culture et les individus.","Solutions pratico-pratiques, Bitcoin meet-ups, Commerces acceptant le bitcoin, Exchanges de crypto-monnaies, Outils pour Bitcoin, Ambassadeurs Bitcoin, BTC Map, Solutions KYC, Paymium, StackinSat, Binance, Coinbase, Kraken, Sécurité des données personnelles et bitcoins, Solutions sans KYC",11,"""Exploration complète de Bitcoin : Guides, ressources et impact sur la société"""
1559accea01f0bafc4b98536766b85bd,mon commerce et bitcoin,accepter bitcoin dans son commerce,https://decouvrebitcoin.fr/premiers-pas-pour-accepter-bitcoin-dans-son-commerce/, comment j'utilise bitcoin,"Le texte aborde les premiers pas pour accepter Bitcoin dans un commerce, mettant en lumière les solutions et les démarches nécessaires pour intégrer cette cryptomonnaie dans les transactions commerciales.","Accepter Bitcoin dans son commerce, Solutions mobiles pour commerçants, Nœuds Lightning Network, Portefeuilles Bitcoin, Frais et QR codes, Aspect juridique et éthique, El Salvador et Bitcoin, Sécurité des transactions, Utilisation des portefeuilles LN, Adresse Lightning et factures LN, Solutions temporaires et à long terme, Portefeuilles custodiaux et non-custodiaux, Utilisation de CoinOS, Configuration d'une adresse Lightning, Encaissement des paiements en Bitcoin",20,"""Intégrer Bitcoin dans le commerce : Solutions et Démarches Essentielles"""
dee9a7682293040a3ac52d51f7fa5b20,mon commerce et bitcoin,accepter bitcoin dans son commerce,https://docs.google.com/presentation/d/1AvrTcGBYX2tDYOcGo-a3AI2lB7dd-9ALGyxpTz8W5bY/edit#slide=id.p, comment j'utilise bitcoin,"Le texte parle de l'utilisation du bitcoin dans le commerce. Il semble être un diaporama qui met en avant comment le bitcoin peut être utilisé dans le commerce, mais il nécessite l'activation de JavaScript pour être consulté.","Mon commerce, Bitcoin, JavaScript, Navigateur, Diaporama, Compatibilité, Présentation",0,"""Bitcoin dans le Commerce : Potentiel et Utilisation Requérant JavaScript"""
