id,title,subtitle,links,quadrant,summary,descriptions,time_min,titles
63923ad72ca6713422ed2d7b60b3e8da,mouvement de paix,1. des  artisans  de paix,https://btctouchpoint.com/fr/pourquoi-bitcoin-27-pourquoi-bitcoin-est-un-mouvement-de-paix/, comment bitcoin influ culture,"Bitcoin est présenté comme un mouvement de paix dans l'article, soulignant son influence sur la société, la culture et les individus. Il met en lumière comment Bitcoin peut changer les paradigmes existants et offrir des alternatives pratiques pour les utilisateurs.","Bitcoin comme mouvement de paix, Liberté et sécurité financière, Échange consensuel, Protection par Bitcoin, Déclaration unilatérale de paix, Offre du Bouclier, Valeur de Bitcoin, Coexistence pacifique, Influence de Bitcoin sur la société et la culture",7.0,"""Bitcoin : Un Mouvement de Paix Transformateur"""
76ce27cc656a483c193b775a1e80c403,mouvement de paix,1. des  artisans  de paix,https://tomerstrolight.medium.com/bitcoin-is-a-declaration-of-peace-78204ba9cf9c, comment bitcoin influ culture,"Le texte affirme que Bitcoin est une déclaration de paix, symbolisant une volonté de ne pas se battre. L'auteur souligne qu'il préfère éviter les conflits pour ne pas se blesser ni blesser autrui. La cryptomonnaie est présentée comme un moyen de promouvoir la paix en évitant les confrontations inutiles.","Bitcoin, Déclaration de paix, Échange mutuellement convenu, Bouclier financier, Protection contre le vol, Respect et décence, Commerce pacifique, Liberté et paix, Amour et respect, Croissance et harmonie",7.0,"""Bitcoin : Promouvoir la Paix par l'Évitement des Conflits"""
88da2a3444575f64728cb10851ac047b,mouvement de paix,1. des  artisans  de paix,https://tomerstrolight.medium.com/if-you-love-freedom-the-earth-and-the-environment-consider-becoming-a-bitcoiner-cb06dab09d53, comment bitcoin influ culture,"Le Bitcoin est présenté comme le phénomène le plus incompris actuellement, et pour être aussi mal compris, il faut d'abord que les gens en aient conscience. L'article invite à considérer de devenir un amateur de Bitcoin pour ceux qui apprécient la liberté, la Terre et l'environnement.","Bitcoin, Misunderstood, Awareness, Complexity, Cryptography, Exponential growth, Media, Freedom, Government, Money, Decentralization, Regulation",,"""Devenir un Amateur de Bitcoin: Liberté, Terre et Environnement"""
4db59d91a970b9a68472959009525ea8,mouvement de paix,2. les  criminels agissent plus volontiers dans le systeme fiat,https://btctouchpoint.com/fr/premiers-pas/n-ayez-pas-peur/#demin, comment bitcoin influ culture,"Le texte traite des premiers pas dans l'utilisation de Bitcoin et vise à rassurer en encourageant à surmonter la peur initiale. Il aborde des sujets tels que l'impact de Bitcoin sur la société, la culture et les individus, proposant des ressources et des conseils pratiques pour mieux comprendre et utiliser cette cryptomonnaie.","Bitcoin, FUD (Fear, Uncertainty and Doubt), Démystification, Critiques sur Bitcoin, Réfutations, Offre limitée de bitcoins, Bulle financière, Cycles d'appréciation de Bitcoin, Adoption de Bitcoin, Comparaison avec la bulle des tulipes, Valeur de Bitcoin",31.0,"""Bitcoin: Surmonter la Peur Initiale et Comprendre Son Impact Sociétal"""
80904c19e110cb8d7ec00f5486e3c55c,mouvement de paix,2. les  criminels agissent plus volontiers dans le systeme fiat,https://m-20minutes-fr.cdn.ampproject.org/c/s/m.20minutes.fr/amp/a/4013086, comment bitcoin influ culture,Les Français sont les plus victimes d'escroqueries bancaires en Europe selon une enquête.,"Escroqueries bancaires en Europe, Français victimes d'arnaques en ligne, Techniques des escrocs, Messages frauduleux, Vigilance des consommateurs, Recommandations des autorités publiques, Remboursement des victimes par les banques, Cybercriminalité, Manipulation des consommateurs, Banque de France, Arnaques à la sortie des magasins, Phishing au Crédit Agricole, Cybersécurité, Fraude informatique, Faux billets, Données personnelles sur Twitter",4.0,Les Français leaders des victimes d'escroqueries bancaires en Europe
7d9b72730e6a0e4f9322a2a131bdb720,mouvement de paix,2. les  criminels agissent plus volontiers dans le systeme fiat,https://btctouchpoint.com/pourquoi-bitcoin-19-pourquoi-il-ne-faut-pas-avoir-peur-du-bitcoin/, comment bitcoin influ culture,"Le texte aborde des raisons pour lesquelles il ne faut pas craindre le Bitcoin, proposant des conseils sur la manière d'utiliser cette crypto-monnaie, son impact sociétal et culturel, ainsi que des ressources pratiques pour mieux comprendre Bitcoin.","Bitcoin, Peur, Danger, Découverte, Couteau, Apprentissage, Progrès, Compétences, Réfutation, Argent, Monnaie, Épargne, Envoyer et recevoir de l'argent, Sécurité, Stratagème, Environnement",4.0,"""Démystifier le Bitcoin : Conseils, Impact et Ressources Pratiques"""
