id,title,subtitle,links,quadrant,summary,descriptions,time_min,titles
3043fafd833e16e2d7071f377a837443,nutrition & sante,degradation des habitudes alimentaires,https://www.youtube.com/watch?v=aJBC50y_0Hw, comment bitcoin change societe,"Cette vidéo présente des preuves de l'épidémie d'obésité aux États-Unis en utilisant les cartes de l'obésité du CDC. Les données sont disponibles à partir de 2011, avec une méthodologie différente avant cette date. Un lien vers le site Web du CDC contenant ces données est proposé pour plus d'informations.","Épidémie d'obésité aux États-Unis, Données de l'obésité basées sur l'IMC, Progression des taux d'obésité par année (2011-2019), Prévalence de l'obésité par État, Augmentation des taux d'obésité, Impact de l'obésité aux États-Unis, Statistiques de l'obésité en 2019, Pourcentage de la population en surpoids ou obèse, Préoccupation mondiale de l'obésité",8,L'épidémie d'obésité aux États-Unis : Analyse des cartes du CDC
793ed45652441c2ac98d14d9b239c3e1,nutrition & sante,degradation des habitudes alimentaires,https://www.youtube.com/watch?v=Z5-xuka4e74, comment bitcoin change societe,Le texte mentionne l'importance de la santé dentaire liée à la consommation de poisson et de lait pour prévenir les caries. Il souligne que la carie dentaire est une maladie répandue à l'échelle mondiale.,"Caries dentaires, Alimentation, Études de santé dentaire, Comparaison des régimes alimentaires, Effets de la nourriture moderne sur la santé dentaire, Visites d'étude: Suisse, Hébrides extérieures, Alaska, Eskimos, Indiens du Nord de la Colombie-Britannique et du territoire du Yukon, îles du Pacifique Sud, Santé dentaire des populations isolées, Consommation de produits locaux, Alimentation traditionnelle vs alimentation moderne, Forme des arcades dentaires, Immunité aux maladies dentaires, Effets de l'al",15,"""Prévenir les caries dentaires avec une alimentation saine"""
5bdab1ea835a54e5c8a547dc21422e07,nutrition & sante,retour aux fondamentaux - ne te fie pas : verifie !,https://www.youtube.com/watch?v=AO0NDci7yVQ, comment bitcoin change societe,"L'alimentation joue un rôle majeur dans la santé cardiovasculaire, mais les preuves scientifiques soutenant les recommandations nutritionnelles sont faibles. Les anciens conseils diététiques, tels que l'évitement des aliments riches en gras ou en cholestérol, sont remis en question. Certains gras de qualité sont en réalité bénéfiques pour la santé.","Influence de l'alimentation sur la santé cardiovasculaire, Faiblesse des preuves scientifiques des recommandations nutritionnelles, Remise en question des préceptes alimentaires traditionnels, Importance du sucre par rapport aux graisses, Sources de sucre dans les aliments comme le pain, les pâtes, les céréales, etc., Nécessité de revoir les recommandations alimentaires pour prévenir les maladies, Impacts des sucres et des glucides sur l'obésité et le diabète, Changements dans l'alimentation pour réduire les glucides, Effets bénéfiques d'un rég",29,"""Les Graisses de Qualité : Des Alliées pour la Santé Cardiovasculaire"""
4a4cdd4b61ddc54de70b94f48089b64c,nutrition & sante,retour aux fondamentaux - ne te fie pas : verifie !,https://www.youtube.com/watch?v=2CGgyirfPm8, comment bitcoin change societe,"La vidéo remercie les abonnés pour avoir atteint les 2000 abonnés en quelques jours grâce à leur soutien et engagement, avec une communauté en expansion. L'audience est invitée à s'abonner et à interagir avec la chaîne.","Alimentation ancestrale, Docteur Weston Price, Découverte de différentes populations, Dentition parfaite liée à l'alimentation, Régime riche en nutriments et vitamines, Alimentation moderne dénaturée, Graisses saturées et santé, Expérimentation alimentaire, Graisses animales et vitalité",15,"""Remerciement et Expansion : Célébration des 2000 Abonnés !"""
56bf7c6c8b06f839601933dbe7e0cb57,nutrition & sante,retour aux fondamentaux - ne te fie pas : verifie !,https://www.youtube.com/watch?v=R2wi2rxs61E, comment bitcoin change societe,"La vidéo discute des opinions personnelles sur l'alimentation, soulignant l'absence d'une vérité universelle en la matière. L'auteur partage ses conclusions basées sur des recherches et convictions personnelles, rappelant que ce qui convient à certains peut différer pour d'autres.","Régime alimentaire omnivore, Études de Weston Price, Alimentation traditionnelle vs alimentation occidentale, Effets de l'industrialisation sur la santé, Nutriments essentiels, Fertilité et alimentation, Livre ""Nutrition et physiologie"", Comparaison des régimes alimentaires, Vitamines hydrosolubles et liposolubles",16,"""Diversité des opinions sur l'alimentation : Pas de vérité universelle"""
6491338cb9f20f06ff0f5db8ee9c9830,nutrition & sante,examen critique des approches de sante et nutrition fiat,https://btctouchpoint.com/fr/regime-alimentaire-fiat/, comment bitcoin change societe,"Le texte aborde divers sujets liés à Bitcoin, tels que son utilisation, son impact sur la société et la culture, ainsi que les ressources disponibles pour mieux comprendre la cryptomonnaie.","L'Étalon-Fiat, Régime alimentaire fiat, Impact des directives diététiques du gouvernement, L'État moderne, L'étalon-or, Recommandations diététiques approuvées par le gouvernement, Réserve fédérale, Décisions économiques planifiées de manière centralisée, Mises et l'école autrichienne, Calculs économiques individuels, Division du travail, Coûts et bénéfices des actions, Préférences individuelles, Utilisation des ressources économiques, Coûts d'opportunité, Instinct",15,"""Exploration approfondie de Bitcoin : Utilisation, Impact et Ressources"""
d1ace4ac2fc58936d088029eabe6fa53,nutrition & sante,examen critique des approches de sante et nutrition fiat,https://btctouchpoint.com/fr/letalon-fiat-aliments-fiat/, comment bitcoin change societe,"Le texte aborde des sujets liés à Bitcoin, notamment son utilisation, son impact sur la société et la culture, ainsi que son influence sur les individus. Il propose des ressources telles que des podcasts, des articles et des cours pour approfondir la compréhension de Bitcoin.","L'Étalon-Fiat, Aliments Fiat, Industrialisation, Propagande gouvernementale, Monnaie fiat, Huiles végétales industrielles, Graisses animales saines, Maïs transformé, Politique gouvernementale, Surproduction de maïs, Impact sur la santé",13,"""Découvrir le Monde de Bitcoin: Impact, Culture et Ressources"""
00fb95b635f84b37e10f0c85dc7bde96,nutrition & sante,examen critique des approches de sante et nutrition fiat,https://btctouchpoint.com/fr/letalon-fiat-la-recolte-de-la-nourriture-fiat/, comment bitcoin change societe,"Le texte aborde l'initiation à Bitcoin et fournit des ressources pour comprendre comment cette crypto-monnaie influence la société et la culture. Il présente des conseils pratiques, des podcasts, des articles et un lexique pour accompagner le lecteur dans sa découverte de Bitcoin.","L'Étalon-Fiat, La nourriture fiat, Utilisations industrielles des huiles végétales et du soja, Alimentation du bétail avec maïs, soja, lait écrémé, Éviter la farine et le sucre transformés dans l'alimentation humaine, Progression de la technologie et de la science dans la production alimentaire, Gains de productivité dans certaines filières, Production de viande de qualité et industrialisation, Aliments artificiels de l'agriculture de monoculture, Préférence temporelle et choix alimentaires,",13,"""Découverte de Bitcoin: Ressources pour Comprendre son Influence sur la Société et la Culture"""
7969fb57c1887662c1f486131607302a,nutrition & sante,retour aux fondamentaux - ne te fie pas : verifie !,https://btctouchpoint.com/fr/letalon-fiat-alimentation-saine/, comment bitcoin change societe,"Le texte discute de sujets liés à Bitcoin, notamment son utilisation, son impact sur la société et la culture, ainsi que son influence sur les individus. Il offre des ressources telles que des podcasts, des articles, des solutions pratiques, des livres, et un lexique pour mieux comprendre Bitcoin.","L’Étalon-Fiat, Alimentation saine, Bitcoin, Saifedean Ammous, Nourriture fiat, Aliments transformés, Internet, Recherche nutritionnelle, Weston Price, Nutrition and Physical Degeneration, Aliments industriels modernes, Écoles de nutrition, Science fiat",13,"""Exploration approfondie de Bitcoin : Utilisation, Impact et Ressources"""
