id,title,subtitle,links,quadrant,summary,descriptions,time_min,titles
85213deeb388294e4bee4115825f1257,parties prenantes,1. qui gouverne bitcoin ?,https://www.youtube.com/watch?v=fcXvjghA-uM&list=PLinTFKehfR4yOM86i_sWI3EwWaI6CSOPm, comment bitcoin change societe,Le texte parle du chapitre 2.2 de des coupesbitcoin qui aborde l'industrie du bitcoin et des cryptomonnaies de manière approfondie. Il est souligné que cette section est longue et nécessitera au moins une vidéo de 20 minutes pour être couverte. L'accent est mis sur la décentralisation de coop bitcoin.,"Bitcoin et les cryptomonnaies, Décentralisation de Bitcoin, Utilisation de Bitcoin, Acteurs de l'industrie (banques, États, développeurs, mineurs, utilisateurs), Portefeuilles et échanges, Infrastructure et Lightning Network, Différences entre Bitcoin et autres cryptomonnaies, Philosophie de Bitcoin, Évolution de Bitcoin et sécurité, Innovation dans l'industrie des cryptomonnaies",NAN,"""Exploration approfondie de l'industrie du bitcoin et des cryptomonnaies: Chapitre 2.2"""
94df8e971b7ce1c0c32b52cb70dcf7b9,parties prenantes,1. qui gouverne bitcoin ?,https://www.youtube.com/watch?v=Zb1dKNH0amM, comment bitcoin change societe,"Bitcoin a été créé par Satoshi Nakamoto, dont l'identité est inconnue, assurant ainsi la décentralisation de la cryptomonnaie. Aucune entité ne contrôle Bitcoin, son évolution dépend des utilisateurs et contributeurs. La décentralisation est cruciale pour l'autonomie et l'évolution de Bitcoin.","Bitcoin, Satoshi Nakamoto, Décentralisation, Résistance à la saisie et à la censure, Aucune entité centrale, Gestion par les utilisateurs et les contributeurs, Absence de gouvernement influençant, Absence de PDG",1,"""Bitcoin: La Décentralisation pour l'Autonomie et l'Évolution"""
c3f7ebc8c8a551aa912173445e0c5240,parties prenantes,2. focus sur les  noeuds,https://www.youtube.com/watch?v=3vQmDJ4_ooM, comment bitcoin change societe,La leçon 3 aborde l'importance des noeuds dans la technologie Bitcoin. Les noeuds sont cruciaux pour la direction du système.,"Noeuds Bitcoin, Fonctions des noeuds, Copie du registre des transactions, Décentralisation du réseau, Validation des transactions, Anti-fragilité de Bitcoin, Participation au consensus du réseau, Règles du consensus Bitcoin",20,L'importance cruciale des noeuds dans la technologie Bitcoin
39574cebe1082a1e79e22d0a7af15da3,parties prenantes,2. focus sur les  noeuds,https://www.youtube.com/watch?v=btUHumjEq-4, comment bitcoin change societe,"Crypto John explique l'importance d'avoir un nœud Bitcoin à domicile, un sujet souvent négligé par les youtubeurs crypto. Il aborde les raisons de posséder son propre nœud, les équipements et logiciels nécessaires, et explique comment le mettre en place.","Nœud Bitcoin, Matériel et logiciel pour un nœud, Fonctionnement du logiciel Bitcoin, Réseau de nœuds interconnectés, Types de nœuds : mineurs et non mineurs, Décentralisation du réseau Bitcoin, Avantages de faire tourner un nœud, Augmentation de la souveraineté personnelle, Confidentialité, Résistance du réseau à divers scénarios, Choix de la version du protocole Bitcoin, Importante des nœuds non mineurs",16,"""L'Essentiel du Nœud Bitcoin Domestique: Guide Complet par Crypto John"""
a25e5b542ef20c8feefe2d7fccc6685f,parties prenantes,3. focus sur les  mineurs et la preuve de travail (pow),https://www.youtube.com/watch?v=Lr5L3uy244w, comment bitcoin change societe,"Ce chapitre se concentre sur les bitcoins du point de vue technique, en abordant le sujet des mineurs et de leur consommation énergétique. Il met en avant les préoccupations environnementales liées à cette activité.","Chapitre sur les bitcoins, Les mineurs de bitcoins, Consommation d'énergie des mineurs, Impact écologique, Rôle des mineurs dans le réseau bitcoin, Validation des transactions, Sécurisation du réseau, Résolution d'équations mathématiques, Récompenses en bitcoins, Généraux byzantins, Problème de la double dépense, Blockchain, Transferts physiques vs. numériques, Copier-coller sur internet, Garantir l'intégrité des transactions financières en ligne.",28,"""Bitcoin: Mineurs, Consommation Énergétique et Environnement"""
3e689b21f6d926ba4bf1da4fb8c2d652,parties prenantes,1. qui gouverne bitcoin ?,https://bitcoin.fr/qui-controle-bitcoin/, comment bitcoin change societe,"Le texte aborde le contrôle de Bitcoin, mentionnant des ressources et des informations sur la compréhension, l'obtention et la dépense de cette cryptomonnaie.","Contrôle de Bitcoin, Décentralisation, Réseau Bitcoin, Logiciel Bitcoin Core, Mainteneurs du dépôt GitHub, Opérateurs de nœuds, Implémentations du protocole, Consensus, Utilisateurs de Bitcoin, Mineurs de Bitcoin, Développeurs de Bitcoin, Compatibilité des logiciels, Code proposé par les développeurs, Exécution du code, Règles du réseau Bitcoin",4,"""Maîtriser Bitcoin: Ressources et Informations Essentielles"""
ad39296ae2be2228a68d17cd022fa993,parties prenantes,1. qui gouverne bitcoin ?,https://bitcoin.fr/qui-decide-des-ameliorations-de-bitcoin/, comment bitcoin change societe,Le texte aborde la question de qui décide des améliorations de Bitcoin.,"Améliorations de Bitcoin, Protocole Bitcoin, Bitcoin Core, Logiciel Open Source, Dépôt Github, Développeurs, Consensus, Rétro-compatibilité, Nœuds du réseau, Mise à jour, Consensus des nœuds, Libre participation",5,"""Qui décide des améliorations de Bitcoin ?"""
df8b166424b57d66fac5dd8a60ad4f59,parties prenantes,3. focus sur les  mineurs et la preuve de travail (pow),https://btctouchpoint.com/fr/4-pourquoi-il-faut-a-la-fois-du-temps-et-des-efforts-pour-gagner-des-bitcoins/, comment bitcoin change societe,"Le texte aborde le sujet de la nécessité de temps et d'efforts pour gagner des bitcoins, expliquant les étapes initiales pour débuter avec cette cryptomonnaie. Il met en lumière l'importance de comprendre les pièges et principes liés à Bitcoin, tout en offrant des ressources pratiques pour guider les utilisateurs dans leur parcours avec cette technologie émergente.","Gagner des bitcoins, Temps et efforts, Création de monnaie par l'État, Création de bitcoins, Processus de minage, Offre limitée de bitcoins, Équité dans la création de monnaie, Monnaie Bitcoin",4,"""Guide pratique pour commencer avec Bitcoin : comprendre les étapes et les pièges"""
1309d3a7fc9a86f42173d12aadfcf122,parties prenantes,3. focus sur les  mineurs et la preuve de travail (pow),https://btctouchpoint.com/fr/pourquoi-bitcoin-11-pourquoi-et-comment-bitcoin-utilise-lenergie/, comment bitcoin change societe,Le texte aborde le sujet de la consommation énergétique de Bitcoin et explique pourquoi et comment cette cryptomonnaie utilise de l'énergie.,"Utilisation de l'énergie par Bitcoin, Sécurisation des enregistrements, Empêcher les enregistrements falsifiés, Preuve de travail, Double dépense, Consommation d'énergie de Bitcoin, Décentralisation, Rarement des bitcoins, Création de nouveaux blocs, Récompenses en bitcoins",6,"""La consommation énergétique de Bitcoin : analyse détaillée de son utilisation d'énergie"""
