id,title,subtitle,links,quadrant,summary,descriptions,time_min,titles
92e30ec723fa298a6a0cec2efd31d414,racines cypherpunk,1. la culture de bitcoin est d'essence cypherpunk,https://www.youtube.com/watch?v=ljHLhTzrLsw, comment bitcoin influ culture,"Le texte discute de l'importance de l'introduction aux cypherpunks et du symbole de l'arbre pour représenter l'entrée dans le monde du Bitcoin, soulignant le changement radical que cette découverte peut apporter dans la vie des individus en révélant des vérités sur le système financier traditionnel.","Introduction aux Sypher Punk, Impact du Bitcoin sur la vie financière, Les technologies préexistantes à Bitcoin, Les pionniers Sypher Punk, La création de Bitcoin par Satoshi Nakamoto, Révolution numérique et financière induite par Bitcoin, Origines de Bitcoin et son importance, Monnaie fiduciaire et ses effets, Caractéristiques monétaires de Bitcoin, Comparaison entre Bitcoin et l'or, Bitcoin en tant que protocole informatique et monnaie digitale, Appel au soutien du projet et remerciements",5,"""La Puissance Révolutionnaire du Bitcoin : L'Entrée dans le Monde des Cypherpunks et l'Arbre Symbole"
beedecd7c34ffc3898026d6e24f4d5db,racines cypherpunk,1. la culture de bitcoin est d'essence cypherpunk,https://www.youtube.com/watch?v=0ETcLj5jBy4, comment bitcoin influ culture,"L'auteur, se faisant appeler Satoshi Nakamoto, évoque une idée révolutionnaire liée à la numérisation de nos vies à travers la mise en réseau des ordinateurs. Cette transformation soulève des questions sur l'évolution d'Internet, passant d'une fenêtre ouverte sur le monde à un outil potentiel de contrôle.","Invention de Satoshi Nakamoto, Numérisation de la vie via l'informatique, Vie privée et contrôle sur Internet, Émergence d'une nouvelle économie, Importance de la vie privée et liberté individuelle, Les sypher punk et la protection de la vie privée, Double dépense et nécessité de l'unicité numérique, Bitcoin comme solution à la double dépense, Impact du Bitcoin sur les échanges monétaires, Création et fonctionnement du Bitcoin, Valeur et confiance dans le Bitcoin, Utilisation du Bitcoin comme monnaie, Évolution du Bitcoin et confiance des utilisateurs",68,"""Réflexions sur la numérisation et le contrôle d'Internet"""
5f26dacf1fa699b8711a31115d35d90b,racines cypherpunk,1. la culture de bitcoin est d'essence cypherpunk,https://www.youtube.com/watch?v=9vM0oIEhMag&t=2s, comment bitcoin influ culture,"La gouvernement n'est pas un ennemi monolithique, mais plutôt une entité complexe qui peut être perçue comme un ennemi. Dans les années 1990, un groupe de mathématiciens, marginaux, hackers et passionnés se sont réunis avec pour objectif de favoriser la liberté humaine future en utilisant la cryptographie comme arme contre la surveillance et la planification centralisée.","Gouvernement, Liberté humaine, Internet, Cryptographie, NSA, Sécurité nationale, Technologie de l'information, Cypherpunks, Anarchie cryptographique, Hayek, Commerce décentralisé, Diffusion du savoir, Crypto-anarchistes, Économiste Friedrich Hayek, Marché mondial, Phil Salen, Commerce électronique, Frontières nationales, Pouvoir gouvernemental, Révolution de l'Internet, Coûts de transaction, Exploration spatiale, Technologie et interactions humaines",NAN,"""La Cryptographie comme Arme pour la Liberté Humaine: L'Alliance des Marginaux"""
b90e2157e95c2332deb8e1c414083580,racines cypherpunk,"2. devenir bitcoiner, en epouser les valeurs",https://tomerstrolight.medium.com/rich-or-poor-bitcoiners-have-what-money-cant-buy-a70d975f4775, comment bitcoin influ culture,"L'article discute des choses que l'argent ne peut acheter, telles que l'honnêteté. Il met en avant le fait que les personnes cherchant à obtenir de l'argent ne sont pas toujours sincères.","1. Les choses que l'argent ne peut pas acheter, 2. L'importance de l'honnêteté, de l'amitié, de l'amour, de l'estime de soi, de l'intelligence et du courage, 3. L'argent comme moyen d'achat de biens matériels, 4. Le lien entre l'argent et le bonheur, 5. La communauté des bitcoiners et leur conviction en Bitcoin, 6. L'importance de la transparence et de l'intégrité dans le monde de la monnaie, 7. Le rôle moral des bitcoiners et leur mission de diffusion des connaissances, 8. La nécessité",,"""La Valeur de l'Honnêteté : L'Incapacité de l'Argent à tout Acheter"""
854931b65ae09297d46079b303aa8d6f,racines cypherpunk,"2. devenir bitcoiner, en epouser les valeurs",https://btctouchpoint.com/fr/bitcoin-est-un-test/, comment bitcoin influ culture,"Le texte discute de Bitcoin en tant que test ou méditation, présentant des éléments sur son utilisation, son impact sur la société et la culture, ainsi que sur la manière dont il peut influencer les individus. Il offre également des ressources telles que des podcasts, articles, livres, et un lexique pour approfondir la compréhension de Bitcoin.","Bitcoin comme un test et une méditation, Les aspects testés par Bitcoin (curiosité, intelligence, patience, etc.), Bitcoin comme un professeur et un miroir, Les changements personnels induits par Bitcoin, Le voyage éducatif avec Bitcoin, L'importance de se regarder dans le miroir et de s'accepter, Être un être humain accompli, Passer les tests et les leçons de Bitcoin",,"""Bitcoin : Un Voyage Méditatif vers l'Exploration Financière et Culturelle"""
