id,title,subtitle,links,quadrant,summary,descriptions,time_min,titles
7ea8446ea58f40392d78ce867d258b81,reseau lightning,1.  fonctionnement du lightning network,https://www.youtube.com/watch?v=HFv3NN4z450, comment bitcoin change societe,"Le chapitre 5 aborde le Lightning Network, considéré comme l'avenir de Bitcoin et explique que Bitcoin évoluera en couches.","Chapitre 5 : Lightning Network, Évolution de Bitcoin en couches, Couche 1 : Bitcoin (blockchain), Couche 2 : Lightning Network (microtransactions), Bitcoin programmable et améliorable, Ingénierie de Bitcoin, Évolution lente de Bitcoin, Différence avec les startups blockchain, Décentralisation de Bitcoin",23,"""Le Lightning Network : L'avenir en couches de Bitcoin"""
a6b7df705504273a716f9326562d143a,reseau lightning,1.  fonctionnement du lightning network,https://www.youtube.com/watch?v=8zo-rCBkSPs, comment bitcoin change societe,"La deuxième édition de Sofine Bitcoin se déroule à Biarritz, où l'orateur aborde le sujet du Lightning Network, un protocole de mise à l'échelle du Bitcoin. Malgré les doutes initiaux, ce réseau fonctionne depuis 2018 et montre que Bitcoin est loin d'être obsolète.","Bitcoin, Lightning Network, Introduction au Lightning Network, Promesse du protocole Lightning Network, Fonctionnement technique du Lightning Network, Enjeux et problèmes du Lightning Network, Écosystème du Lightning Network, Histoire de l'utilisation efficiente des ressources, Besoin d'une couche de paiement additionnelle, Idée de transactions hors chaîne Bitcoin, Fondements du Lightning Network en 2015, Mises en oeuvre du Lightning Network, Guerre de la taille des blocs et le Lightning Network",36,"""Le Lightning Network : L'Évolution de Bitcoin à la Deuxième Édition de Sofine Bitcoin à Biarritz"""
1e2a2905ce35a56a5c61995d22b8af62,reseau lightning,2.  cas d'usage /applications lightning,https://www.youtube.com/watch?v=3Q2Zj6ixAjY, comment bitcoin change societe,"Le réseau Lightning est présenté comme un élément prometteur de l'écosystème Bitcoin, susceptible d'augmenter l'utilité et la valeur de Bitcoin à l'avenir. Alors que certains perçoivent actuellement Bitcoin comme une réserve de valeur digitale sans utilisation pratique pour les paiements quotidiens, l'auteur soutient que le Lightning Network pourrait changer cette perception.","Réseau Lightning, Promesse pour l'écosystème Bitcoin, Augmentation de l'utilité de Bitcoin, Lightning Network, Technologie révolutionnaire, Développement par-dessus Bitcoin, Raisons de l'adoption massive de Bitcoin, Transactions par seconde limitées, Protocole ouvert et open source, Deuxième couche au-dessus de Bitcoin, Transmission de millions de transactions, Canaux de communication, Transactions importantes sur la blockchain, Transactions de la vie quotidienne en dehors de la blockchain, Pyramide de communication, Trois étages : Bitcoin, Lightning, Applications, Réseau de canaux",13,"""Le réseau Lightning : Transformer Bitcoin en une solution de paiement quotidien"""
2489cdd7248fcae7e7d653f87256c2e3,reseau lightning,2.  cas d'usage /applications lightning,https://www.youtube.com/watch?v=_UV2jmQ8TQM, comment bitcoin change societe,"Rosie remercie ses followers pour leur soutien tout au long de sa formation, soulignant l'engagement et l'enthousiasme qu'ils lui ont témoigné. Aucun sponsor n'est mentionné, mais l'appréciation envers son public est clairement exprimée.","Formation sur le Bitcoin et la technologie, Lightning Network, Microtransactions, Jeux vidéo, Skin de game, Monétisation des jeux vidéo, Compétitions monétaires, Possibilités de business model, Adoption massive de Bitcoin, Révolution en cours, Liberté financière et vie privée, Réseau de canaux de paiement, Usage du Lightning Network, Potentiel futur des affaires et des modèles économiques",19,"""Rosie exprime sa gratitude envers ses followers pour leur soutien sans faille"""
996c7f8290d26835ecbf85efab6476ea,reseau lightning,1.  fonctionnement du lightning network,https://bitcoiner.guide/lightning/fr/, comment bitcoin change societe,Ce guide introductif vise à aider à comprendre le fonctionnement de Lightning Network et sa relation avec le réseau Bitcoin. Il utilise un langage simple pour faciliter la compréhension sans approfondir les aspects techniques.,"Guide Lightning, Fonctionnement de Lightning, Réseau Bitcoin, Canaux de paiement, Transactions, Inconvénients, Outils, Pile Lightning/Bitcoin, Couche de base Bitcoin, Système en surcouches, Réseau Lightning, Frais, Représentation du réseau Lightning, Pair à pair, Réseau décentralisé, Liquidité entrante , Transactions quasi instantanées",21,"""Comprendre le Lightning Network et son lien avec Bitcoin : Guide simplifié"""
0b9979a3b41fded2daf5f308fd9aae8f,reseau lightning,2.  cas d'usage /applications lightning,https://learn.heyapollo.com/blog/lightning-network-in-action-real-world-use-cases-and-applications, comment bitcoin change societe,"Le Lightning Network est une solution innovante qui améliore les transactions Bitcoin en les rendant rapides, abordables et évolutives. Il fonctionne comme un protocole de deuxième couche qui permet aux utilisateurs d'établir des canaux de paiement hors chaîne pour des transactions rapides.","Lightning Network (LN), Transactions rapides, abordables et évolutives, Canaux de paiement hors chaîne, Micropaiements, Transferts transfrontaliers, Pourboires et dons en ligne, Paiements Internet des objets (IoT), Retail et e-commerce, Jeux et jeux d'argent en ligne, Finance décentralisée (DeFi), Révolution des transactions et interactions en ligne",3,"""Le Lightning Network : Accélérez et Simplifiez les Transactions Bitcoin"""
