id,title,subtitle,links,quadrant,summary,descriptions,time_min,titles
3d6f06a5a3c4a4a45aac9ba9978fec91,securite,mettre en place  les bonnes pratiques,https://www.youtube.com/watch?v=d9Ccy17yWB0&list=PLinTFKehfR4wGzSb41gAaFFImT9c_hrJV&index=3, comment j'utilise bitcoin,Le texte souligne l'importance de mettre à jour la sécurité en ligne dans le contexte des cryptomonnaies comme le bitcoin. Il met en garde contre les risques de piratage et la perte irrécupérable des fonds en cas d'attaque. La vigilance et les mesures de sécurité sont essentielles pour protéger ses actifs numériques.,"Bitcoin, Sécurité en ligne, Mises à jour logicielles, Antivirus, Téléchargements, Virus informatiques, Sauvegardes, Clés privées, Gestionnaire de mots de passe, Mots de passe complexes, Password Manager",NAN,"""Sécurité en ligne des cryptomonnaies : Protégez vos actifs numériques"""
913f29ae8981d64b064779856c78e0ec,securite,mettre en place  les bonnes pratiques,https://www.youtube.com/watch?v=tL1hMEpxzA4&list=PLinTFKehfR4wGzSb41gAaFFImT9c_hrJV&index=24, comment j'utilise bitcoin,Le texte met en garde contre le risque de perdre sa liberté en s'investissant dans le bitcoin. Il conseille de préserver sa vie privée et de ne pas divulguer ses transactions en bitcoin pour éviter les conséquences négatives.,"Bitcoin, Vie privée, Sécurité, Anonymat, Risques, Liberté, Hackers, Vol, Gouvernement, Responsabilités, Éthique, Philosophie, Confidentialité, Choix, Combat, Contenu, Tutoriel, Deux facteurs, Importance, Top 3, Vidéo personnalisée, Abonnement, Cours complet, Adoption de Bitcoin",NAN,"""Protégez votre liberté : Préservez votre vie privée avec le bitcoin"""
2ba6b78e4c87fd89955c51ee748b4a97,securite,mettre en place  les bonnes pratiques,https://www.youtube.com/watch?v=qhjEJuJHRf8&list=PLinTFKehfR4zX1E6s5ik1oSvQlQysUt6D&index=9, comment j'utilise bitcoin,"Ce texte présente un parcours de formation pour les débutants sur Bitcoin, en se concentrant sur les portefeuilles et les niveaux de sécurité à choisir. Il souligne l'importance de comprendre ces concepts pour interagir efficacement avec la cryptomonnaie.","Formation débutants sur Bitcoin, Chapitre 2: Portefeuilles et niveaux de sécurité, Propriétaire de l'argent: clé privée unique, Niveaux de sécurité: clé privée, mot de passe, multisignature, Adaptation de la sécurité en fonction des besoins et des montants, Sécurité pour les entreprises et les particuliers, Standards de sécurité à respecter, Utilisation d'appareils physiques et logiciels pour débloquer l'argent",NAN,"""Formation Essentielle sur les Portefeuilles Bitcoin: Niveaux de Sécurité et Utilisation Efficace"""
4e539c8d09f47951cfb5542f82fa8983,securite,mettre en place  les bonnes pratiques,https://www.youtube.com/watch?v=CMu5hhXQ_Zw, comment j'utilise bitcoin,"Le texte aborde la sécurité des jetons qui pourraient augmenter en valeur de 1000 à 10000 euros. Il souligne l'importance d'ajuster la sécurité en cas de changement de valeur des jetons, considérant cela comme une mesure normale.","Sécurité des cryptomonnaies, Stockage des fonds, Types de portefeuilles (mobile, froid), Risques de vol, Augmentation de la valeur des jetons, Évolution vers une sécurité renforcée, Risques liés à la clé privée, Solutions de stockage sécurisé, Risques d'attaques et de vols, Impact financier en cas de vol, Besoins de sécurité variables selon la quantité stockée",6,"""Sécurité des Jetons: Adapter aux Changements de Valeur pour Prévenir les Risques"""
d9f31a2aedbd37a7b6a072e2a26c9b0e,securite,mettre en place  les bonnes pratiques,https://academie.decouvrebitcoin.fr/courses/secu-101-securite-informatique-gestion-des-donnees/, comment j'utilise bitcoin,Le cours SECU 101 vise à actualiser la gestion des mots de passe et des données personnelles en sécurité informatique.,"Sécurité informatique, Gestion des données, Mots de passe, Hackers, Protection des données personnelles, Gestionnaire de mots de passe, Sauvegardes, Pseudonymes, Facteurs d'authentification, Utilisateur, Cours SECU 101, Curriculum, VPN, Boîte mail, 2 facteurs d'authentification, Industrie, Contributeurs, Cybersécurité",7,"""Optimisation de la sécurité informatique : Cours SECU 101 sur la gestion des mots de passe et des données personnelles"""
