id,title,subtitle,links,quadrant,summary,descriptions,time_min,titles
f507b18afc2edc6178c6680c3225e40c,stabilite economique,1. que s'est-il donc passe en 1971 ?,https://btctouchpoint.com/fr/pourquoi-bitcoin-14-pourquoi-bitcoin-mettra-fin-au-plus-grand-hold-up-de-lhistoire/, comment bitcoin change societe,"Le texte examine comment Bitcoin pourrait mettre fin à un important hold-up historique, en discutant de l'influence de la cryptomonnaie sur la société et la culture.","Bitcoin, Fin du hold-up historique, Machine à voyager dans le temps, Déficits et dette publics, Fraude financière, Responsabilité des politiciens, Dette des générations futures, Impact sur les nouvelles générations, Vol d'argent, Liberté financière",11,"""Bitcoin : Mettre Fin à un Hold-up Historique"""
17e16d951d4a0ac7995b1480cc742007,stabilite economique,2. comment bitcoin peut redresser l'economie ?,https://btctouchpoint.com/fr/pourquoi-bitcoin-15-pourquoi-la-civilisation-a-besoin-de-bitcoin, comment bitcoin change societe,"Le texte discute de l'importance de Bitcoin pour la civilisation, en explorant comment cette cryptomonnaie influence la société, la culture et les individus.","Importance de la monnaie dans la coordination des activités humaines, Capacité de la monnaie à créer des civilisations, Manipulation de la monnaie par les voleurs, fraudeurs, politiciens et banques centrales, Contrôle des banques centrales sur la monnaie et ses conséquences, Impact sur la capacité des gens à épargner pour le long terme, Nécessité de prospérer à long terme en planifiant et en se concentrant sur la santé et le bien-être",6,"""L'impact de Bitcoin sur la civilisation : Explorations socioculturelles et individuelles"""
ab4626840049a897e8cd895f7e1112bf,stabilite economique,2. comment bitcoin peut redresser l'economie ?,https://btctouchpoint.com/fr/pourquoi-bitcoin-8-pourquoi-bitcoin-est-le-chemin-vers-la-stabilite-economique/, comment bitcoin change societe,"Le texte discute de la manière dont Bitcoin peut offrir un chemin vers la stabilité économique. Il aborde des points tels que l'utilisation de Bitcoin, son influence sur la société et la culture, ainsi que son impact sur les individus.","Stabilité économique, Instabilité des monnaies nationales, Volatilité de Bitcoin, Stabilité de Bitcoin, Adoption de Bitcoin, Migration vers la stabilité",5,"""Bitcoin : Vers une Stabilité Économique et Sociale"""
7d9c47ff8c54db9a395d8ccfa8147280,stabilite economique,2. comment bitcoin peut redresser l'economie ?,https://btctouchpoint.com/fr/pourquoi-bitcoin-9-pourquoi-bitcoin-est-la-voie-pour-epargner-de-largent/, comment bitcoin change societe,"Le texte discute du rôle de Bitcoin en tant que voie pour épargner de l'argent. Il aborde les premiers pas liés à l'utilisation de Bitcoin, son impact sur la société et la culture, ainsi que les ressources disponibles pour mieux comprendre cette cryptomonnaie.","Épargner de l'argent, Signification de l'argent, Besoin d'un nouvel instrument financier, Problème de l'inflation, Bitcoin comme solution à l'inflation, Rare caractéristique de Bitcoin, Absence d'inflation dans Bitcoin, Rarement limitée de Bitcoin, Intégrité du système monétaire avec Bitcoin",5,"""Bitcoin : Épargner, Comprendre et Transformer"""
