id,title,subtitle,links,quadrant,summary,descriptions,time_min,titles
41cab09704941333117d8ce3ef04913d,systemes monetaires,1. bitcoin s'inscrit dans l'histoire et l'evolution de la monnaie,https://www.youtube.com/watch?v=N1AQY_aGHVQ, comment bitcoin change societe,"La monnaie n'est pas une création gouvernementale mais émerge comme bien d'échange sur un marché. Une frise chronologique illustre l'évolution de la monnaie depuis la préhistoire, distinguant les monnaies physiques des monnaies numériques récentes.","Évolution de la monnaie, Monnaies primitives et numériques, Formes de monnaie : métaux précieux, certificats, billets, Monnaies Fiat décrétées par l'État, Bitcoin et monnaie basée sur les preuves de travail, Proto-monnaies : pointe de flèche, grains de céréales, coquillages, Avantages des monnaies métalliques, Ratio stock to flow (stock sur flux), Dureté des monnaies, Or comme monnaie sélectionnée, Billets de banque échangeables contre de l'or",23,Évolution de la Monnaie : De la Préhistoire aux Monnaies Numériques
67e65a5015793937016c02f14eaab38b,systemes monetaires,1. bitcoin s'inscrit dans l'histoire et l'evolution de la monnaie,https://www.youtube.com/watch?v=-3W2wd7wZ-I, comment bitcoin change societe,"Le texte aborde la transition vers une monnaie unique, expliquant le processus du troc à petite échelle et l'importance des taux de change pour échanger des biens. Il met en avant la nécessité de comprendre les taux de change pour troquer des articles, soulignant l'existence de 15 taux de change pour six articles dans cette économie restreinte.","Troc, Taux de change, Monnaie, Économie, Double coïncidence des besoins, Barrières, Commerce international, Internet, Monnaie mondiale unique, Bitcoin",6,"""Du Troc aux Taux de Change : La Route vers une Monnaie Unique"""
b06ec60600e4cf6b233f238fc6302cdb,systemes monetaires,2. defaillances de notre monnaie et superiorite de bitcoin,https://www.youtube.com/watch?v=CVqcrWsckns, comment bitcoin change societe,"La monnaie est un sujet passionnant et en pleine transformation historique, malgré son inutilité dans les rendez-vous galants d'après l'expérience personnelle de l'auteur. Au fil des millénaires, les hommes ont utilisé divers objets comme monnaie, soulignant ainsi l'évolution constante de cette institution.","Théorie monétaire, Transformation de la monnaie, Dématérialisation de la monnaie, Production de monnaie par les banques, Création monétaire, Conséquences de la création monétaire massive, Société de consommation, Économie de la dette, Inflation, Questions politiques et démocratiques, Questions techniques liées au système monétaire, Perte de confiance dans les monnaies officielles, Émergence des crypto-monnaies, Bitcoin comme or numérique, Fantasmes entourant le Bitcoin, Caractéristiques des crypto-m",13,L'évolution fascinante de la monnaie au fil des millénaires
e19de3482fe13378989d9bc362b91fd3,systemes monetaires,2. defaillances de notre monnaie et superiorite de bitcoin,https://www.youtube.com/watch?v=qDRqbG-VLDM, comment bitcoin change societe,"Le XXe siècle a été marqué par des événements cataclysmiques en raison des limites financières des États et des organisations, qui étaient basées sur des ressources finies représentant le travail passé. La nécessité de financer la Première Guerre mondiale a conduit à la création d'argent sans réel support, entraînant des conséquences économiques et historiques majeures.","Cataclysme du XXème siècle, Limites des États et des organisations, Création d'argent pour financer la guerre, Décorrélations monétaires, Défaut des États-Unis en 1971, Monnaie basée sur la confiance, Perte de l'attachement au réel de la monnaie, Introduction à Bitcoin et cryptomonnaie, Intérêt pour Bitcoin et Ethereum, Blockchain et crypto, Dangers du système monétaire, Révolution technologique et culturelle de la monnaie",66,"""Les conséquences économiques de la Première Guerre mondiale : l'argent sans réel support au XXe siècle"""
11c17fdf8c849efcfe21a44c5f1b85c3,systemes monetaires,2. defaillances de notre monnaie et superiorite de bitcoin,https://www.youtube.com/watch?v=Iq0wZF3Ui9A&list=PLinTFKehfR4yOM86i_sWI3EwWaI6CSOPm&t=418s, comment bitcoin change societe,"Le Bitcoin est important car il est à la fois un protocole informatique et une monnaie dure avec une offre limitée à 21 millions de bitcoins, ce qui le rend crucial.","Bitcoin comme protocole informatique et monnaie durable, Accessibilité universelle à la finance, Gagner en souveraineté individuelle avec Bitcoin, Lutter contre les régimes autoritaires et fascistes, Transactions non censurables, Liberté d'expression et contrôle de son argent",NAN,"""Le Bitcoin : Protocole Informatique Crucial avec une Offre Limitée"""
004b0d9c27a4ddf60edc3998aa511f10,systemes monetaires,2. defaillances de notre monnaie et superiorite de bitcoin,https://www.youtube.com/watch?v=cYKmgflsy_8, comment bitcoin change societe,"Le texte discute du chapitre III sur l'hyperinflation dans la formation sur le Bitcoin. L'auteur remercie les résidents des Coûts Bitcoin pour leur soutien continu. La vidéo aborde un thème important, bien que plus politique, et souligne l'importance des hyperinflations.","Bitcoin, Formation sur Bitcoin, Hyperinflation, Système monétaire fiat, Monnaie fiduciaire, Décisions humaines, Désastre financier, Dévaluation de la monnaie, Flambée des prix, Exemples historiques (Allemagne, Zimbabwe, Argentine), Impact sur les salaires et l'épargne, Perte de valeur de la monnaie, Perte d'épargne, Pauvreté, Erreurs du passé, Impression monétaire, Perte de confiance, Questions sur la valeur de la monnaie, Central",16,"""Chapitre III: L'Hyperinflation dans la Formation sur le Bitcoin"""
e0f3bbaf0e90320ba311a0219ff495de,systemes monetaires,"3. monnaie, preference temporelle, et investissements",https://www.youtube.com/watch?v=YkxopBlMWLw&list=PLj9lDruPFtBljCFcLcoD3bd5pGUGmHZWV&index=7, comment bitcoin change societe,"La text souligne les signes de la déchéance d'une société, indiquant des transactions forcées, une concentration de richesse injuste, et des lois désavantageuses pour les citoyens. Il met en garde contre la perte de pouvoir et la chute des gouvernements.","Trading, Consensus, Compulsion, Money flow, Goods vs. favors, Laws, Society, Power, Governments, Instincts, Erosion, Satoshi, Financial system, Humanity, Individual empowerment",NAN,"""Les Signes de Déchéance Sociale et la Chute des Gouvernements"""
c4726467ce38aba684e938a8759df26e,systemes monetaires,1. bitcoin s'inscrit dans l'histoire et l'evolution de la monnaie,https://btctouchpoint.com/pourquoi-bitcoin-16-pourquoi-le-bitcoin-change-le-monde/, comment bitcoin change societe,"Le texte discute de l'impact de Bitcoin sur le monde, en mettant en avant comment il influence la société, la culture et les individus. Il explore également les ressources disponibles pour mieux comprendre et utiliser Bitcoin.","Evolution de la monnaie, Bitcoin comme alternative à la monnaie traditionnelle, Avantages de Bitcoin, Changement actuel dans l'utilisation de la monnaie, Impact de Bitcoin sur la société, Intégrité de l'argent avec Bitcoin, Transformation potentielle de la civilisation par Bitcoin",4,"""Bitcoin : Influence sur la Société et les Individus"""
b82329b3abdb9c6140e8a76af6972d96,systemes monetaires,1. bitcoin s'inscrit dans l'histoire et l'evolution de la monnaie,https://btctouchpoint.com/fr/21-lecons-2eme-partie/, comment bitcoin change societe,"Le texte aborde les aspects fondamentaux de Bitcoin, notamment son impact sur la société, la culture et les individus. Il fournit des ressources pratiques telles que des podcasts, des articles, des livres et un lexique pour mieux comprendre et utiliser Bitcoin.","Bitcoin, Économie, Méconnaissance financière, Inflation, Valeur de l'argent, Histoire de la monnaie, Réserves fractionnaires, Monnaie saine, Étude de l'économie, Compréhension de Bitcoin",46,"""Découverte de Bitcoin : Impact, Ressources et Compréhension"""
7efc9ce361491939930ddd871e5eb8b0,systemes monetaires,2. defaillances de notre monnaie et superiorite de bitcoin,https://btctouchpoint.com/fr/ressources/memes/#FIAT, comment bitcoin change societe,"Le texte discute des premiers pas avec Bitcoin, en abordant son contexte, ses pièges et ses principes, ainsi que l'influence de Bitcoin sur la société et la culture. Il explore comment Bitcoin peut changer les individus et fournit des ressources telles que des podcasts, des articles et des mèmes pour aider à comprendre Bitcoin.","Mèmes, Artefacts culturels, Communauté des bitcoiners, Twitter, Thèmes des mèmes (12 thèmes), Désastre fiat, Monnaie supérieure, Monnaie Hi-Tech, Monnaie liberté, Monnaie espoir, HODL, Technologie NGU, Bitcoin antifragile, Déminage FUDBuy FOMO, Bitcoin vs. Altcoins, Volatilité de Bitcoin, Profil de risque, Recherches personnelles",2,"""Découvrir Bitcoin : Contexte, Pièges et Influence sur la Société"""
198d9611e30a0a91aa5095554f8aebd7,systemes monetaires,2. defaillances de notre monnaie et superiorite de bitcoin,https://btctouchpoint.com/fr/21-lecons-2eme-partie/, comment bitcoin change societe,"La deuxième partie des 21 Leçons aborde divers aspects de l'utilisation de Bitcoin, y compris son impact sur la société et la culture, ainsi que sur la transformation personnelle des individus. Le contenu comporte des conseils pratiques, des ressources telles que des podcasts, des articles et des livres, ainsi qu'un glossaire et des cours pour approfondir la compréhension de Bitcoin.","Bitcoin, Argent, Économie, Méconnaissance financière, Inflation, Valeur, Histoire de la monnaie, Réserves fractionnaires, Monnaie saine, Philosophie, Compréhension de Bitcoin, Interaction économique",46,"""Exploration approfondie de Bitcoin: Impact, Culture et Transformation"""
4f76bb311d7fc351ee62f02cb0c3e258,systemes monetaires,2. defaillances de notre monnaie et superiorite de bitcoin,https://btctouchpoint.com/fr/1-pourquoi-bitcoin-existe-t-il/, comment bitcoin change societe,"Le texte explore la question de l'existence du Bitcoin, en abordant des sujets tels que son rôle dans la société, son influence culturelle et ses implications pratiques.","Objectif de Bitcoin : fournir une monnaie fiable pour toute l'humanité, Problèmes du système monétaire actuel : inflation, coûts élevés, inaccessibilité, Bitcoin résout ces problèmes : offre limitée, divisibilité, accessibilité universelle, Caractéristiques de Bitcoin : absence d'inflation, destiné à toute l'humanité, immuable",5,"""Bitcoin: Son Influence Sociétale, Culturelle et Pratique"""
a8fad06db07e98f1f2fee69807b8f21f,systemes monetaires,2. defaillances de notre monnaie et superiorite de bitcoin,https://btctouchpoint.com/fr/pourquoi-bitcoin-9-pourquoi-bitcoin-est-la-voie-pour-epargner-de-largent/, comment bitcoin change societe,"Le texte discute de l'intérêt de Bitcoin comme moyen d'épargne. Il explore comment Bitcoin peut être utilisé pour économiser de l'argent, en mettant en lumière ses avantages et son influence sur la société et la culture.","Épargner de l'argent, Stocker et transférer de la valeur économique, Inflation, Bitcoin comme solution à l'inflation, Rare et limité : 21 millions de bitcoins, Absence d'inflation dans Bitcoin, Sauver l'argent avec Bitcoin",5,"""Bitcoin: un moyen d'épargne révolutionnaire pour la société et la culture"""
53602756ca954a53c52c37ba2898b89b,systemes monetaires,2. defaillances de notre monnaie et superiorite de bitcoin,https://btctouchpoint.com/fr/pourquoi-bitcoin-14-pourquoi-bitcoin-mettra-fin-au-plus-grand-hold-up-de-lhistoire/, comment bitcoin change societe,Bitcoin mettra fin au plus grand hold-up de l'histoire en changeant la société et en influençant la culture.,"Bitcoin, Fin du hold-up de l'histoire, Voleurs voyageurs du temps, Machine à voyager dans le temps, Déficits et dette publics, Fraude, Responsabilité des politiciens, Dette des générations futures, Dettes non consenties, Impact sur les nouvelles générations",11,"""Bitcoin : La Fin du Plus Grand Hold-up de l'Histoire"""
706ca44afb40ae0efd9d124238e7ac16,systemes monetaires,"3. monnaie, preference temporelle, et investissements",https://btctouchpoint.com/fr/pourquoi-bitcoin-15-pourquoi-la-civilisation-a-besoin-de-bitcoin/, comment bitcoin change societe,"La civilisation a besoin de Bitcoin pour changer la société et influencer la culture, offrant des solutions pratiques et un lexique dédié à cette monnaie virtuelle.","Importance de la monnaie, Coordination des activités grâce à la monnaie, Création de civilisations avec une monnaie saine, Manipulation de l'argent par des acteurs malveillants, Contrôle des banques centrales sur la monnaie, Effets néfastes de la perte de pouvoir d'achat de la monnaie, Encouragement de la consommation à court terme, Nécessité de planifier pour le long terme pour prospérer",,"""Bitcoin : Révolution de la Société et de la Culture"""
23ab3bf0049752d1c36ecc09b01b2986,systemes monetaires,4. bitcoin revolutionne la comptabilite,https://btctouchpoint.com/fr/comptabilite/, comment bitcoin change societe,"Le texte traite de la comptabilité liée à BTC TouchPoint, offrant des ressources et des conseils pour les débutants dans le domaine du Bitcoin. Il aborde des sujets tels que l'utilisation de Bitcoin, son impact sur la société, la culture et les individus, ainsi que des ressources pratiques comme des podcasts, des articles et des livres.","Comptabilité, Évolution des techniques de comptabilité, Comptabilité à double entrée, Comptabilité à triple entrée, Blockchain, Transparence, Bitcoin, Fiscalité des cryptomonnaies, Volatilité des investissements, Conseils financiers",3,"""Guide de Comptabilité Bitcoin pour Débutants: Ressources et Conseils"""
