id,title,subtitle,links,quadrant,summary,descriptions,time_min,titles
ffba974832e6058f5ef93aeca5729dc7,utiliser un wallet/ porte-cles,1. wallet ? portefeuille ?  porte-cles ? comment proceder ?,https://www.youtube.com/watch?v=y-w4oDIEf2w, comment j'utilise bitcoin,"Les clés sont essentielles pour utiliser Bitcoin, agissant comme des identifiants et des mots de passe pour accéder aux transactions et aux fonds. Une clé publique est nécessaire pour recevoir des Bitcoins, tandis que des clés privées sont requises pour les dépenser. Le portefeuille Bitcoin est crucial pour envoyer et recevoir des Bitcoins, étant le logiciel d'accès au réseau.","Clé publique et clé privée, Portefeuille Bitcoin, Adresses Bitcoin, Types de portefeuilles (mobiles, de bureau, intégrés, matériels), Stockage à chaud et à froid, Envoi et réception de Bitcoin, Stratégies de conservation des clés privées",4,"""Les Clés et le Portefeuille Bitcoin: L'Essentiel de la Sécurité et des Transactions"""
b8f7b0ed6edb19a02a10cf41dcfb91e7,utiliser un wallet/ porte-cles,1. wallet ? portefeuille ?  porte-cles ? comment proceder ?,https://www.youtube.com/watch?v=H8pXUrrLt50&list=PLinTFKehfR4wGzSb41gAaFFImT9c_hrJV&index=10, comment j'utilise bitcoin,"Roxy explique dans le chapitre 3.1 du cours Til Schwebel où sont stockés les bitcoins, abordant le choix du portefeuille nécessaire et les aspects techniques tels que les clés privées et publiques.","Portefeuilles Bitcoin, Stockage des bitcoins, Clé privée et clé publique, Argent numérique, Types de portefeuilles (mobile, physique, papier, mémoire), Sécurité des clés privées, Génération de clés privées, Clés publiques et adresses, Création d'adresses Bitcoin, Utilisations des adresses, Flexibilité des adresses dans les portefeuilles",NAN,"""Stockage et Sécurité des Bitcoins : Guide du Chapitre 3.1 avec Roxy"""
eb8c3206ed042d6615cb6739048e35c3,utiliser un wallet/ porte-cles,1. wallet ? portefeuille ?  porte-cles ? comment proceder ?,https://www.youtube.com/watch?v=TRf4mMDanI8&list=PLinTFKehfR4wGzSb41gAaFFImT9c_hrJV&index=11, comment j'utilise bitcoin,La vidéo aborde le choix d'un portefeuille Bitcoin adapté à chacun en soulignant la diversité des besoins des utilisateurs. Il est suggéré de consulter une autre vidéo pour une explication plus détaillée.,"Portefeuilles Bitcoin, Facteurs à prendre en compte pour choisir un portefeuille, Risques potentiels, Personnalité et besoins individuels, Quantité de Bitcoin, Types de portefeuilles en fonction du montant détenu, Sécurisation des fonds, Utilisation de portefeuilles mobiles et physiques, Utilisation de passphrase pour plus de sécurité, Système de multisignatures, Stockage sécurisé des clés privées, Services spécialisés pour les gros montants",NAN,"""Choisir le Bon Portefeuille Bitcoin : Diversité des Besoins Utilisateurs"""
94535d6d7fe720063eaf3a49c1cbeafa,utiliser un wallet/ porte-cles,1. wallet ? portefeuille ?  porte-cles ? comment proceder ?,https://www.youtube.com/watch?v=2MRRERHm7ZM&list=PLinTFKehfR4zX1E6s5ik1oSvQlQysUt6D&index=10, comment j'utilise bitcoin,"Rosie explique comment mettre en place un portefeuille pour les cryptomonnaies, soulignant qu'il existe de nombreuses options à choisir en fonction de ses besoins et de son système d'exploitation.","Portefeuilles (types, choix, sécurité), Formation pratique pour mettre en place Bitcoin, Tutoriels gratuits, Portefeuilles connectés à Internet vs portefeuilles froids, Ledger, Trésor (types de portefeuilles), Sécurité informatique (écrire 24 mots sur papier), Accès à l'argent via les 24 mots, Règles de base lors de l'écriture des 24 mots, Sécurité (cacher les caméras, environnement sans surveillance), Écriture systématique des 24 mots dans l'ordre",NAN,"""Guide pour Créer un Portefeuille Cryptomonnaie Adapté à Vos Besoins"""
3ec5deb494ff7586d28eae1f8f6209b0,utiliser un wallet/ porte-cles,2. solutions hebergees/custodial   vs. conservation  autonome/self-custody,https://www.youtube.com/watch?v=z3n1uZrNvXo&list=PLxdf8G0kzsUWe-rG0X6LDJAMXL7761B42&index=14, comment j'utilise bitcoin,"Le texte explique comment prendre en charge la garde de ses propres bitcoins, allant des étapes de création d'un portefeuille Bitcoin à la sécurisation des fonds retirés de la bourse. Il est destiné à ceux qui souhaitent savoir comment assurer la sécurité de leurs cryptomonnaies.","Self-custody of Bitcoin, Bitcoin wallet, Securing coins, Withdrawal from exchanges, Sponsors (Shakepay.com, Ledden.io, Bit refill), Hardware wallets (Keystone), Backup methods (solid steel), Importance of self-custody, Role of Bitcoin wallets, Key management, Risks of leaving money in exchanges, Bitcoin's purpose, Holding wealth independently, Setting up a Bitcoin wallet",NAN,"""Sécuriser vos bitcoins : Guide pratique pour une garde autonome"""
2f15fe600e9fb9e70b79bb5fc45205b2,utiliser un wallet/ porte-cles,2. solutions hebergees/custodial   vs. conservation  autonome/self-custody,https://www.youtube.com/watch?v=OxdgmDxOMRY&t=1576s, comment j'utilise bitcoin,"Le texte discute de la possibilité d'accepter Bitcoin sur Apple Pay. Bien que cela soit envisagé, il n'y a pas de plans immédiats à ce sujet. L'orateur mentionne qu'il ne convertirait pas la trésorerie d'Apple en crypto, car les investisseurs achètent des actions Apple pour une exposition différente.","Accepting bitcoin on Apple Pay, Investment decisions regarding crypto, Diversified portfolio, Apple CEO's stance on crypto, Citadel Dispatch show on bitcoin, Podcasting 2.0 apps, Bitcoin Q&A discussion, Buying bitcoin and KYC regulations, Beginner-focused content, Structure of the episode, Challenges in the crypto space, Exchanges and KYC compliance, Financial advice and investment, Support for the show, Live chat engagement",NAN,"""Bitcoin sur Apple Pay : Pas de Plans Immédiats, Conserve la Trésorerie d'Apple"""
75e5a1bb714cfd9961044198b01a2be8,utiliser un wallet/ porte-cles,2. solutions hebergees/custodial   vs. conservation  autonome/self-custody,https://www.youtube.com/watch?v=TRf4mMDanI8&list=PLinTFKehfR4wGzSb41gAaFFImT9c_hrJV&index=11, comment j'utilise bitcoin,"Le texte discute de la recherche du bon portefeuille Bitcoin adapté à chacun, soulignant l'importance de choisir en fonction de ses besoins spécifiques. Il est conseillé de visionner une vidéo plus détaillée pour une compréhension approfondie.","Types de portefeuilles Bitcoin, Facteurs à considérer avant de choisir un portefeuille : sécurité, personnalité, quantité de Bitcoin, Portefeuille mobile vs. portefeuille physique, Sécurité en fonction du montant de Bitcoin détenu, Utilisation de passphrases pour renforcer la sécurité, Système de multisignatures pour les gros montants, Stockage sécurisé des clés privées, Recours à des experts en sécurité des cryptomonnaies",NAN,"""Trouver le Bon Portefeuille Bitcoin Adapté à Vos Besoins: Guide Vidéo Inclus"""
9dc65f3b864c5789d57167f1d2da6e85,utiliser un wallet/ porte-cles,2. solutions hebergees/custodial   vs. conservation  autonome/self-custody,https://www.youtube.com/watch?v=R6Yutjp-JxM&list=PLinTFKehfR4wGzSb41gAaFFImT9c_hrJV&index=12, comment j'utilise bitcoin,Le texte parle de Bitcoin et donne un conseil important pour ceux qui débutent dans cette cryptomonnaie. Il souligne l'importance de garder en sécurité sa clé privée Bitcoin pour protéger ses avoirs. Ce conseil est largement répandu dans l'industrie et est crucial pour assurer la sécurité des transactions et la protection des fonds.,"Bitcoin, Clé privée, Liberté financière, Contrôle de sa clé privée, Risques et responsabilités, Sécurité financière, Centralisation des bitcoins, Gestion de sa clé privée, Tutoriels sur la clé privée, Mobilité financière, Flux migratoires",NAN,"""Sécurisez vos avoirs : Conseil clé pour les débutants en Bitcoin"""
8376858874a6198b03d4f3cead82f88e,utiliser un wallet/ porte-cles,3. hot wallet / portefeuille chaud,https://www.youtube.com/watch?v=UCAtFgkdJtM, comment j'utilise bitcoin,"Le texte présente un tutoriel sur l'application mobile Blue Wallet, vantée pour sa polyvalence en tant que portefeuille Bitcoin classique, Lightning Network et multi-signatures. L'accent est mis sur sa convivialité pour les débutants, notamment sur iOS.","Blue Wallet, Portefeuille mobile, Bitcoin classique, Lightning network, Portefeuille multi-sig, iOS et Android, Interface utilisateur, Clé privée, Backup, Sécurité, Stockage sécurisé, Limite de sécurité, Confidentialité, Acquisition de bitcoins, Précautions de sécurité",25,"""Guide complet de Blue Wallet : Portefeuille Bitcoin et Lightning Network convivial sur iOS"""
6d2c091256d2417f1447f1d1700878da,utiliser un wallet/ porte-cles,3. hot wallet / portefeuille chaud,https://www.youtube.com/watch?v=lONbCS31am4, comment j'utilise bitcoin,"Le texte présente un guide pour créer un portefeuille de bitcoins sécurisé, le Green Wallet, adapté aux débutants, permettant de stocker des bitcoins jusqu'à 500 000 euros. C'est une application mobile connectée à internet, sûre, gratuite, et disponible sur iPhone et Android. Le tutoriel pour sa configuration prend environ 5 minutes.","Création d'un portefeuille Green Wallet pour stocker des bitcoins, Sécurité du portefeuille et protection de la clé privée, Téléchargement de l'application Green Wallet, Création d'une liste de 24 mots clés représentant la clé privée, Création d'un nouveau PIN pour sécuriser l'accès, Utilisation du double facteur d'authentification pour une sécurité renforcée, Réception et envoi de bitcoins via l'application, Sauvegarde de la clé privée et stockage sécurisé, Contrôle de la clé privée pour accéder à l'argent",5,"""Guide Pratique Pour Créer un Portefeuille de Bitcoins Sécurisé avec Green Wallet"""
08f04d61959106c884ca521f03de4c83,utiliser un wallet/ porte-cles,4. cold wallet / portefeuille froid/ physique,https://www.youtube.com/watch?v=t350-HNuqHs, comment j'utilise bitcoin,"Comparaison entre Ledger, une marque française, et Trezor, une marque américaine, pour sécuriser ses bitcoins. Les deux portefeuilles ont des coûts similaires et offrent des fonctionnalités équivalentes. La différence entre les deux est minime, mais choisir l'un des deux reste une bonne option pour sécuriser ses cryptomonnaies.","Ledger vs. Trezor (portefeuilles froids), Sécurité des portefeuilles, Intuitivité des portefeuilles (préférence pour Trezor pour les débutants), Compatibilité avec les logiciels externes (Ledger), Sécurité et analyse interne des appareils, Prix et frais de port (Ledger français vs. Trezor américain), Problèmes techniques et mises à jour (Ledger), Conclusion sur le choix du portefeuille (préférence pour Coldcard), Système multi-sig pour la sécurité, Tutoriels disponibles, Considér",7,"""Comparaison entre Ledger et Trezor : Deux options équivalentes pour sécuriser ses bitcoins"""
bd3873fccb908a382778a7e54f4b4718,utiliser un wallet/ porte-cles,4. cold wallet / portefeuille froid/ physique,https://www.youtube.com/watch?v=WB5lWEaaJOE&t=1s, comment j'utilise bitcoin,"Le texte explique comment mettre en place un portefeuille trésor modèle One pour stocker des bitcoins, avec un tutoriel de 5 à 10 minutes nécessitant un nouvel appareil, un ordinateur avec une connexion Internet, et deux bouts de papier.","Création d'un portefeuille trésor modèle one, Stockage de bitcoin, Tutoriel de 5 à 10 minutes, Matériel nécessaire : ordinateur, connexion internet, papier, Sécurisation de la clé privée, Sauvegarde de la clé privée, Choix d'un PIN, Nommer l'appareil, Reconnaissance des mots donnés pour la clé privée, Remerciements pour le soutien, Feedbacks appréciés",NAN,"""Créer un Portefeuille Trésor Modèle One pour Stocker des Bitcoins : Tutoriel Rapide"""
e95536e1650861720da80f8773982c33,utiliser un wallet/ porte-cles,4. cold wallet / portefeuille froid/ physique,https://www.youtube.com/watch?v=bwM0Xm_vSYM, comment j'utilise bitcoin,"Le texte aborde la remise en place du portefeuille Trésor Modèle One pour récupérer des fonds ou tester la sécurité de l'appareil. Il est proposé comme une option utile pour ceux qui ont perdu leur appareil mais possèdent la clé privée, ou pour ceux qui souhaitent entraîner leur sécurité après la mise en place de l'appareil.","Portefeuille Trésor modèle one, Clé privée, Sécurité, Récupération des fonds, Test de sécurité, Ordinateur et appareil, Suppression et recréation de portefeuille, Taux de bitcoin, Pin, Création d'un nouveau truc, Clé privée pour récupération, Protection de la vie privée, Transfert d'argent, Nouveau portefeuille",4,"""Réinitialisation du Portefeuille Trésor Modèle One pour la Sécurité et la Récupération des Fonds"""
b090a6b637275ed53ea5862b1124ce7a,utiliser un wallet/ porte-cles,4. cold wallet / portefeuille froid/ physique,https://www.youtube.com/watch?v=ks-VHtsqjig&t=1s, comment j'utilise bitcoin,"Le texte parle d'un tutoriel sur l'utilisation du trésor Bitcoin, couvrant l'installation, le dégel, la récupération, l'envoi et la réception d'argent, ainsi que le retrait des bitcoins d'une plateforme. Il mentionne l'achat de bitcoins en direct et leur retrait vers un portefeuille froid.","Tutoriel trésor Bitcoin, Mise en place du trésor, Sécurité du portefeuille froid, Envoi et réception d'argent en Bitcoin, Retrait de Bitcoin de la plateforme Big Stands, Gestion des clés privées, Mise à jour de l'appareil, Procédure de mise à jour, Réception d'argent avec une adresse Bitcoin, Génération sécurisée d'une adresse de réception, Utilisation du QR code, Retrait des Bitcoins de la plateforme, Frais de retrait, Validation du retrait avec authentification à deux facteurs, Confirmation",NAN,"""Guide complet pour l'utilisation sécurisée du trésor Bitcoin"""
f17b22fd34b59c83aea343aea0ce2195,utiliser un wallet/ porte-cles,4. cold wallet / portefeuille froid/ physique,https://www.youtube.com/watch?v=_vsHNTLi8MQ&t=1s, comment j'utilise bitcoin,"Le texte présente un tutoriel sur l'utilisation du Ledger Nano, un portefeuille froid pour sécuriser les bitcoins. Il explique comment mettre en place l'appareil et créer un mot de passe, offrant ainsi un guide complet pour comprendre son fonctionnement.","Tutoriel sur le Ledger Nano, Sécurisation des bitcoins, Utilisation d'une passphrase, Installation du Ledger Nano, Précautions d'achat, Besoins pour le tutoriel, Impression de la feuille de récupération, Organisation des informations, Mise en place de l'appareil Ledger Nano, Contenu de la boîte du Ledger Nano, Prix de l'appareil, Alternatives au Ledger Nano",NAN,"""Guide complet pour sécuriser vos bitcoins avec Ledger Nano"""
86cc5b99d3708ffb2dfaa3beb41e5274,utiliser un wallet/ porte-cles,4. cold wallet / portefeuille froid/ physique,https://www.youtube.com/watch?v=E2Px3qx7vYk, comment j'utilise bitcoin,"Le tutoriel discute du portefeuille Bitcoin froid Big Box aux Deux, vantant sa facilité d'utilisation et de mise en place grâce à un système de sauvegarde via des cartes SD.","Tutoriel sur la Big Box aux Deux, Portefeuille Bitcoin froid, Facilité d'utilisation, Backup via cartes SD, Prix : 119 euros, Caractéristiques appréciées, Non sponsorisé, Application mobile et desktop, Sécurité, Bitcoin-only vs. multi-crypto, Système de sécurité et backup, Adaptabilité pour ordinateur et téléphone, Installation de l'application, Branchement de l'appareil, Utilisation de l'appareil",30,"""Portefeuille Bitcoin froid Big Box aux Deux: Facile à utiliser avec sauvegarde sur carte SD"""
189d4ef6a20f05ff9652cdd2c2f76ed9,utiliser un wallet/ porte-cles,5. bitcoin  lightning  wallet,https://www.youtube.com/watch?v=qTHtPzuo_Ek&t=242s, comment j'utilise bitcoin,"Le lightning network est une solution au problème de la scalabilité du bitcoin, agissant comme une couche 2 pour la cryptomonnaie. Cette technologie répond à la question de comment utiliser et coder pour le bitcoin, en offrant des ressources francophones pour les débutants.","Bitcoin, Lightning Network, Scalabilité, Transactions, Micro-transactions, Couche 2, Canaux de liquidités, Frais, Portefeuilles, Codage, Formation, Channel, Liquidité, Noeud Lightning, Noeud Bitcoin, Custody, Noeud de routage, Business model, Paiement par internet, Nouvelles possibilités, Interaction client, Support client, Appel téléphonique via Lightning Network",NAN,"""Le Lightning Network : Solution de Scalabilité pour le Bitcoin avec Ressources Francophones pour les Débutants"""
a1e7c9bba9ffe4275fe714181d0de50a,utiliser un wallet/ porte-cles,5. bitcoin  lightning  wallet,https://www.youtube.com/watch?v=cbtAmevYpdM, comment j'utilise bitcoin,"Phoenix wallet est considéré comme l'un des portefeuilles mobiles Bitcoin Lightning les plus simples à utiliser pour les débutants. Il simplifie le processus en abstrayant les détails techniques en arrière-plan, permettant une configuration rapide en quelques minutes. Ben, de BTC Sessions, explique comment commencer à utiliser Phoenix wallet sur mobile de manière simple et efficace.","Phoenix wallet, Mobile Bitcoin lightning wallet, Onboarding newcomers, Simplified setup, Sponsor shoutouts (Huddle, CoinCite, Nunchuck.io, Start9), Non-KYC SATs, Hardware security (Cold card mark IV), Multi-sig setup (Nunchuck.io), Inheritance planning, Sovereign Computing solution (Start9), Prerequisites for using Phoenix wallet, Bitcoin acquisition sources, Lightning Network, Sending Bitcoin transactions, Phoenix wallet installation on Google Play or iOS",41,"""Phoenix Wallet: Guide simple et efficace pour les débutants Bitcoin Lightning"""
fe0b7a6023e989c6e6dc42b7050eafac,utiliser un wallet/ porte-cles,5. bitcoin  lightning  wallet,https://www.youtube.com/watch?v=sXBwRO7ML7w&list=PLxdf8G0kzsUWcgEJLH9AHTN3KQzoN2HTs&index=2, comment j'utilise bitcoin,"Le portefeuille de Satoshi est un portefeuille Lightning custodial prêt à l'emploi, facile à utiliser avec une configuration minimale. Il est simple à utiliser malgré le compromis de la garde des clés. Le texte mentionne comment utiliser le portefeuille de Satoshi, le processus de configuration, et ses fonctionnalités.","Wallet of Satoshi, Custodial Lightning wallet, Setting up Wallet of Satoshi, Features of Wallet of Satoshi, Sponsor shout-outs (Shakepay, Ledden.io, Bit Refill), Keystone hardware wallet, Backing up Bitcoin wallet in steel, Disclaimer on custodial control, Transaction risks with Wallet of Satoshi, Non-custodial options, Transacting between Wallet of Satoshi and Zebedee wallet, Setting up Wallet of Satoshi, Backup process for Wallet of Satoshi",NAN,"""Portefeuille de Satoshi Lightning Custodial : Configuration Facile et Fonctionnalités"""
fe338f2a7ab2127c26393bae0c52da82,utiliser un wallet/ porte-cles,5. bitcoin  lightning  wallet,https://www.youtube.com/watch?v=nd5fX2vHuDw&list=PLxdf8G0kzsUWcgEJLH9AHTN3KQzoN2HTs&index=5, comment j'utilise bitcoin,"Alby est un plugin de navigateur qui permet de recevoir des paiements en lightning, d'effectuer des transactions en lightning via divers réseaux sociaux, et de se connecter à un portefeuille ou un nœud lightning existant. Cette présentation explique comment utiliser ces fonctionnalités.","Alby (plugin de navigateur), Adresse Lightning, Paiements Lightning, Réseaux sociaux, Portefeuille Lightning, Tutoriel, CoinKite (matériel Bitcoin), Shakepay (achat de Bitcoin), Latin.io (prêt en Bitcoin), Bitrefill (cartes-cadeaux en Bitcoin), Sécurité des portefeuilles Bitcoin",NAN,"""Utiliser Alby : Recevoir des Paiements et Effectuer des Transactions en Lightning"""
8c49ecf2b02d9dc39e5d996156d75dd5,utiliser un wallet/ porte-cles,5. bitcoin  lightning  wallet,https://www.youtube.com/watch?v=5SbpyInuIJk&list=PLxdf8G0kzsUUE7HHNTGTWBFxzt2oudiyS, comment j'utilise bitcoin,"Wasabi Wallet Unfairly Privatemoon est un portefeuille Bitcoin qui utilise à la fois des transactions Lightning et on-chain, avec un solde unifié pour simplifier les transitions entre les deux types de transactions. Une vidéo tutorielle est recommandée pour mieux comprendre cette utilisation efficiente de Bitcoin sans avoir à passer manuellement d'un mode à l'autre.","Wasabi Wallet, Moon Wallet, Bitcoin transactions, Lightning Network, Unified balance, Bitcoin user experience, Wallet setup, Backup process, Billfold, Bitbuy, Bit refill, Keystone (formerly Kobo Vault), Ledger, Bitcoin services, Moon Wallet main screen, Wallet creation, PIN setup",NAN,"""Wasabi Wallet : Un Guide Vidéo pour Comprendre l'Utilisation Unifiée de Bitcoin"""
b892bd8451d4bbd6cb973c76060ca782,utiliser un wallet/ porte-cles,5. bitcoin  lightning  wallet,https://www.youtube.com/watch?v=lcBsn8e-oQ4&list=PLxdf8G0kzsUWcgEJLH9AHTN3KQzoN2HTs, comment j'utilise bitcoin,"Le portefeuille Breeze est une application de portefeuille Bitcoin qui utilise le réseau Lightning pour des transactions instantanées et des frais très bas. Disponible sur iOS et Android, il permet d'accéder rapidement au réseau Lightning pour envoyer et recevoir des bitcoins.","Wasabi Wallet, Breeze Wallet: Utilizes Lightning Network, Instant transactions, cheap fees, Using Breeze Wallet: Sending and receiving, Lightning Network setup, Breeze Wallet features: Non-custodial, User-friendly interface and experience, Backup and security, Sponsors: Ledden.io, Crypto Cloaks, Cobo Vault, Ledden.io services: Bitcoin-backed loans, savings accounts, B2X offering, Crypto Cloaks: Bitcoin swag, discounts, Cobo Vault: Hardware wallet, air-gapped, Tutorial on using Cobo Vault, Breeze Wallet interface: Balance, transactions, send and receive buttons, Breeze Wallet tutorial: No setup necessary,",NAN,"""Portefeuille Breeze: Transactions Instantanées et Frais Bas avec le Réseau Lightning"""
84d94da346b3aa383ef66e2b0404a52b,utiliser un wallet/ porte-cles,5. bitcoin  lightning  wallet,https://www.youtube.com/watch?v=4-vJ7zZQ4wU&list=PLxdf8G0kzsUWcgEJLH9AHTN3KQzoN2HTs&index=7, comment j'utilise bitcoin,"L'application Strike permet aux utilisateurs d'envoyer de la valeur à travers le monde presque instantanément et quasiment gratuitement en utilisant le réseau Bitcoin Lightning. Cela a de grandes implications pour les transferts internationaux d'argent. L'application peut être utilisée sur les téléphones Android, les iPhones et via Google Chrome.","Wasabi Wallet, Strike app, Bitcoin Lightning Network, International remittances, Banking the unbanked, Fiat currency, Bitcoin network, Bitcoin wallet, Bitcoin services, Bitcoin-backed loans, Savings accounts, B2X offering, Seed phrase backup, Billfodl, Buying Bitcoin in Canada, Full proof of reserves audit, Bitcoin insurance, Bitbuy, Keystone (formerly Kobo Vault), Secure element, QR codes, Air-gapped mode, Bitrefill, Gift cards, Lightning network, Sats back, Referral program.",NAN,"""Facilitez les Transferts Internationaux avec l'Application Strike Utilisant Bitcoin Lightning"""
d6551991e4bc545a69b42551436856aa,utiliser un wallet/ porte-cles,1. wallet ? portefeuille ?  porte-cles ? comment proceder ?,https://www.stacksats.how/bitcoin-wallets?bitcoin-wallet-categories=hardware#filter, comment j'utilise bitcoin,"Le texte présente des informations sur la manière de stocker de manière sécurisée des sats, une unité de bitcoin. Il souligne l'utilisation de différents portefeuilles matériels, tels que le Coldcard Mk4 de Coinkite et les portefeuilles matériels open source Trezor Model T et Trezor Model One, pour aider les utilisateurs du monde entier.","Stash Sats, Wallets (hardware and software), Services for storing sats, Multisig services, Bitcoin and Liquid assets, Open source, Mobile wallets, DIY hardware wallet, Boost donation",,"""Sécuriser vos sats : Guide des portefeuilles matériels Bitcoin"""
4182d69b05b2536fd1df47d0d542ff79,utiliser un wallet/ porte-cles,1. wallet ? portefeuille ?  porte-cles ? comment proceder ?,https://www.stacksats.how/lightning-wallets, comment j'utilise bitcoin,"Le texte discute de plusieurs portefeuilles mobiles Bitcoin utilisés pour dépenser des sats rapidement. Il présente des options non-custodiales et custodiales, tels que Bitcoin Beach Wallet, Blixt Wallet, Spark Wallet, et Cash App.","Dépensez des sats, Portefeuilles Bitcoin mobiles, Bitcoin Beach Wallet, Blixt Wallet, Spark Wallet, Cash App, Alby, Strike, Zeus, Muun, Phoenix, Wallet of Satoshi, Breez, ZEBEDEE, Boost, Contact",,"""Exploration des Portefeuilles Mobiles Bitcoin Rapides : Options Non-Custodiales et Custodiales"""
8f149e7265b0fb051fc98d489a039070,utiliser un wallet/ porte-cles,2. solutions hebergees/custodial   vs. conservation  autonome/self-custody,https://www.bitstack-app.com/blog/introduction-a-la-conservation-d-actifs-numeriques-comment-securiser-soi-meme-ses-cles-bitcoin, comment j'utilise bitcoin,"Le texte discute de l'introduction à la conservation d'actifs numériques, en mettant l'accent sur la sécurisation des clés Bitcoin. Il explique comment sécuriser ses bitcoins et propose des conseils à ce sujet.","Introduction à la conservation d'actifs numériques, Sécurisation des clés Bitcoin, Stockage des bitcoins, UTXO (Unspent Transaction Output), Conditions de dépense, Clés cryptographiques, Preuve de propriété, Conservation autonome (self-custody), Plateformes d'échange de cryptos, Propriété des bitcoins, Self-custody vs. stockage par un tiers",12,"""Sécuriser ses Bitcoins : Guide de conservation d'actifs numériques"""
81f1fa9c77e8f536743b20b69355eda7,utiliser un wallet/ porte-cles,3. hot wallet / portefeuille chaud,https://agora256.com/6-meilleurs-portefeuilles-bitcoin-2023/, comment j'utilise bitcoin,"En 2023, un article classe les 6 meilleurs portefeuilles Bitcoin pour une expérience utilisateur supérieure sur mobile.","Portefeuilles Bitcoin sur mobile en 2023, Options et recommandations de portefeuilles, Utilisation de plusieurs portefeuilles, Caractéristiques des portefeuilles Bitcoin, BlueWallet, Nunchuk, Blockstream Green, Fonctionnalités des portefeuilles, Compatibilité NFC, Support du réseau Testnet, Contrôle des UTXO, Code source libre, Sécurité et convivialité des portefeuilles",9,Les 6 meilleurs portefeuilles Bitcoin mobiles de 2023 pour une expérience utilisateur de qualité
87100ef6f30355ebafa1bb72a5227b35,utiliser un wallet/ porte-cles,3. hot wallet / portefeuille chaud,https://agora256.com/bluewallet-une-introduction/, comment j'utilise bitcoin,"BlueWallet est une application pour recevoir ou envoyer des Bitcoins sur votre appareil mobile. Pour l'installer, vous pouvez télécharger l'application depuis le site correspondant à votre type de téléphone (iPhone ou Android).","BlueWallet: introduction, téléchargement, création de portefeuille, sauvegarde, envoi et réception de Bitcoin, Bitcoin Lightning: protocole de seconde couche, microtransactions, réseau peer-to-peer, Communauté Agora256: principes, vision commune, plateforme de communication, Bitcoin white paper: fondation, surveillance, Tor, licence.",3,"""BlueWallet : Application Mobile pour les Transactions Bitcoin"""
9dc07f1634cc80a4f040eff69e76dd59,utiliser un wallet/ porte-cles,3. hot wallet / portefeuille chaud,https://academie.decouvrebitcoin.fr/lessons/4-tutoriel-portefeuille/, comment j'utilise bitcoin,"Le texte traite d'un tutoriel de l'Académie Bitcoin portant sur l'obtention des premiers bitcoins. Il aborde les sujets suivants : une introduction au Bitcoin, sa définition et son importance, ainsi que le fonctionnement technique du Bitcoin.","Introduction à Bitcoin, Importance du Bitcoin, Fonctionnement technique du Bitcoin, Sécurité des Bitcoins, Tutoriel portefeuille, Types de portefeuilles (chaud, froid, multi-signature), FAQ sur les portefeuilles, Acquisition de Bitcoins, Fiscalité du Bitcoin, Plan d'héritage Bitcoin, Avenir du Bitcoin",7,"""Guide complet pour obtenir vos premiers bitcoins : Introduction, définition et fonctionnement technique"""
e946e579009e46d1789b46d00d36c003,utiliser un wallet/ porte-cles,3. hot wallet / portefeuille chaud,https://academie.decouvrebitcoin.fr/topic/tutoriel-electrum-ordinateur/, comment j'utilise bitcoin,"Ce tutoriel Electrum fait partie de l'Académie Bitcoin BTC 102 et se concentre sur l'obtention des premiers bitcoins. Il aborde l'introduction au Bitcoin, expliquant ce qu'est le Bitcoin et pourquoi il est important, ainsi que le fonctionnement technique du Bitcoin.","Tutoriel Electrum, Bitcoin (qu'est-ce que, pourquoi est-il important, comment il fonctionne techniquement), Sécurité des Bitcoins (portefeuille, choix de sécurité), Types de portefeuilles (chaud, froid, multi-signature), FAQ sur les portefeuilles (clé privée, service ""custodial"", etc.), Obtenir des bitcoins (travailler, acheter), Fiscalité du Bitcoin, Le futur avec Bitcoin (plan d'héritage, perspectives), Soutien financier au projet, Formations gratuites sur le Bitcoin",6,"""Guide d'initiation Bitcoin: Obtenez vos premiers bitcoins avec Electrum"""
c8830da81ff43c9789202bde32754176,utiliser un wallet/ porte-cles,4. cold wallet / portefeuille froid/ physique,https://academie.decouvrebitcoin.fr/lessons/portefeuille-froid-hardwear-wallet-60e/, comment j'utilise bitcoin,"Le texte discute de l'utilisation d'un portefeuille matériel pour stocker des bitcoins et offre un cours d'introduction à la cryptomonnaie. Il aborde des sujets tels que la définition de Bitcoin, son importance, et son fonctionnement technique.","Bitcoin, Portefeuille Bitcoin, Sécurité des bitcoins, Tutoriel portefeuille (Portefeuille chaud et froid), Portefeuille multi-signature, FAQ sur les portefeuilles, Obtenir des bitcoins, Fiscalité du Bitcoin, Le futur avec Bitcoin, Ledger, Trezor, Sécurité des portefeuilles froids",8,"""Guide du Portefeuille Matériel Bitcoin et Introduction à la Cryptomonnaie"""
b398c9c41c8fdeb5247e2392f293c2fe,utiliser un wallet/ porte-cles,4. cold wallet / portefeuille froid/ physique,https://armantheparman.com/using-hwws/, comment j'utilise bitcoin,Ce guide des portefeuilles matériels Bitcoin met en avant l'importance de la sécurité pour stocker ses bitcoins. Il souligne l'avantage des portefeuilles matériels par rapport aux portefeuilles en ligne en termes de protection contre les piratages et les attaques. Les portefeuilles matériels offrent une solution sécurisée pour conserver ses bitcoins en toute confiance.,"Portefeuilles matériels Bitcoin, Sécurité des portefeuilles matériels, Clés privées, Sécurité des bitcoins, Sauvegarde des mots de passe, Héritage des bitcoins, Prévention des risques de sécurité, Malwares, Sécurité informatique, Sécurité des transactions Bitcoin, Niveau de confiance zéro, Sécurité extrême, Sécurité des échanges de bitcoins, Stockage des bitcoins, Clés de signature, Sécurité des transactions financières, Sécurité des transactions en ligne, Sécurité des informations sensibles, Sé",20,"""Sécurité Maximale : Guide des Portefeuilles Matériels Bitcoin"""
1778b1f965dcd652a4bbbddc46d74e89,utiliser un wallet/ porte-cles,5. bitcoin  lightning  wallet,https://asi0.substack.com/p/comparatif-des-portefeuilles-ln, comment j'utilise bitcoin,"Le texte présente une comparaison détaillée des fonctionnalités des portefeuilles Bitcoin Lightning, classés en 4 catégories.","Portefeuilles LN, Classification des portefeuilles LN, Contrôle des clés (custodial et non-custodial), Différentes catégories de portefeuilles LN (débutant, intermédiaire, avancé), Fonctionnalités principales des portefeuilles, Applications adaptées à chaque niveau de connaissance, Notions de sécurité et confidentialité, Utilisation de petits montants, Services Google, Notes spéciales sur le portefeuille Muun, Application Bitcoin Beach au Salvador",17,"""Comparaison détaillée des portefeuilles Bitcoin Lightning : 4 catégories décortiquées"""
5b656aea388c91e05a27a92e25e815b8,utiliser un wallet/ porte-cles,5. bitcoin  lightning  wallet,https://asi0.substack.com/p/demarrer-avec-le-reseau-lightning, comment j'utilise bitcoin,"Le texte fournit un guide pratique pour débuter avec le réseau Lightning, en présentant les différents portefeuilles et solutions disponibles, ainsi que les étapes pour s'y engager.","Réseau Lightning, Portefeuilles Lightning, Utilisation du Bitcoin Lightning Network, Être sa propre banque, Gestion des réserves de BTC, Gestion des nœuds, Niveaux de connaissances, Applications de portefeuille, Utilisation des applications Custodial, Vérification KYC, Sécurité et sauvegarde des clés",19,"""Guide Pratique pour Débuter avec le Réseau Lightning : Portefeuilles, Solutions et Étapes"""
084d8a9297874d21aec6e9b77aee8f00,utiliser un wallet/ porte-cles,5. bitcoin  lightning  wallet,https://agora256.com/muun-wallet-guide-dutilisation-complet/, comment j'utilise bitcoin,"Le but de ce résumé est de fournir une vue d'ensemble claire des points principaux et des sujets clés discutés dans le texte. Il devrait être adapté à la compréhension humaine, présentant les informations essentielles de manière facile à comprendre. Assurez-vous que le résumé capture l'essence du texte sans entrer dans les détails spécifiques. Mettez l'accent sur la mise en lumière des idées importantes, des conclusions et des implications significatives discutées dans le texte.","1. Intelligence artificielle, 2. Traitement du langage naturel, 3. Apprentissage automatique, 4. Réseaux de neurones, 5. Modèles linguistiques, 6. Entraînement des modèles, 7. Algorithmes d'apprentissage automatique, 8. Applications pratiques, 9. Analyse de sentiments, 10. Reconnaissance vocale",0,"""Vue d'ensemble des points clés d'un texte : Guide de résumé clair et concis"""
643f19e7dab033fffb8d793408d6a803,utiliser un wallet/ porte-cles,5. bitcoin  lightning  wallet,https://getalby.com/, comment j'utilise bitcoin,Alby est une extension qui agit comme un compagnon pour Bitcoin et Nostr sur le web. Elle permet de connecter son portefeuille et d'utiliser les applications Bitcoin et Nostr. Il est également possible de créer un compte Alby à cette fin.,"Alby Extension, Account, Developers, For Podcasters, Value4Value, Blog, Bitcoin & Nostr companion, Lightning wallet, Browser Extension, Nostr keys, Nostr identifier, Monetize content, Direct revenue stream, WebLN, Alby API, Instant payments, Bitcoin wallets, Recurring payments, Synthetic USD, Lightning Network, Bitcoin tips on Twitter, Lightning address, Nostr keys, User experience, Donation, Boosting, Support for creators.",4,"""Alby : Votre Compagnon pour Bitcoin et Nostr"""
