id,title,subtitle,links,quadrant,summary,descriptions,time_min,titles
55d6d7d67c169951105e497408f34b09,acheter du btc,4. solutions d'achat en pair-a-pair et achat en liquide,https://www.youtube.com/watch?v=mvh55CYmLVw&list=PLinTFKehfR4wGzSb41gAaFFImT9c_hrJV&index=25, comment j'utilise bitcoin,"Rosie accueille John and Jehn pour un séminaire gratuit d'une heure sur Bitcoin, partageant ses connaissances précieuses à travers sa chaîne et son podcast.","Présentation de Bitcoin, Séminaire sur Bitcoin par John, Achat de Bitcoin, Vie privée et transactions non tracées, Risques liés à Bitcoin, Formation sur Bisque (échange décentralisé), Utilisation de logiciel peer-to-peer, Caractéristiques de Bisque, Protocole de trading, Open source, Absence d'enregistrement, Fonctionnement sans serveur central",NAN,"""Un séminaire gratuit sur Bitcoin avec Rosie, John, et Jehn : Partage de connaissances précieuses"""
4b4d824151d138830f446a7d75f1021c,acheter du btc,4. solutions d'achat en pair-a-pair et achat en liquide,https://www.youtube.com/watch?v=OxdgmDxOMRY&t=819s, comment j'utilise bitcoin,"Il envisage d'accepter le bitcoin sur Apple Pay, mais pour le moment, il n'a pas de plans immédiats à ce sujet. Il ne prévoit pas d'investir la trésorerie d'Apple dans la cryptomonnaie car il estime que les investisseurs en actions d'Apple ne cherchent pas une exposition à la cryptomonnaie. Il encourage ceux qui souhaitent investir dans la crypto à le faire directement.","Accepting bitcoin on Apple Pay, Investment decisions, Crypto ownership, Apple CEO's statements, Bitcoin Tuesday, Citadel Dispatch show, Podcasting 2.0, Bitcoin Q&A, Beginner-focused content, Buying bitcoin, KYC regulations",NAN,"""Apple Pay n'acceptera pas le bitcoin pour l'instant: Quelles options pour les investisseurs en cryptomonnaie?"""
7193bcf7eab73a21829ac0bff9f5e208,acheter du btc,1. vue d'ensemble,https://bitcoin.fr/comment-acheter-des-bitcoins-sans-se-faire-arnaquer/, comment j'utilise bitcoin,"Le texte aborde des conseils pour acheter des bitcoins de manière sûre et éviter les arnaques. Il offre des informations sur la façon d'acheter, de dépenser et de gérer des bitcoins en toute sécurité.","Reconnaître les escroqueries, Signes d'alerte, Ne pas confondre Bitcoin avec d'autres projets, Sélectionner une plateforme fiable, Obligation d'enregistrement des sociétés vendant des bitcoins, Recommandations de plateformes (Coinhouse, StackinSat, Kraken, Binance, Bitstamp), Utilisation de virement SEPA, DEX (échanges décentralisés)",7,"""Acheter et Gérer des Bitcoins en Toute Sécurité : Conseils Pratiques"""
4b7e6cbfd2985ea342b876fd920ec9e2,acheter du btc,1. vue d'ensemble,https://unchained.com/blog/6-strategies-for-dealing-with-bitcoin-volatility/, comment j'utilise bitcoin,Le texte propose 6 stratégies pour faire face à la volatilité du bitcoin.,"1. Volatilité du bitcoin, 2. Allocation et objectifs, 3. Éducation et communauté, 4. Plan d'épargne régulier, 5. Fonds d'urgence, 6. Résilience face à la volatilité",9,"""6 Stratégies pour Gérer la Volatilité du Bitcoin"""
90cf72bb3c12d61a1957b5539b1752cf,acheter du btc,2.  dca: choisir une frequence d'achat,https://unchained.com/blog/dca-bitcoin/, comment j'utilise bitcoin,"Le dollar-cost averaging (DCA) en bitcoin est une méthode populaire qui implique d'investir régulièrement des montants fixes dans la cryptomonnaie, quel que soit son prix actuel.","Dollar-cost averaging (DCA), Investing strategy, Bitcoin savings, Long-term investments, Asset accumulation, Price fluctuations, Satoshis (sats), Example DCA strategy for bitcoin, Volatility, Average price per unit, Human nature and investing, Key benefits of DCA, Market timing, Emotional decision-making, Professional traders, Hindsight in market analysis",10,"""Optimisez vos investissements en Bitcoin avec le dollar-cost averaging (DCA)"""
d37fc10c7d0bbac8a3e49a4f59b5feb2,acheter du btc,2.  dca: choisir une frequence d'achat,https://unchained.com/blog/bitcoin-dca-strategy/, comment j'utilise bitcoin,Le texte discute de la stratégie Bitcoin DCA pour mettre en place un plan d'épargne en Bitcoin. Il explique comment établir un plan d'investissement progressif en dollars (DCA) en tant qu'épargnant Bitcoin.,"Stratégie DCA Bitcoin, Établir un plan d'épargne en Bitcoin, Dollar-cost averaging (DCA), Revenu mensuel et dépenses, Réduire les dépenses, Augmenter les revenus, Montant et fréquence des achats, Achats réguliers, Impact psychologique de la volatilité, Traitement du Bitcoin comme une épargne, Fréquence des achats, Opportunités à des prix plus bas, Stratégie DCA type",10,"""Stratégie Bitcoin DCA : Épargner en Bitcoin pas à pas"""
e662857cf7b64c194af7bec662d65e58,acheter du btc,4. solutions d'achat en pair-a-pair et achat en liquide,https://kycnot.me/, comment j'utilise bitcoin,"Le texte parle de KYCnot.me, un service axé sur la confidentialité qui s'oppose à la vérification KYC pour les échanges de cryptomonnaies. Le blog aborde l'importance de la confidentialité et la suppression du KYC. Il mentionne l'utilisation de services et de cryptomonnaies comme XMR, BTC, LTC, et CASH, ainsi que la possibilité de faire des échanges en FIAT sur la plateforme bisq.","KYCnot.me, Blog, Donate, Privacy, Exchanges, VPN, Tools, Hosting, Goods, Phone",1,"""Confidentialité Crypto : KYCnot.me et l'échange sans vérification KYC"""
