id,title,subtitle,links,quadrant,summary,descriptions,time_min,titles
5f20190f064aea2bd4c727075f592429,agriculture,"2.  preserver  le capital, travailler sur le temps long",https://www.youtube.com/watch?v=OWnT1bkHQto, comment bitcoin change societe,"Thinkerview est une chaîne internet qui accueille Cloud et Lydia Claude Bourguignon, basés à Dijon, travaillant depuis 30 ans pour aider les agriculteurs à respecter leurs sols. Claude Bourguignon est ingénieur agronome spécialisé en microbiologie des sols, avec une expérience de laboratoire unique dans ce domaine.","Thinkerview, chaîne internet, Claude et Lydia Bourguignon, Ingénieurs agronomes, Microbiologie des sols, Laboratoire d'analyses des sols, Engrais et agriculture, Rendements des sols, Santé des sols, Capacité des sols à nourrir, Industrialisation de l'agriculture, Destruction des sols, Monoculture, Biodiversité, Chimie agricole, Utilisation de l'azote, Pertes de rendement, Vie du sol, Destruction biologique des sols",145,"""Expertise en microbiologie des sols : Cloud et Lydia Claude Bourguignon sur Thinkerview"""
d3b2ee124a1c4f6decc60f96c63ee12a,agriculture,"2.  preserver  le capital, travailler sur le temps long",https://www.youtube.com/watch?v=iAEgMhq_FJs, comment bitcoin change societe,"Jacob mentionne qu'il a récemment changé ses habitudes en se levant tôt pour regarder le lever du soleil, après avoir pris l'habitude de faire la grasse matinée. Ce changement a été causé par un changement de paradigme dans sa vie, ce qui lui a permis d'apprécier les débuts de journée.","Discussions matinales, Changement de paradigme, Lever du soleil, Motivation, Discipline, Résultats, Routine matinale, Réveil naturel, Introduction personnelle, Expérience de travail, Passion pour la vente et le service client, Relation client, Diversité d'expériences de vie",117,"""Changement de paradigme : Apprécier les débuts de journée avec le lever du soleil"""
d3b2ee124a1c4f6decc60f96c63ee12a,agriculture,"2.  preserver  le capital, travailler sur le temps long",https://www.youtube.com/watch?v=iAEgMhq_FJs, comment bitcoin change societe,"Jacob mentionne qu'il a récemment changé ses habitudes en se levant tôt pour regarder le lever du soleil, après avoir pris l'habitude de faire la grasse matinée. Ce changement a été causé par un changement de paradigme dans sa vie, ce qui lui a permis d'apprécier les débuts de journée.","Discussions matinales, Changement de paradigme, Lever du soleil, Motivation, Discipline, Résultats, Routine matinale, Réveil naturel, Introduction personnelle, Expérience de travail, Passion pour la vente et le service client, Relation client, Diversité d'expériences de vie",117,"""Changement de paradigme : Apprécier les débuts de journée avec le lever du soleil"""
d3b2ee124a1c4f6decc60f96c63ee12a,agriculture,"2.  preserver  le capital, travailler sur le temps long",https://www.youtube.com/watch?v=iAEgMhq_FJs, comment bitcoin change societe,"Jacob mentionne qu'il a récemment changé ses habitudes en se levant tôt pour regarder le lever du soleil, après avoir pris l'habitude de faire la grasse matinée. Ce changement a été causé par un changement de paradigme dans sa vie, ce qui lui a permis d'apprécier les débuts de journée.","Discussions matinales, Changement de paradigme, Lever du soleil, Motivation, Discipline, Résultats, Routine matinale, Réveil naturel, Introduction personnelle, Expérience de travail, Passion pour la vente et le service client, Relation client, Diversité d'expériences de vie",117,"""Changement de paradigme : Apprécier les débuts de journée avec le lever du soleil"""
d3b2ee124a1c4f6decc60f96c63ee12a,agriculture,"2.  preserver  le capital, travailler sur le temps long",https://www.youtube.com/watch?v=iAEgMhq_FJs, comment bitcoin change societe,"Jacob mentionne qu'il a récemment changé ses habitudes en se levant tôt pour regarder le lever du soleil, après avoir pris l'habitude de faire la grasse matinée. Ce changement a été causé par un changement de paradigme dans sa vie, ce qui lui a permis d'apprécier les débuts de journée.","Discussions matinales, Changement de paradigme, Lever du soleil, Motivation, Discipline, Résultats, Routine matinale, Réveil naturel, Introduction personnelle, Expérience de travail, Passion pour la vente et le service client, Relation client, Diversité d'expériences de vie",117,"""Changement de paradigme : Apprécier les débuts de journée avec le lever du soleil"""
d3b2ee124a1c4f6decc60f96c63ee12a,agriculture,"2.  preserver  le capital, travailler sur le temps long",https://www.youtube.com/watch?v=iAEgMhq_FJs, comment bitcoin change societe,"Jacob mentionne qu'il a récemment changé ses habitudes en se levant tôt pour regarder le lever du soleil, après avoir pris l'habitude de faire la grasse matinée. Ce changement a été causé par un changement de paradigme dans sa vie, ce qui lui a permis d'apprécier les débuts de journée.","Discussions matinales, Changement de paradigme, Lever du soleil, Motivation, Discipline, Résultats, Routine matinale, Réveil naturel, Introduction personnelle, Expérience de travail, Passion pour la vente et le service client, Relation client, Diversité d'expériences de vie",117,"""Changement de paradigme : Apprécier les débuts de journée avec le lever du soleil"""
d3b2ee124a1c4f6decc60f96c63ee12a,agriculture,"2.  preserver  le capital, travailler sur le temps long",https://www.youtube.com/watch?v=iAEgMhq_FJs, comment bitcoin change societe,"Jacob mentionne qu'il a récemment changé ses habitudes en se levant tôt pour regarder le lever du soleil, après avoir pris l'habitude de faire la grasse matinée. Ce changement a été causé par un changement de paradigme dans sa vie, ce qui lui a permis d'apprécier les débuts de journée.","Discussions matinales, Changement de paradigme, Lever du soleil, Motivation, Discipline, Résultats, Routine matinale, Réveil naturel, Introduction personnelle, Expérience de travail, Passion pour la vente et le service client, Relation client, Diversité d'expériences de vie",117,"""Changement de paradigme : Apprécier les débuts de journée avec le lever du soleil"""
d3b2ee124a1c4f6decc60f96c63ee12a,agriculture,"2.  preserver  le capital, travailler sur le temps long",https://www.youtube.com/watch?v=iAEgMhq_FJs, comment bitcoin change societe,"Jacob mentionne qu'il a récemment changé ses habitudes en se levant tôt pour regarder le lever du soleil, après avoir pris l'habitude de faire la grasse matinée. Ce changement a été causé par un changement de paradigme dans sa vie, ce qui lui a permis d'apprécier les débuts de journée.","Discussions matinales, Changement de paradigme, Lever du soleil, Motivation, Discipline, Résultats, Routine matinale, Réveil naturel, Introduction personnelle, Expérience de travail, Passion pour la vente et le service client, Relation client, Diversité d'expériences de vie",117,"""Changement de paradigme : Apprécier les débuts de journée avec le lever du soleil"""
d3b2ee124a1c4f6decc60f96c63ee12a,agriculture,"2.  preserver  le capital, travailler sur le temps long",https://www.youtube.com/watch?v=iAEgMhq_FJs, comment bitcoin change societe,"Jacob mentionne qu'il a récemment changé ses habitudes en se levant tôt pour regarder le lever du soleil, après avoir pris l'habitude de faire la grasse matinée. Ce changement a été causé par un changement de paradigme dans sa vie, ce qui lui a permis d'apprécier les débuts de journée.","Discussions matinales, Changement de paradigme, Lever du soleil, Motivation, Discipline, Résultats, Routine matinale, Réveil naturel, Introduction personnelle, Expérience de travail, Passion pour la vente et le service client, Relation client, Diversité d'expériences de vie",117,"""Changement de paradigme : Apprécier les débuts de journée avec le lever du soleil"""
0cb9a6162a1a37c74d3b56d451c43c6f,agriculture,"2.  preserver  le capital, travailler sur le temps long",https://www.youtube.com/watch?v=vpTHi7O66pI&t=174s, comment bitcoin change societe,"Une tempête parfaite se profile à l'horizon, marquée par une réalité de plus en plus sombre due à la montée de la population, à la désertification des terres et au changement climatique. Malgré la croyance en la capacité de résoudre ces problèmes grâce à la technologie, la situation reste alarmante.","Tsunami, Population growth, Desertification, Climate change, Technology, Fossil fuels, Carbon emissions, Bare ground, Soil degradation, Livestock impact, Overgrazing, Land deterioration, Elephant population, National parks, Research findings, Environmental degradation, Solutions",NAN,"""La tempête imminente : population croissante, désertification et changement climatique face à la technologie"""
25076318618e5bcd5ec8dbbefef6e160,agriculture,"2.  preserver  le capital, travailler sur le temps long",https://www.youtube.com/watch?v=q7pI7IYaJLI&t=1692s, comment bitcoin change societe,"Alan Savory a proposé une solution controversée pour contrer la désertification et inverser le changement climatique lors d'une émission télévisée mondiale en février 2013. Sa proposition a reçu une ovation debout, marquant un moment important pour lui.","Alan Savory, conservationist, Halting desertification and reversing climate change, Livestock management and land degradation, Desertification and its causes, Making rainfall more effective, Sustainable land management, Impact of agriculture on soil erosion, Importance of effective water utilization, Challenges in Zimbabwe due to droughts, Improving grassland health and soil fertility",NAN,"""Alan Savory : Une Proposition Controversée pour Contrer la Désertification et le Changement Climatique"""
f7186e0d871506bb524269d6a8461462,agriculture,"2.  preserver  le capital, travailler sur le temps long",https://ata.land/shift-to-a-regenerative-future/, comment bitcoin change societe,"Le texte aborde la question de la dégradation des terres et propose une transition vers un avenir régénératif. Il met en avant des solutions telles que la vérification des résultats écologiques, l'évaluation de la santé organisationnelle, la formation en leadership régénératif et la conception de laboratoires. L'accent est mis sur des approches favorisant la régénération des terres.","Dégradation des terres, Agriculture régénératrice, Systèmes vivants, Pratiques agricoles conventionnelles, Humberto Maturana et Francisco Varela, Capacité autogénératrice, Conséquences des pratiques agricoles dégénératives, Transition de la dégénérescence à la régénération, Paradigme mécaniste vs. paradigme des systèmes vivants, Agriculture régénératrice comme solution durable, Changement de mentalité des agriculteurs, Évaluation des résultats écologiques, Gestion de l'agriculture et de la santé des sols",,"""Vers un Avenir Régénératif : Solutions pour la Dégradation des Terres"""
1cfde6cc31392202f8528f13b9a3328e,agriculture,"2.  preserver  le capital, travailler sur le temps long",https://beefinitiative.com/, comment bitcoin change societe,L'initiative bovine défend l'approvisionnement alimentaire local.,"L'initiative Beef, Approvisionnement alimentaire localisé, Boîtes de viande, Producteurs de viande, Carte des producteurs, Sécurité alimentaire, Mission de l'initiative Beef, Réseau décentralisé, Chaînes d'approvisionnement alimentaire localisées, Abonnements, Engagements des producteurs, Vaccins ARNm, Intégrité alimentaire, Confiance des clients",,"""Promotion de l'Approvisionnement Alimentaire Local par l'Initiative Bovine"""
