id,title,subtitle,links,quadrant,summary,descriptions,time_min,titles
21fb08ffad4175b3022beb9afec6e046,asphyxie culturelle fiat,"notre regime monetaire fiat nourrit colere, nihilisme et desespoir",https://www.youtube.com/watch?v=3WG7uAQ5R9Y, comment bitcoin influ culture,"Le texte parle de la musique et mentionne un message sur une pause café. Il fait également référence à une exposition d'art à laquelle il est recommandé d'assister, car l'artiste doit partir tôt.","Musique, Conférence, Entrepreneur, Bitcoin, Adoption, Spéculation, Boucle virale, Système de valeur, Satoshi, Utilisateurs de Coinbase, Levées de fonds, Liquidité, Développement de Bitcoin, Crypto-actifs",182.0,"""Musique, Pause Café, et Exposition d'Art à ne pas Manquer"""
05f6f719a8a21da83a6cfa06169240bc,asphyxie culturelle fiat,"notre regime monetaire fiat nourrit colere, nihilisme et desespoir",https://btctouchpoint.com/fr/letalon-bitcoin-de-saifedean-ammous-resume/, comment bitcoin influ culture,"Le résumé de l'ouvrage ""L’Étalon Bitcoin"" de Saifedean Ammous explore les concepts fondamentaux de Bitcoin, son impact sur la société et la culture, ainsi que son influence sur les individus. Le livre propose des conseils pratiques, des ressources et une réflexion approfondie sur l'utilisation et les implications de Bitcoin.","L’Étalon Bitcoin de Saifedean Ammous, Stock/flux : monnaies dures/monnaies faibles, Rapport stock/flux (exemple de l'or), Monnaie dure (comparaison avec l'or), Acceptation universelle de l'or comme monnaie, Qualités de l'or en tant que monnaie, Rareté, durabilité et reconnaissance facile de l'or",,"""Exploration approfondie de Bitcoin : conseils, ressources et réflexions"""
ce7b739160e1d4f051b724636c5a6b28,asphyxie culturelle fiat,"notre regime monetaire fiat nourrit colere, nihilisme et desespoir",https://btctouchpoint.com/fr/letalon-fiat-de-saifedean-ammous-resume/, comment bitcoin influ culture,"Le résumé de L’Étalon Fiat de Saifedean Ammous est abordé dans l'article, qui explore l'utilisation du Bitcoin, son impact sur la société et la culture, ainsi que son influence personnelle.","L'Étalon Fiat de Saifedean Ammous, La monnaie fiat, La vendabilité dans l'espace, La vendabilité dans le temps, Bitcoin, La convertibilité du dollar en or, Les monnaies étatiques, Richard Nixon, Carl Menger, L'or, Les réserves fractionnaires, L'inflation",,"""Exploration de l'impact culturel du Bitcoin dans L’Étalon Fiat de Saifedean Ammous"""
82e3f2f20f59ebf45dccbc77e8114caa,asphyxie culturelle fiat,"notre regime monetaire fiat nourrit colere, nihilisme et desespoir",https://mises.org/wire/cultural-consequences-federal-reserve, comment bitcoin influ culture,Le texte discute des conséquences culturelles de la Réserve fédérale.,"1. Conséquences culturelles de la Réserve fédérale, 2. Culture et économie, 3. Monnaie fiduciaire et gouvernement, 4. Limiter le pouvoir gouvernemental, 5. Contrôle du budget, 6. Relation entre citoyens et gouvernement, 7. Endettement gouvernemental, 8. Monnaie fiduciaire et crédit, 9. Banque centrale et gouvernement",,Les Impacts Culturels de la Réserve Fédérale
7f95027929439ced2965831233b13c18,asphyxie culturelle fiat,"notre regime monetaire fiat nourrit colere, nihilisme et desespoir",https://tftc.io/martys-bent/issue-1292-perfectly-perverse-incentives/, comment bitcoin influ culture,Le texte aborde le sujet des incitations perverses engendrées par l'incapacité à conserver ses efforts dans une monnaie stable. Cela peut conduire à des conséquences néfastes dans la vie quotidienne des individus.,"Incitations perverses, Impression d'argent, Dégradation de la vie quotidienne, Famille nucléaire, Santé, Éducation, Monde financier, Mauvaises décisions, Relation parents-enfants, Alimentation, Santé publique, Système universitaire, Prêts étudiants, Inflation, Politique monétaire, Rôle des banques centrales",,"""Les conséquences néfastes de l'instabilité monétaire sur les incitations"""
