id,title,subtitle,links,quadrant,summary,descriptions,time_min,titles
a57cd874d2e0eb301495aea580d868d5,bitcoin core - vue d'ensemble,1. origines - la prehistoire de bitcoin,https://www.youtube.com/watch?v=9vM0oIEhMag&t=2s, comment bitcoin change societe,"Le gouvernement n'est pas un ennemi monolithique, mais plutôt un ensemble divers d'entités potentiellement hostiles. Dans les années 1990, un groupe de mathématiciens, hackers et passionnés se sont réunis pour lutter contre la surveillance gouvernementale en utilisant la cryptographie comme arme.","Gouvernement, Liberté humaine, Internet, Cryptographie, NSA, Sécurité nationale, Technologie de l'information, Société décentralisée, Cypherpunks, Anarchie cryptographique, Commerce décentralisé, Connaissance, Économiste Friedrich Hayek, Marché mondial, Phil Salen, Commerce en ligne, Frontières nationales, Pouvoir gouvernemental, Réduction des coûts de transaction, Exploration de nouveaux horizons, Interaction humaine",NAN,"""La Cryptographie : Une Arme Contre la Surveillance Gouvernementale"""
1c476c2af0a8f029ca2f41f837250745,bitcoin core - vue d'ensemble,"2. la decouverte : satoshi nakamoto, le livre blanc",https://www.youtube.com/watch?v=kM0NWtylWfA&t=367s, comment bitcoin change societe,"Le White Paper de Bitcoin, rédigé en 2008 par Satoshi Nakamoto, présente le système de transaction électronique pair à pair de Bitcoin, éliminant le besoin d'un tiers de confiance.","White Paper de Bitcoin, Satoshi Nakamoto, Système Bitcoin, Transactions électroniques, Pair à pair, Confiance, Réseau décentralisé, Monnaie électronique, Infrastructure monétaire, Signatures électroniques, Problème de double dépense, Clés publiques et privées, Logiciel distribué, Transactions et détenteurs, Adresses Bitcoin, Transactions non dépensées, Clé privée, Dépenser du Bitcoin, Transactions précédentes, Déverrouillage de l'UTXO",NAN,"""Le White Paper de Bitcoin: Révolution de la Confiance dans les Transactions Électroniques"""
194ec5b8318473e3fc9306609a567b14,bitcoin core - vue d'ensemble,"2. la decouverte : satoshi nakamoto, le livre blanc",https://www.youtube.com/watch?v=yhZ9IPDd0iA&t=95s, comment bitcoin change societe,"Le documentaire aborde la révolution du Bitcoin plutôt que le mystère de Satoshi, offrant une perspective différente de celle initialement prévue pour la télévision belge.","Documentaire sur la révolution Bitcoin  , Mystère de Satoshi  , Exclusivité de l'interview  , Protagonistes : Claire Balva, Yorick de Mornim, Rémi  , Claire Balva : spécialisée en crypto et blockchain, travaille pour KPMG France  , Rémi : réalisateur du film  , Objectifs du film sur Bitcoin  , Bitcoin : monnaie d'Internet, décentralisée, sans banque centrale  , Avantages techniques de Bitcoin  , Adoption de Bitcoin par certains pays  , Yorick : expert en économie et école autrichienne  , Cypher punk et libertarien",NAN,Révolution du Bitcoin: Une Nouvelle Perspective Documentaire en Belgique
d2efbac3ad45c77c171e4e8cc35f6576,bitcoin core - vue d'ensemble,3. apercu general du fonctionnement de bitcoin,https://www.youtube.com/watch?v=Y92R4EWk5uo, comment bitcoin change societe,"Le texte discute de la rareté du Bitcoin comme actif financier, en expliquant combien de Bitcoins sont en circulation et ce qui garantit cette rareté. Bitcoin est présenté comme une monnaie rare et un actif précieux dans le domaine de la cryptomonnaie.","Bitcoin, Impression monétaire, Rare et limité à 21 millions de bitcoins, Courbe d'impression monétaire, 18,5 millions de bitcoins en circulation en 2022, Protocole informatique, Théorie du jeu et consensus de la communauté, Le mineur et la création de nouveaux bitcoins, Récompenses des mineurs, Division par deux de la récompense tous les quatre ans",20,"""La rareté du Bitcoin : un actif financier précieux"""
1d630278f5cf44828050f3d68e9ad890,bitcoin core - vue d'ensemble,3. apercu general du fonctionnement de bitcoin,https://www.youtube.com/watch?v=GJlUqtGzxLk&t=2s, comment bitcoin change societe,"La leçon 2 du chapitre 3 de la formation sur le parcours du bitcoin aborde les transactions ""beach boys"", un chapitre intense regroupant les concepts vus précédemment pour mieux comprendre le processus technique.","Formation sur le parcours de Bitcoin, Transactions Bitcoin, Cumul des connaissances, Cryptographie Alice et Bob, Clé publique et adresse de réception, Transaction Bitcoin entre Bob et Alice, Frais de transaction, Réseau Bitcoin en pair à pair, Mineurs et validation des transactions, Attaques DoS, Satoshis et frais de transaction, Taille de la transaction, Signature de la transaction, Clé privée, Propagation de l'information dans le réseau Bitcoin",NAN,"""Transactions 'Beach Boys' : Approfondissement des Concepts Clés du Parcours du Bitcoin"""
ac0d308fc6457a58953c94cc4014dbef,bitcoin core - vue d'ensemble,3. apercu general du fonctionnement de bitcoin,https://www.youtube.com/watch?v=29mGnu_9IkI&list=PLinTFKehfR4yOM86i_sWI3EwWaI6CSOPm, comment bitcoin change societe,"Le texte discute du cours sur la crypto-monnaie Bitcoin, en expliquant son aspect technique de manière simple pour les débutants. Il met en garde contre les risques liés à la perte de liberté en tombant dans le ""terrier Bitcoin"" et aborde la complexité des transactions avec des termes tels que ""adresse de portefeuille"".","Bitcoin, Blockchain, Portefeuille, Transactions, Registre, Utilisateurs, Noeuds, Mineurs, Clé privée, Réseau décentralisé, Consensus, Preuve de travail, Validation des transactions, Récompenses",NAN,"""Comprendre les Risques et la Complexité du Bitcoin pour les Débutants"""
e1677f2d396502e0cd8a0042aa13fc93,bitcoin core - vue d'ensemble,"4. prix, processus d'adoption et hyperbitcoinization",https://www.youtube.com/watch?v=qMKrMKfmqC4, comment bitcoin change societe,"La vidéo aborde l'incertitude entourant le futur du bitcoin, soulignant que son prix peut varier considérablement. Cependant, la certitude réside dans la technologie sous-jacente du bitcoin.","Bitcoin, Futur de Bitcoin, Technologie Bitcoin, Colonisation libéralisation, Economie, Monnaie, Entreprises, Banques centrales, Monopoles financiers, Décentralisation, Adoption de Bitcoin, Révolution financière, Transactions financières, Croissance de Bitcoin",10,"""Bitcoin : Entre Incertitude de Prix et Certitude Technologique"""
d09f1b98575427d1e12dd9d1225b33df,bitcoin core - vue d'ensemble,"4. prix, processus d'adoption et hyperbitcoinization",https://www.youtube.com/watch?v=QfCODQ6WNrk, comment bitcoin change societe,"Au Salvador, l'Assemblée législative a approuvé un projet de loi faisant du bitcoin une monnaie officielle à cours légal, aux côtés du dollar américain. Cette décision a été accueillie avec enthousiasme par la communauté internationale.","Bitcoin comme monnaie officielle au Salvador, Naïm Bouquet, président du Salvador, Réactions et scepticisme face à l'utilisation du Bitcoin, Implémentation du Bitcoin au Salvador, Conséquences sociales et économiques, Position de la population salvadorienne, Réactions de la Banque mondiale et du FMI",12,"""Le Salvador approuve le bitcoin comme monnaie officielle aux côtés du dollar américain"""
26a1df15ce653621969d771554ac4dd1,bitcoin core - vue d'ensemble,"4. prix, processus d'adoption et hyperbitcoinization",https://www.youtube.com/watch?v=JOyq-CvkV2I, comment bitcoin change societe,"En avril 2022, la République centrafricaine a approuvé une loi pour légaliser les bitcoins. La situation est encore floue, le projet de loi mentionnant les cryptomonnaies, tandis que le président évoque l'invention de Satoshi Nakamoto. Malgré l'ambiguïté, cette décision est saluée, formant ainsi un groupe d'intérêt.","Loi sur le statut légal du Bitcoin en République centrafricaine, Ambiguïté autour du projet de loi sur les cryptomonnaies, Création d'un groupe international de Bitcoin, Invitation du gouvernement centrafricain pour rencontrer des représentants, Initiative du président Faustin-Archange Touadéra en faveur du Bitcoin, Importance du Bitcoin pour un pays comme la RCA, Situation économique difficile en RCA, Besoin d'Internet et d'électricité pour utiliser Bitcoin, Démocratie et système politique en RCA, Accès limité à Bitcoin en RCA",17,"""La République Centrafricaine Légalise les Bitcoins : Ambiguïté et Salutations"""
c5559fbd8634083ba228daefc6b18bd8,bitcoin core - vue d'ensemble,"4. prix, processus d'adoption et hyperbitcoinization",https://www.youtube.com/watch?v=csGEhR7JNVU, comment bitcoin change societe,"Bitcoin présente une opportunité sans précédent de richesse, avec un potentiel révolutionnaire. Son avenir reste incertain, mais sa technologie semble indomptable face aux banques, hackers ou gouvernements. L'idée d'une hyper-bitcoinisation, où Bitcoin devient la principale devise, est envisagée. Le temps et la survie sont essentiels pour assister à ce potentiel historique.","1. Bitcoin, 2. Hyperbitcoinization, 3. Borderless nature of Bitcoin, 4. Financial freedom, 5. Digital scarcity, 6. Permissionless transactions, 7. Bitcoin's fixed supply, 8. Global financial system, 9. Monetary systems, 10. Value of Bitcoin, 11. Security of Bitcoin transactions, 12. Bitcoin as a universal digital currency",7,"""Bitcoin : Opportunité de Richesse Révolutionnaire et Hyper-Bitcoinisation en Vue"""
58109f653fff56e5dcc4a2f921da7399,bitcoin core - vue d'ensemble,"4. prix, processus d'adoption et hyperbitcoinization",https://www.youtube.com/watch?v=WvTsda-Cb08, comment bitcoin change societe,"Le texte évoque le vol du travail des futures générations, le rôle du Bitcoin dans les paiements, et la possibilité d'une attaque de 51% dans ce domaine. Il mentionne aussi la réponse de Satoshi Nakamoto sur la question des forks et souligne l'impact des banques.","Bitcoin, Adoption dans les paiements, Attaque de 51%, Fork, Banques centrales, Valeur d'une crypto-monnaie, Analyse scientifique, Adoption d'un crypto-actif, Méthodologie appliquée, Énergie dépensée par le système des paiements, Valeur de Bitcoin par rapport à l'or, Corrélation entre valeur de l'or et prix de l'énergie, Processus social de la dette, Psychologie de la dette",76,"""Bitcoin, Générations Futures et Sécurité des Paiements : Analyse Approfondie"""
0a9a0e41ebe384a56bc39e09d9cfde1a,bitcoin core - vue d'ensemble,"4. prix, processus d'adoption et hyperbitcoinization",https://www.youtube.com/watch?v=7_sr2hS5KlQ, comment bitcoin change societe,Preston Pysh présente un podcast sur le Bitcoin avec un invité anonyme connu sous le pseudonyme de Croesus. L'émission aborde les raisons pour lesquelles le Bitcoin est difficile à comprendre pour de nombreuses personnes.,"Bitcoin, Croesus (an alias), Difficulty of understanding Bitcoin, Bitcoin adoption curve, Value proposition, Speculative mania, Elite dismiss Bitcoin, Zoom happy hours, Price of Bitcoin, Hostility towards Bitcoin, Beliefs about Bitcoin's future value, IQ bell curve meme, Resistance from the middle, Ivy League MBA program, Merit of Bitcoin, Sailboat captain's perspective",53,"""Podcast sur le Bitcoin : Démystifier la complexité avec Croesus"""
8e4523ca9ac1f3777b747fe7126d5cca,bitcoin core - vue d'ensemble,"4. prix, processus d'adoption et hyperbitcoinization",https://www.youtube.com/watch?v=3Rnqst5qCgA, comment bitcoin change societe,"Bitcoin est comparé à de l'or artificiel sans valeur par certains, tandis que d'autres le considèrent comme la technologie monétaire la plus supérieure jamais créée. Il est associé à des spéculations intenses et à des pertes importantes pour de nombreuses familles à travers le monde.","Bitcoin, Gold, Monetary technology, Speculation, World War II, Rebuilding, Tyranny, Monetary debasement, 2008 financial crisis, Cryptography, Peer-to-peer technologies, Money creation, 2021 global issues, Property rights, Wealth, Power, Freedom, 2009 invention, Family protection, Currency collapse, Abundance, Peace, Bitcoin's role, 20th-century tragedies, Human flourishing, Multi-generational enterprises",15,"""Bitcoin : Or Artificiel ou Révolution Monétaire ?"""
879fdfb86238e145c4270e6a919c30ed,bitcoin core - vue d'ensemble,"4. prix, processus d'adoption et hyperbitcoinization",https://www.youtube.com/watch?v=AB5MU5fXKfo, comment bitcoin change societe,"La discussion portait sur le concept d'hyperbitcoinization, le point de basculement où l'économie fiduciaire pourrait devenir insoutenable, entraînant une adoption généralisée du bitcoin. Les intervenants se questionnaient sur le moment où cela pourrait se produire et comment les gouvernements réagiraient à ce phénomène.","Hyperbitcoinization, Transition to Bitcoin, Fiat economy, Cryptocurrency, Global scale, Government response, Currency crisis, Inflation, Local adoption, World economy, Pluralistic transition",5,"""Hyperbitcoinization : Quand l'économie bascule vers le bitcoin"""
8772b93882c8001e5a94987bace0388d,bitcoin core - vue d'ensemble,"4. prix, processus d'adoption et hyperbitcoinization",https://www.youtube.com/watch?v=nkN2twZ-lJY, comment bitcoin change societe,"La valeur de l'épargne étatique peut couvrir les services publics pendant des années sans besoin de taxation, en rationalisant les dépenses pour garantir le fonctionnement des services régaliens.","Standard monétaire, Patrimoine de l'État, Épargne étatique, Rationalisation des dépenses publiques, Services publics, Taxation, Capitalisme, Marché libre, Surexploitation des ressources, Droit de propriété, Liberté des contrats, Monnaie fiat, Manipulation de la monnaie, Effet Cantillon, Salaire minimum, Manipulation des taux de change et d'intérêt, Libre fixation des prix",33,"""Optimisation de l'épargne étatique pour maintenir les services publics : une alternative sans taxation nécessaire"""
d85e7c3fc919ed289e682cff02f61947,bitcoin core - vue d'ensemble,"4. prix, processus d'adoption et hyperbitcoinization",https://www.youtube.com/watch?v=me20cGLXHu0&t=1545s, comment bitcoin change societe,La séparation de l'argent de l'État est comparée à la séparation de l'Église et de l'État. Cela implique de retirer le pouvoir de battre monnaie à l'État ou à la banque centrale européenne. Une discussion entre Gilles Calyon et l'intervieweur sur le sujet des cryptomonnaies est également mentionnée.,"Beacon, Séparation de l'argent de l'État, Bitcoin, Confiance numérique, Signature électronique, Dark web, Crypto-monnaie, Trading, Internet, Entrepreneuriat, Création d'entreprise, Code Bitcoin, Année 2015, Année 2016, Idéation de la boîte",NAN,"""Débat sur la séparation de l'argent de l'État et les cryptomonnaies"""
4dbbb7229c5adfb5bf4c75e33c6fe09f,bitcoin core - vue d'ensemble,"4. prix, processus d'adoption et hyperbitcoinization",https://www.youtube.com/watch?v=JoqVbeMqE9E, comment bitcoin change societe,"Corey revient sur le spectacle et discute des changements constants dans le domaine du Bitcoin, même en période de marché baissier. Il aborde l'importance de l'enseignement du DCA (Dollar-Cost Averaging) tout en soulignant les multiples aspects à considérer dans ce contexte évolutif.","1. Bitcoin, 2. Adoption race, 3. Avoiding war, 4. Michael Saylor, 5. US government, 6. Global impact, 7. Inevitability of Bitcoin, 8. Post-bitcoinization, 9. Hyperinflation, 10. Moral imperative, 11. Bitcoinization",56,"""Évolution du Bitcoin : Enseignement du DCA et Adaptation aux Marchés Volatils"""
2cb3805b63595852c4a45c6002379f22,bitcoin core - vue d'ensemble,1. origines - la prehistoire de bitcoin,https://bitcoin.fr/Histoire/, comment bitcoin change societe,"Le texte fournit des informations sur les grandes dates de Bitcoin, invitant à comprendre la cryptomonnaie et les logiciels associés. Le contenu aborde également les moyens d'obtenir et de dépenser des bitcoins, offrant ainsi une vue d'ensemble de l'univers Bitcoin.","Avant Bitcoin, Chiffrement RSA, Compression par l'arbre de Merkle, Signatures aveugles, Manifeste Crypto-anarchiste, DigiCash, Time-stamping des documents numériques, Algorithme ECDSA, Preuve de travail, Magic Money, Smart contract, Déclaration d'indépendance du cyberespace, Cash électronique anonyme, Hashcash, E-cash fiable, Service d'horodatage sécurisé, Technologie pair-à-pair (P2P)",56,"""Découverte complète de Bitcoin : Histoire, Fonctionnement et Utilisation"""
c94ec5fc6f3f66e19c01d844f1c052ac,bitcoin core - vue d'ensemble,1. origines - la prehistoire de bitcoin,https://yorickdem.medium.com/les-racines-philosophiques-du-bitcoin-17f397e30720, comment bitcoin change societe,"Le bitcoin a des racines philosophiques liées à la crise financière mondiale de 2008, suggérant une réaction à cette période tumultueuse. Satoshi Nakamoto a conçu le bitcoin en 2008, ce qui a conduit à des débats sur son lien avec les événements économiques de cette année-là.","Bitcoin, Crise financière mondiale, Satoshi Nakamoto, Blockchain, Cypherpunks, Vie privée, Cryptographie, Manifeste crypto-anarchiste, Chiffrement, Internet, Révolution numérique, Système monétaire, Paiement électronique, Protocoles technologiques, Monnaie virtuelle",8,"""Les Racines Philosophiques du Bitcoin : Une Réaction à la Crise de 2008"""
71183e831b9ef541ad4d3a781d002fc1,bitcoin core - vue d'ensemble,1. origines - la prehistoire de bitcoin,https://decouvrebitcoin.com/la-librairie/articles/article-manifeste-crypto-anarchiste/, comment bitcoin change societe,"Le manifeste crypto-anarchiste de Timothy C. May, datant du 22 novembre 1992, est abordé dans l'article.","Manifeste Crypto-Anarchiste, Crypto-anarchisme, Capacité de communication et interaction anonyme, Chiffrement par clef publique, Réseaux intraçables, Protection contre l'altération, Réputation, Régulation gouvernementale, Taxation, Confiance et réputation, Sécurité nationale, Marché électronique anonyme, Influence des gouvernements et des corporations, Propriété intellectuelle, Barrières et frontières de l'Ouest, Timothy C. May",,Manifeste Crypto-Anarchiste de Timothy C. May : Un Pilier de la Pensée Révolutionnaire de 1992
f15fe411c41a9239e05aab75f41ca857,bitcoin core - vue d'ensemble,1. origines - la prehistoire de bitcoin,https://decouvrebitcoin.com/la-librairie/articles/article-declaration-dindependance-du-cyberespace/, comment bitcoin change societe,"La Déclaration d'indépendance du cyberespace aborde des sujets comme la monnaie, les portefeuilles, la sécurité Bitcoin, et l'aspect juridique. Ce texte met en avant des thèmes pertinents liés à l'écologie, le Lightning Network, et l'achat de bitcoins.","Déclaration d'indépendance du cyberespace, Gouvernements et cyberespace, Souveraineté et tyrannie, Consentement des gouvernés, Construction du cyberespace, Conversation globale, Contrat social, Identité et autorité, Liberté d'expression, Propriété et identité, Matière et identités virtuelles, Ethique et bien public, Loi sur la réforme des télécommunications, Responsabilité parentale, Conversation globale informatique, Censure et contrôle gouvernemental",8,"""Exploration des Thèmes Écologiques et Financiers dans la Déclaration du Cyberespace"""
ea0fb4279336702dd8b94fbbc7d93b00,bitcoin core - vue d'ensemble,1. origines - la prehistoire de bitcoin,https://decouvrebitcoin.com/la-librairie/articles/article-le-manifeste-dun-cypherpunk/, comment bitcoin change societe,"Le manifeste d'un cypherpunk explore les principes et les idéaux fondamentaux des cypherpunks en matière de cryptographie, de vie privée et de liberté individuelle. Ce manifeste met en lumière l'importance de la lutte pour la protection de la vie privée et la sécurité dans un monde de plus en plus numérique et connecté.","Vie privée, Échanges anonymes, Cryptographie, Anonymat, Liberté d'expression, Information, Cypherpunks, Monnaie électronique, Sécurité, Transactions anonymes",8,"""Le Manifeste du Cypherpunk: Défense de la Vie Privée et de la Liberté Numérique"""
bd1f6e61492e7102e0550d586eb813cf,bitcoin core - vue d'ensemble,3. apercu general du fonctionnement de bitcoin,https://bitcoin.fr/fonctionnement/, comment bitcoin change societe,"Le texte traite du processus d'une transaction en bitcoins et renvoie à des ressources pour comprendre, obtenir et dépenser des bitcoins. Il mentionne également la possibilité de se connecter à un compte pour accéder à davantage d'informations.","Déroulement d'une transaction, Bitcoin, Acheter et vendre des bitcoins, Inventeur du Bitcoin, Application ""portefeuille"", Générer des bitcoins : le minage, Sites à éviter, Histoire de Bitcoin, Donations en bitcoins, Associations liées au Bitcoin, Cours du Bitcoin",3,"""Guide complet pour comprendre et utiliser les bitcoins"""
c71e65cac60f68ee7dd18f4cddf0f6c9,bitcoin core - vue d'ensemble,3. apercu general du fonctionnement de bitcoin,https://anchor.fm/bitstack/episodes/Comment-fonctionne-Bitcoin-e1t1rbv, comment bitcoin change societe,"Le podcast ""Comprendre Bitcoin"" de Bitstack explique le fonctionnement du Bitcoin de manière simple et claire, permettant aux auditeurs de découvrir et d'approfondir leurs connaissances sur cette cryptomonnaie chaque semaine.","Bitcoin, Fonctionnement de Bitcoin, Révolution Bitcoin, Fondamentaux de Bitcoin, Innovations technologiques de Bitcoin, Avenir de Bitcoin, Bitcoin comme réserve de valeur, Bitcoin comme moyen de paiement, Monnaie du futur, Frais de transaction sur Bitcoin, Mécanismes des frais de transaction",61,"""Décryptage hebdomadaire du Bitcoin: Le podcast éducatif de Bitstack"""
1a915bb1935cdc818eed7fda31d1670b,bitcoin core - vue d'ensemble,3. apercu general du fonctionnement de bitcoin,https://bitcoin.fr/comment-fonctionne-bitcoin/, comment bitcoin change societe,Le texte discute du fonctionnement de Bitcoin et fournit des informations sur la compréhension de cette cryptomonnaie ainsi que sur les logiciels associés.,"Fonctionnement de Bitcoin, Cryptographie asymétrique, Clé publique et clé privée, Transactions Bitcoin, Chaîne de blocs, Minage, Porte-monnaie Bitcoin, Adresse Bitcoin, Système de consensus distribué, Sécurité des transactions, Règles cryptographiques strictes",,"""Comprendre Bitcoin : Fonctionnement et Logiciels Associés"""
3c85c415afd42b63ad40ba06cd0641f1,bitcoin core - vue d'ensemble,3. apercu general du fonctionnement de bitcoin,https://unchained.com/blog/how-many-bitcoin-are-there/, comment bitcoin change societe,"Le texte aborde la question du nombre de bitcoins en circulation, sans fournir de réponse directe. Il mentionne des services liés au stockage, au trading, à l'héritage et aux prêts de bitcoins. L'article propose également des informations sur les services de support et d'assistance.","Nombre total de bitcoin, Création de nouveaux bitcoin, Récompense de bloc, Subvention de bloc, Limitation de l'offre, Fin de la subvention de bloc, Plafond d'approvisionnement, Réduction par moitié, Code bitcoin, Halving",9,"""Exploration des Services de Bitcoin: Stockage, Trading, Héritage et Support"""
f73c1694e463dab3ef4efc1d44f826d1,bitcoin core - vue d'ensemble,3. apercu general du fonctionnement de bitcoin,https://unchained.com/blog/what-is-a-bitcoin-seed-phrase/, comment bitcoin change societe,Le texte explique ce qu'est une phrase de récupération de Bitcoin et comment elle fonctionne.,"1. Seed phrase (phrase de récupération), 2. Sécurisation de la phrase de récupération, 3. Génération et utilisation de la phrase de récupération, 4. Importance de la phrase de récupération pour la protection des bitcoins, 5. Stockage sécurisé de la phrase de récupération, 6. Utilisation de wallets logiciels et matériels pour les phrases de récupération, 7. Utilisation de la phrase de récupération en cas de perte d'accès au portefeuille",10,Comprendre les Phrases de Récupération Bitcoin
9ed76a78ca0f921d0a426876fbeeefca,bitcoin core - vue d'ensemble,3. apercu general du fonctionnement de bitcoin,https://btctouchpoint.com/fr/21-lecons-3eme-partie/, comment bitcoin change societe,"La troisième partie de ""21 Leçons"" aborde divers sujets liés à Bitcoin, tels que son impact sur la société, la culture et les individus, tout en offrant des ressources utiles comme des podcasts, articles et lexiques pour mieux comprendre la crypto-monnaie.","Technologie Bitcoin, Cryptographie, Décentralisation, Confiance, Vie privée, Cypherpunks, Métaphores pour le futur de Bitcoin, Éthique du développement technologique, Révolution financière, sociétale et technologique, Nombres et leur importance",57,"""Découvrir l'impact de Bitcoin: Ressources et Réflexions de '21 Leçons'"""
0a0ef42c7681ae58e3215b406d7414b3,bitcoin core - vue d'ensemble,"4. prix, processus d'adoption et hyperbitcoinization",https://watcher.guru/news/russia-unveils-new-payment-system-that-enables-unrestricted-cross-border-crypto-use, comment bitcoin change societe,La Russie a dévoilé un nouveau système de paiement permettant une utilisation transfrontalière illimitée des cryptomonnaies.,"Nouveau système de paiement en Russie, Utilisation de crypto-monnaies sans restriction, Paiements transfrontaliers, Digital ruble et digital yuan, Système de paiement basé sur les actifs financiers numériques, Dépendance réduite au dollar américain, Dé-dollarisation, Sanctions économiques, Objectif de la Russie, Cryptomonnaies",,"""Nouveau système de paiement russe pour l'utilisation transfrontalière des cryptomonnaies"""
b635894585f21445a4cbdaf0339fea1c,bitcoin core - vue d'ensemble,"4. prix, processus d'adoption et hyperbitcoinization",https://cryptoweek.fr/lexperience-dadoption-de-madeira-bitcoin-prend-son-envol, comment bitcoin change societe,"L'archipel de Madère a récemment adopté le Bitcoin, avec le président Miguel Albuquerque soutenant cette initiative. Cela marque un pas en avant dans l'adoption de la cryptomonnaie dans la région.","Adoption du Bitcoin à Madère, Annonce par le président Albuquerque, Contraintes réglementaires de l'Union européenne, Stratégie Bitcoin de l'île, FREE Madeira et ses conseillers, Investissements technologiques à Madère, Bitcoin Commons et ses objectifs, Diaspora et envois de fonds, Académie de codage et Lightning Network",,"""Madère adopte le Bitcoin : L'archipel avance vers la cryptomonnaie"""
0d47ad4bc3fe3b2cc6e3d4773cd03141,bitcoin core - vue d'ensemble,"4. prix, processus d'adoption et hyperbitcoinization",https://cryptoast.fr/suisse-lugano-adopte-bitcoin-usdt-lvga-monnaies-legales/, comment bitcoin change societe,"Le but de ce résumé est de fournir une vue d'ensemble claire des principaux points et sujets clés discutés dans le texte. Il devrait être adapté pour une compréhension humaine, présentant les informations essentielles de manière facile à saisir. Assurez-vous que le résumé capture l'essence du texte sans entrer dans des détails spécifiques. Mettez l'accent sur les idées importantes, les conclusions et les implications significatives discutées dans le texte.","1. L'importance de l'écriture de qualité, 2. Les avantages de la lecture, 3. Les compétences en communication, 4. L'amélioration de la pensée critique, 5. Les bénéfices de la lecture pour la santé mentale, 6. L'impact positif sur le vocabulaire, 7. La stimulation de l'imagination et de la créativité",,"""Vue d'ensemble des points clés : Guide concis pour une compréhension efficace"""
6b5cdb4b2a4bb63812cad56684350c92,bitcoin core - vue d'ensemble,"4. prix, processus d'adoption et hyperbitcoinization",https://www.clubic.com/antivirus-securite-informatique/cryptage-cryptographie/crypto-monnaie/actualite-362286-le-canton-suisse-de-zoug-accepte-desormais-le-bitcoin-btc-et-l-ether-eth-pour-le-paiement-des-impots.html, comment bitcoin change societe,"Le canton suisse de Zoug accepte désormais le Bitcoin (BTC) et l'Ether (ETH) comme moyens de paiement des impôts, marquant une avancée dans l'acceptation des cryptomonnaies.","Canton suisse de Zoug, Acceptation de Bitcoin (BTC) et Ether (ETH) pour les impôts, Partenariat avec Bitcoin Suisse, Processus de paiement en crypto-monnaies, Plafond des paiements, Crypto Valley, Environnement favorable aux crypto-monnaies, Innovation dans la blockchain",,"""Zoug, Suisse: Paiement des impôts en Bitcoin et Ether désormais accepté"""
8cb8665c48b7df3747b8836cca018601,bitcoin core - vue d'ensemble,"4. prix, processus d'adoption et hyperbitcoinization",https://btctouchpoint.com/fr/croesus-valorisation-du-plein-potentiel-du-bitcoin/, comment bitcoin change societe,"Le texte aborde la valorisation du plein potentiel du Bitcoin, mettant en avant son influence sur la société et la culture, ainsi que son impact sur les individus. Il propose des ressources variées telles que des podcasts, articles, mèmes, livres, et un lexique pour aider à mieux comprendre Bitcoin et son utilisation.","Croesus, Valorisation du plein potentiel du bitcoin, Rare, Volatilité, Marché du bitcoin, Réserve de valeur, Or numérique, Concurrence avec l'or, Actifs de réserve de valeur, Économie, PIB",,"""Découvrez l'influence culturelle du Bitcoin : ressources pour une meilleure compréhension"""
433674b2f3aa7cd292369b60d41eb2bc,bitcoin core - vue d'ensemble,"4. prix, processus d'adoption et hyperbitcoinization",https://btctouchpoint.com/scenario-optimiste-pour-bitcoin/, comment bitcoin change societe,"Le texte discute d'un scénario optimiste pour Bitcoin présenté par Vijay Boyapati, abordant des perspectives favorables pour la cryptomonnaie.","Scénario optimiste pour Bitcoin, Vijay Boyapati, Théorie de la monnaie, Anatomie du Bitcoin, Supériorité par rapport aux normes or et fiat, Nouvelle monnaie basée sur la technologie, Trajectoire d'un actif nouvellement monétisé, Premier réseau monétaire numérique, Volatilité de Bitcoin, Conseils financiers, Profil de risque, Réformes Bitcoin",,"""Perspectives optimistes pour Bitcoin : Analyse de Vijay Boyapati"""
22077f603d744914d3096f7fc95c193a,bitcoin core - vue d'ensemble,"4. prix, processus d'adoption et hyperbitcoinization",https://nakamotoinstitute.org/mempool/speculative-attack/fr/, comment bitcoin change societe,"Le texte aborde les critiques faites à Bitcoin par ses détracteurs concernant sa complexité, sa structure de gouvernance et sa sécurité. Ces opposants remettent en question la capacité de Bitcoin à devenir populaire.","Attaque spéculative, Bitcoin, Critiques, Adoption de Bitcoin, Hyperbitcoinisation, La loi de Thier, Monnaies historiques, Réseau Bitcoin, Politique monétaire, Hémorragie fiat, Asymétrie d'information, FOMO (Fear of Missing Out), Liquidité, Psychologie de groupe",,"""Défis et critiques de Bitcoin : Complexité, gouvernance et sécurité en question"""
23907a24d262103bdc6cd19bb303348e,bitcoin core - vue d'ensemble,"4. prix, processus d'adoption et hyperbitcoinization",https://nakamotoinstitute.org/mempool/hyperbitcoinization/fr/, comment bitcoin change societe,"L'article discute de l'hyperbitcoinisation, qui est la possibilité d'une démonétisation provoquée par le Bitcoin. Il explore les conséquences de la domination mondiale du Bitcoin sur les autres devises, mettant en avant la rapidité avec laquelle une monnaie pourrait perdre de sa valeur dans ce scénario.","Hyperbitcoinisation, Démonétisation, Hyperinflation, Compétition avec Bitcoin, Masse monétaire, Gouvernement, Contrôles de capitaux, Transition monétaire, Actes entrepreneuriaux, Prédictions, Économie, Productivité et richesse, Période confuse, Changement systémique",,"""L'hyperbitcoinisation : Les conséquences d'une domination mondiale du Bitcoin"""
bb9a36011863fd0e7267c51d6a8a399c,bitcoin core - vue d'ensemble,"4. prix, processus d'adoption et hyperbitcoinization",https://tftc.io/martys-bent/issue-1338-hyperbitcoinization-starts-at-the-edges/, comment bitcoin change societe,"La Bhoutan révèle sa stratégie d'accumulation de bitcoins, marquant un point de départ pour l'hyperbitcoinisation.","Hyperbitcoinization, Bhutan, Bitcoin accumulation strategy, Small countries, Economic development, Hydroelectric dams, Revenue stream, Monetization process, Sovereign wealth fund, Bitcoin adoption, Economic self-sufficiency, Smaller nations, Sovereign wealth fund, Blockfi and Celsius, Mining operations, Public admission, Risk-reward profile, Fourth industrial revolution",,"""La stratégie d'accumulation de bitcoins du Bhoutan : Vers l'hyperbitcoinisation"""
1d23f87c9fe7f66da27200d79c9d6a7e,bitcoin core - vue d'ensemble,"4. prix, processus d'adoption et hyperbitcoinization",https://www.citadel21.com/you-are-not-prepared, comment bitcoin change societe,Le texte discute du personnage Illidan Stormrage dans le jeu World of Warcraft et aborde le thème de la préparation.,"World of Warcraft, Blizzard Entertainment, In-game economy, Bitcoin, Hyperbitcoinization, Central bankers, Nation states, Institutional investors, Full nodes, Private keys",,"""Préparation et Illidan Stormrage : Un regard sur World of Warcraft"""
2ffdaeda76923eb4751e850316f869e5,bitcoin core - vue d'ensemble,"4. prix, processus d'adoption et hyperbitcoinization",https://medium.com/coinmonks/hyperbitcoinization-winner-takes-all-69ab59f9695f, comment bitcoin change societe,"Hyperbitcoinization est un état où le Bitcoin devient la forme dominante de l'argent dans le monde. Il est socialement connecté et peut être adopté de manière exponentielle, semblant se développer de manière organique. Le texte partage un modèle décrivant comment le Bitcoin pourrait atteindre 100 000 000 $.","Hyperbitcoinization, Bitcoin as dominant form of money, Adoption of Bitcoin, Tipping point in Bitcoin adoption, Bitcoin's future value, Changing relationship with money, Hyperbitcoinization as theoretical state, Demonetization effect of Bitcoin, Economic crisis and Bitcoin adoption, Bitcoin maximalists' view, Social drivers of Bitcoin adoption, Sound monetary policy of Bitcoin, Hyperbitcoinization growth model, Social media influence on Bitcoin adoption, Everett Roger's diffusion of innovation model, S-curve of adoption",,"""Hyperbitcoinization : Vers un Monde Dominé par le Bitcoin à 100 000 000 $"""
62982781b7135430d5da160179501fe1,bitcoin core - vue d'ensemble,5. l'etat du systeme,https://timechainstats.com/, comment bitcoin change societe,Le site TimechainStats.com nécessite l'activation de JavaScript pour fonctionner.,"TimechainStats.com, JavaScript, Objectif, Identifier, Principaux sujets, Concepts clés",0,"""Activation de JavaScript Requise sur TimechainStats.com"""
0be71b21e4d175522992e6b9c8f5807c,bitcoin core - vue d'ensemble,5. l'etat du systeme,https://symphony.iohk.io/, comment bitcoin change societe,Le projet Symphony of Blockchains par IOHK met en avant l'importance de JavaScript.,"Symphony of Blockchains, IOHK, JavaScript, Objectif, Identifier, Concepts clés, Large éventail de sujets, Contenu exhaustif",0,"""Symphony of Blockchains par IOHK : Mettre en avant l'Importance de JavaScript"""
