id,title,subtitle,links,quadrant,summary,descriptions,time_min,titles
1184d237cb493d3075c391b3ef37dd7c,changement de paradigme,1. percees scientifique et technologique,https://www.youtube.com/watch?v=ljHLhTzrLsw, comment bitcoin change societe,Le texte aborde l'introduction aux sypher punk et l'impact du bitcoin sur la vie des personnes en révélant des vérités sur le système financier traditionnel et son exploitation.,"Introduction sur les cypher punk, Poster représentant l'entrée dans le terril bitcoin, Impact de Bitcoin sur la vie financière, Technologies préexistantes à Bitcoin, Technologies utilisées par Bitcoin, Sypher punk comme pionniers, Création de Bitcoin par Satoshi Nakamoto en 2009, Révolution numérique et financière de Bitcoin, Origines de Bitcoin et son importance, Monnaie fiduciaire des banques centrales, Hyperinflation et désastre financier, Limitation de l'offre de Bitcoin (21 millions de K), Comparaison de Bitcoin à l'or, Bitcoin en tant que mon",5.0,"""Décryptage des Sypher Punks : Révéler la Vérité sur l'Impact du Bitcoin sur le Système Fin"
757dd7458760c1d9fbb8a313fd4e466b,changement de paradigme,2. changement de paradigme,https://www.youtube.com/watch?v=3Rnqst5qCgA, comment bitcoin change societe,"Bitcoin est décrit à la fois comme étant une ""fausse"" version de l'or et comme la technologie monétaire la plus avancée. Il est perçu comme un sujet de spéculation intense. Le texte mentionne aussi la perte de biens par de nombreuses familles à travers le monde, dans un contexte historique de 1948.","Bitcoin, Technologie monétaire supérieure, Reconstruction post-Seconde Guerre mondiale, Effondrement des monnaies, Abondance et prospérité, Cryptographie et technologie peer-to-peer, Liberté et propriété, Tyrannie et guerre, Protection de la richesse et de la liberté avec Bitcoin, Prévention de tragédies du 20e siècle, Entreprises multi-générationnelles, Éviter la tyrannie et la décadence par l'argent incopruptible",15.0,"""Bitcoin : Entre Spéculation et Histoire de Pertes Familiales en 1948"""
793b7deb535c10e4755909b30026eb42,changement de paradigme,3. resistance au changement,https://www.youtube.com/watch?v=7_sr2hS5KlQ, comment bitcoin change societe,"Preston Pysh accueille un invité anonyme surnommé Croesus pour discuter de Bitcoin et de sa complexité pour de nombreuses personnes. Croesus, reconnu pour ses connaissances approfondies et ses contributions en ligne à la communauté Bitcoin, partage ses réflexions lors de l'épisode du podcast.","Bitcoin, Anonymity, Bitcoin adoption curve, Value proposition, Speculative mania, Wall Street, Bitcoin skepticism, Zoom happy hours, Elite dismissal of Bitcoin, Bitcoin price, IQ bell curve meme, Middle group resistance, Ivy League MBA, Asset merit",53.0,"""Discussion approfondie avec Croesus sur la complexité du Bitcoin"""
533cbb9fdeedae1067587e2a063f6bb5,changement de paradigme,4. bitcoin est la nouvelle frontiere,https://www.youtube.com/watch?v=mC43pZkpTec, comment bitcoin change societe,"George Washington was inadvertently bled to death by well-meaning physicians, a significant historical event. The analogy is drawn to current economic policies that may harm the free market, likened to bleeding it to death. Washington went along with the practice, highlighting the potential unintended consequences of well-intentioned actions.","George Washington, Death, Money supply, Free market, Michael Saylor, Bitcoin, Civilization, History, Economics, Engineering, Science, Life, Death, Meaning, Intelligence, Consciousness, Philosophy, Politics, Aristotle, Plato, Seneca, Human condition, Technology, Inventions, Life expectancy, Antibiotics, Infectious diseases",237.0,"""La Saignée Involontaire: Un Avertissement Historique pour les Politiques Économiques Actuelles"""
dd0c6bbcdf607b1275566d7e293e82a9,changement de paradigme,4. bitcoin est la nouvelle frontiere,https://www.youtube.com/watch?v=wdJFeSY8UVk, comment bitcoin change societe,"Le texte aborde l'évolution de Bitcoin et des cryptomonnaies, soulignant leur importance croissante et leur probable rôle central dans l'avenir. Il invite à réfléchir sur les avantages et inconvénients de ces technologies, ainsi que sur la possibilité d'en tirer profit, tout en reconnaissant la nécessité de mieux comprendre ce qu'est réellement Bitcoin.","Bitcoin, Cryptocurrency, Michael Saylor, Monetary system, History of money, Evolution of money, Gold as money, Ledgers, Weak money vs. strong money, Inflation, Economic energy, Currency debasement",81.0,"""Bitcoin et les cryptomonnaies : Vers un avenir central et lucratif"""
44dd10274f0ead9dc33d4ff33f243a9e,changement de paradigme,1. percees scientifique et technologique,https://bitcoin.fr/histoire/, comment bitcoin change societe,Le texte discute des grandes dates de Bitcoin et fournit des informations sur la compréhension de Bitcoin et les logiciels associés.,"Les origines de Bitcoin, Chiffrement RSA, Arbre de Merkle, Signatures aveugles, Manifeste Crypto-anarchiste, DigiCash, Time-stamp, ECDSA, Preuve de travail, Smart contract, Déclaration d'indépendance du cyberespace, Monnaie électronique anonyme, Hashcash, Cash numérique, Peer-to-peer (P2P) technology",56.0,"""Les Dates Clés de Bitcoin et la Compréhension des Logiciels Associés"""
d645dd195b8feff4d9af70a077cad2f6,changement de paradigme,1. percees scientifique et technologique,https://yorickdem.medium.com/my-99-favorite-quotes-from-how-innovation-works-by-matt-ridley-3c263ecd912e, comment bitcoin change societe,"Le texte présente 99 citations préférées tirées du livre ""How Innovation Works"" de Matt Ridley, mettant en avant l'idée que l'innovation est un processus de réorganisation du monde de manière utile et non aléatoire.","1. Innovation comme processus de découverte, 2. Développement d'une invention, 3. Importance de l'innovation dans le monde moderne, 4. Liberté de pensée et d'expérimentation, 5. Processus d'innovation graduel, 6. Échecs et succès dans l'innovation, 7. Innovation collective et progressive, 8. Innovation dans l'industrie de l'énergie, 9. Fusion nucléaire comme source d'énergie future, 10. Oppositions et critiques dans l'innovation, 11. Vaccination et innovations sans compréhension scientifique, 12. Innovations dans le domaine médical, 13. Innovation comme phénom",,"""99 Citations Inspirantes sur l'Innovation: Réorganiser le Monde de Manière Utile"""
08df17584469c0dfc17b75c6a635b5f8,changement de paradigme,2. changement de paradigme,https://btctouchpoint.com/fr/bitcoin-et-limprimerie/, comment bitcoin change societe,"Le texte aborde divers aspects de Bitcoin, y compris son impact sur la société et la culture, ainsi que son influence sur les individus. Il fournit des ressources telles que des podcasts, des articles et des lexiques pour mieux comprendre Bitcoin.","Bitcoin et l’imprimerie, Transfert d'information sans permission, Confiance et coopération, Évaluation de la fiabilité, Grandes institutions et promesses, Innovation utile à la société, Contrôle de l'Église catholique, Famine et peste noire au Moyen Âge, Structures de pouvoir altérées, Crise financière mondiale de 2007 et 2008, Renflouements, Pandémie de COVID-19, Fragilisation du contrat social, Structures d'incitations désordonnées",18.0,"""Exploration de Bitcoin: Impact sur la Société et Ressources Informatives"""
80a56072aea8af23c0c4eb36748deb95,changement de paradigme,2. changement de paradigme,https://btctouchpoint.com/fr/la-reforme-bitcoin/, comment bitcoin change societe,"La première partie de l'article « La Réforme Bitcoin » aborde les bases de Bitcoin, son influence sur la société et la culture, ainsi que son impact personnel. Le contenu présente des conseils, des ressources et des réflexions sur l'utilisation de Bitcoin, offrant un aperçu global de cette cryptomonnaie.","Bitcoin et les crypto-monnaies, Émergence de tendances et changements socio-économiques, Lignes de fracture politique liées à Bitcoin, Moteurs du Bitcoin : épargne, crédit, souscription, Compte collaboratif et industrie bancaire offshore, Offre de services financiers autour de Bitcoin, Initial Exchange Offerings (IEOs), Révolution potentielle dans l'épargne en bitcoins, Méthodologie d'analyse historique pour prédire les tendances socio-culturelles, Parallèles entre Bitcoin et événements historiques, Importance de l'histoire pour comprendre le présent",16.0,"Découverte complète de Bitcoin : Société, Culture, et Impact Personnel"
0de546c5668a23e1532f15f67656543d,changement de paradigme,2. changement de paradigme,https://bitcoin.fr/paralleles-qualitatifs-et-quantitatif-entre-le-bitcoin-et-le-protestantisme/, comment bitcoin change societe,"Le texte aborde les parallèles entre Bitcoin et le protestantisme, mettant en lumière des aspects qualitatifs et quantitatifs comparables.","Parallèles entre Bitcoin et le protestantisme, Innovation technologique : l'imprimerie et Internet, Monopole de l'autorité centrale remis en cause, Bitcoiners et création de leur propre monnaie, Pouvoirs accordés au clergé et aux banques centrales, Banquiers centraux vs. Bitcoiners, Corrélation géographique : nœuds Bitcoin et protestantisme en Europe, Répartition des nœuds en Europe, Anthropologie protestante et lien avec Bitcoin, Travaux d'Emmanuel Todd sur les systèmes familiaux en France, Possession de bitcoin, minage et dét",31.0,"""Bitcoin et Protestantisme : Une Analyse Comparative Approfondie"""
b523adb5a6c604899f49174064d4c66b,changement de paradigme,2. changement de paradigme,https://btctouchpoint.com/fr/synopsis-de-la-serie-saylor-transcript-du-podcast-what-is-money-de-robert-breedlove/, comment bitcoin change societe,"La série Saylor du « What is Money Show » aborde divers aspects de Bitcoin, notamment son utilisation, son impact sur la société et la culture, ainsi que son influence sur les individus. Diverses ressources telles que des podcasts, des articles, des mèmes, des livres et un lexique sont disponibles pour approfondir la compréhension de Bitcoin.","Série Saylor du « What is Money Show », Michael Saylor, Robert Breedlove, Emission podcast et livre, Conversation sur l'argent, Réflexion sur l'argent comme énergie, Système monétaire comme système énergétique, Importance de la série, Réactions positives, Contenu de la série et du livre",,Exploration approfondie de Bitcoin à travers la série Saylor du « What is Money Show »
db89153979abd617984b621a63b6d6bb,changement de paradigme,3. resistance au changement,https://www.contrepoints.org/2022/01/25/419709-la-monnaie-ouverte-et-ses-ennemis-bitcoin, comment bitcoin change societe,"Le texte discute des problématiques entourant la monnaie ouverte et ses opposants, mettant en lumière diverses raisons possibles de cet acharnement.","Monnaie ouverte, Bitcoin, Critiques contre le Bitcoin, Idéologie, Karl Popper, Société ouverte vs société close, Liberté individuelle, Philosophie politique, Débat sur Bitcoin, Caractéristiques du Bitcoin",10.0,"""Les enjeux de la monnaie ouverte : Comprendre les oppositions"""
73a36fecfb639dd98c2c9c0c52d37f7f,changement de paradigme,3. resistance au changement,https://www.latribune.fr/opinions/tribunes/la-bulle-des-arguments-anti-bitcoin-764804.html, comment bitcoin change societe,Le texte aborde la controverse autour de Bitcoin et souligne divers arguments anti-bitcoin qui circulent.,"Bitcoin, Arguments anti-bitcoin, Économie, Finances, Technologie, Innovation, Start-up, French Tech, Mobilité, Régions en France",28.0,"""Débats Controversés: Arguments Anti-Bitcoin Explorés"""
c4f22312874ddc115c58eec74e0de9f7,changement de paradigme,3. resistance au changement,https://btctouchpoint.com/fr/croesus-pourquoi-lelite-yuppie-meprise-bitcoin/, comment bitcoin change societe,"Le texte discute du mépris de l'élite yuppie envers Bitcoin, mettant en lumière les raisons derrière cette attitude. Il aborde également l'impact de Bitcoin sur la société, la culture et les individus, offrant des ressources et des conseils pratiques pour mieux comprendre cette cryptomonnaie.","Croesus, Élite yuppie, Mépris envers Bitcoin, Probabilité d'atteindre 1M$, Asymétrie d'information, Réfractaires au Bitcoin, Résistance et moqueries, Bitcoin moon boys, Bitcoin maximalistes, Recherche approfondie, Groupe des adeptes du cours à 250 000 $, Différences de croyances et approches",15.0,"""Déconstruction des critiques de l'élite yuppie envers Bitcoin : Impact et conseils pratiques"""
f6396cab835cf85af4cabb132832e70b,changement de paradigme,4. bitcoin est la nouvelle frontiere,https://www.citadel21.com/bitcoin-and-the-american-west, comment bitcoin change societe,"Le texte aborde la relation entre Bitcoin et l'Ouest américain, explorant l'idée de développement de nouvelles frontières.","Bitcoin, Internet, Digital Revolution, Evolutionary stages, American West, Colonization, Expansionism, American Revolution, Northwest Territory, Growth, Louisiana Purchase, President Jefferson, Negotiation, Frontier development, Historical analogy, Development trajectory, Completion of frontiers, Bitcoin's future arc",20.0,"""Bitcoin et l'Ouest américain : Exploration des nouvelles frontières"""
060de0904c106af8fc91176176d5ba2b,changement de paradigme,4. bitcoin est la nouvelle frontiere,https://btctouchpoint.com/fr/the-timechain-codex/, comment bitcoin change societe,"Le texte aborde le sujet du TimeChain Codex et du BTC TouchPoint, offrant des ressources et des conseils pratiques sur l'utilisation et l'impact de Bitcoin sur la société et la culture.","Le TimeChain Codex, Bitcoin Astronomy, FractalEncrypt, Tomer Strolight, Intelligence Artificielle, Science-fiction, Changement sociétal, Révolution industrielle, Monnaie, Ressources et articles liés à Bitcoin",,"""Exploration du TimeChain Codex et du BTC TouchPoint : Impact et Conseils Pratiques sur l'Utilisation de Bitcoin"""
