id,title,subtitle,links,quadrant,summary,descriptions,time_min,titles
7d045845c7b60450384bf26a9fe348fb,confidentialite,1.  bonnes pratiques en matiere de confidentialite,https://www.youtube.com/watch?v=7FNUKkrG_9A, comment j'utilise bitcoin,"Le texte présente l'auteur Gabriel Custodiet, qui offre des ressources sur la confidentialité, notamment un livre sur le sujet disponible sur Amazon, ainsi que deux cours numériques sur le Bitcoin et la protection contre le piratage. Il encourage les lecteurs à suivre son contenu sur Twitter et à s'abonner à sa newsletter pour des pensées quotidiennes. Les ressources mentionnées soutiennent l'émission de l'auteur sur la confidentialité.","Privacy basics, The Watchman guide to privacy book, Digital courses on Bitcoin and becoming hack proof, Support for the show, Twitter and newsletter subscriptions, Decentralized podcasting on fountain.fm app, Bitcoin book in progress, Bitcoin privacy discussion, Monero comparison, Potential financial crisis, Guests: Bitcoin q a and Seth for privacy, Bitcoin Hardware wallet company Foundation devices, Seth's transition from Monero to Bitcoin, Educators on Bitcoin and privacy, Bitcoin resources and self-custody, Twitter and Telegram discussions, Financial crisis concerns",103,"""Gabriel Custodiet : Ressources sur la confidentialité et la sécurité en ligne"""
15a72346e071ca8e42c871548cc9eb7d,confidentialite,1.  bonnes pratiques en matiere de confidentialite,https://www.youtube.com/watch?v=kUJmHo990Fk, comment j'utilise bitcoin,"Bonjour Kelly, bonjour Peter. Les interlocuteurs discutent de leurs noms secrets, Ben et Peter, et du désir de rester anonymes. Ils expriment leur enthousiasme mutuel et discutent de leur admiration pour l'émission de Peter.","Présentation de Kelly et Peter, Utilisation de pseudonymes, Conversation informelle, Discussion sur le mentorat, Projet Alan bits, Projet ecash, Rencontre avec David Chaum, Origine de la cryptomonnaie, Système de paiement privé, Différence entre Bitcoin et ecash, Décentralisation, Réflexions sur le succès et l'innovation",81,"""Échange d'admiration et d'anonymat : Une discussion enthousiaste"""
0e00febeb2b5e880c7ed42e982163f24,confidentialite,2.  coinjoin,https://www.youtube.com/watch?v=4gfmm8x2F9M&list=PLxdf8G0kzsUUWgjZRHEOEz7vSST9cXwMJ&index=4, comment j'utilise bitcoin,"Le texte se concentre sur l'achat, le mélange et le stockage sécurisé de bitcoins sans KYC. Il aborde les étapes, de l'achat à une source sans KYC jusqu'au stockage sur un dispositif matériel sécurisé. L'auteur, Ben, du BTC Sessions, va guider à travers ce processus.","Achat de Bitcoin sans KYC, Mélange de Bitcoin, Stockage sécurisé sur un dispositif matériel, Matériel de stockage de Bitcoin (Coldcard, Opendimes, Tab signer, Sad cards), Shakepay pour acheter des bitcoins au Canada, Utilisation de Bitcoin pour des services (Ledn.io, Start.len, Bitrefill), Prérequis (Tor browser, Telegram), Utilisation de Robosats pour acheter Bitcoin, Utilisation de Telegram pour des notifications, Accès aux sites via Tor browser, Sauvegarde sécurisée des portefeuilles Bitcoin (acier solide), Utilisation de Tor browser pour la confidentialité",NAN,"""Achat, Mélange et Stockage Sécurisé de Bitcoins sans KYC: Guide par Ben de BTC Sessions"""
f14f4e8627929f1e7b3b7f5b2e46d59b,confidentialite,2.  coinjoin,https://www.youtube.com/watch?v=OxdgmDxOMRY&t=4562s, comment j'utilise bitcoin,"Il envisage d'accepter le bitcoin sur Apple Pay, mais il n'a pas de plans immédiats à ce sujet. Il ne prévoit pas d'investir la trésorerie de l'entreprise dans les cryptomonnaies car il estime que les investisseurs achètent des actions Apple pour une exposition à l'entreprise, pas aux cryptos. Il encourage les intéressés à investir directement dans les cryptomonnaies s'ils le souhaitent.","Accepting Bitcoin on Apple Pay, Apple CEO's statement on cryptocurrency, Investment advice, Diversified portfolio, Citadel Dispatch show, Bitcoin, distributed systems, privacy, and open source software, Support from the audience, Bitcoin Q&A, Buying Bitcoin, Exchanges and KYC regulations, Financial services, Podcasting 2.0, Bitcoin discussion, Live chat interaction, Beginner-focused content, Podcast structure, Getting Bitcoin for the first time, KYC compliance, Bitcoin ownership, Future episodes, Bitcoin community support",NAN,"""Apple Pay et les Cryptomonnaies : Pas d'Investissement Prévu, mais Encouragement à Investir Directement"""
d4c66f434b0134d63a1506f8885f1e2c,confidentialite,2.  coinjoin,https://www.youtube.com/watch?v=ECQHAzSckK0&list=PLxdf8G0kzsUVzpmuXsCjtm3XWblNzdeEL&index=4, comment j'utilise bitcoin,"Ben de BTCsessions souligne l'importance de préserver la vie privée lors des transactions Bitcoin en utilisant des applications comme Wasabi Wallet. Il explique comment utiliser Wasabi, ce qu'est une transaction CoinJoin, et examine les transactions Bitcoin.","Bitcoin, Anonymity, Wasabi Wallet, CoinJoin transaction, Privacy, Downloading Wasabi Wallet, Wallet functions: generate, recover, load, Hardware wallets, Address types, Generating a new wallet, Recovery seed phrase, Password protection, Testing password, Loading a wallet, Wallet interface and functions",NAN,"""Préserver la vie privée dans les transactions Bitcoin avec Wasabi Wallet : Guide complet par BTCsessions"""
c0c84663831b72717037acc3c77ee655,confidentialite,2.  coinjoin,https://www.youtube.com/watch?v=6TcUY2yU41w, comment j'utilise bitcoin,"Le portefeuille Wasabi Wallet est injustement privé. Sparrow Wallet est un portefeuille Bitcoin de bureau polyvalent avec de nombreuses fonctionnalités intéressantes, notamment l'ajout de la fonctionnalité Whirlpool pour préserver la confidentialité des utilisateurs. Ben de BTC Sessions explique comment créer un nouveau portefeuille dans Sparrow, y transférer des fonds, et utiliser Whirlpool pour anonymiser les transactions.","Wasabi Wallet, Sparrow Wallet, Bitcoin, Whirlpool, Privacy, Creating a new wallet, Fund wallet with coins, Utilize Whirlpool for privacy, Shakepay.com, Len.io, Bitcoin loan products, Bitrefill, Keystone hardware wallet, Solid steel backup, UTXOs in Bitcoin, Wallet balances and transactions, Privacy concerns and risks, Government confiscation of Bitcoin",46,"""Sparrow Wallet: Protéger la Confidentialité des Transactions Bitcoin avec Whirlpool"""
6771812d90939d5e737ca363e2e70081,confidentialite,1.  bonnes pratiques en matiere de confidentialite,https://kycnot.me/, comment j'utilise bitcoin,"Le texte parle de KYCnot.me, un site web qui met en avant le refus du KYC (Know Your Customer) pour préserver la vie privée des utilisateurs. Le site encourage l'utilisation de services d'échange tels que XMR, BTC, LNC, CASH et FIAT sans KYC. Cette approche vise à promouvoir la confidentialité et à offrir une alternative aux échanges traditionnels.","KYCnot.me, Données personnelles, Anonymat, Échanges de cryptomonnaies, VPN, Hébergement, Services divers, Téléphonie privée",1,"""KYCnot.me: Protéger la vie privée des utilisateurs grâce à des échanges sans KYC"""
65fb63760fc8cd4cbabda39806b7317b,confidentialite,1.  bonnes pratiques en matiere de confidentialite,https://bitcoiner.guide/privacy/, comment j'utilise bitcoin,"Ce guide Bitcoin sur la confidentialité vise à aider les débutants à comprendre les étapes de base pour obtenir un bon niveau de confidentialité lors de l'interaction avec le réseau Bitcoin. Il met en lumière les défis et les pièges à éviter, offrant un accompagnement clair pour assurer une protection adéquate de la vie privée.","Guide de confidentialité Bitcoin, Débutants, Sécurité, Transactions Bitcoin, Protection, Outils supplémentaires, Sourcing Bitcoin, Séparation Bitcoin, Analyse transactions Bitcoin, Confidentialité Bitcoin, Dépenses Bitcoin, Support, Contribution, Identifier Nostr, Podcasts, Contact, Recherche, Outils supplémentaires",1,Guide Bitcoin: Confidentialité et Protection de la Vie Privée
9eaabee6c99aa5288f97508bce31eda0,confidentialite,1.  bonnes pratiques en matiere de confidentialite,https://unchained.com/blog/how-to-use-bitcoin-privately/, comment j'utilise bitcoin,"Le texte discute de neuf façons d'utiliser le Bitcoin de manière plus privée, mettant en avant des conseils pratiques pour protéger la confidentialité lors de transactions.","Utilisation privée du bitcoin, Contrôle de la confidentialité, Protection de la vie privée dans le bitcoin, Custodie personnelle, Utilisation d'une nouvelle adresse, Séparation des comptes, Confidentialité améliorée du bitcoin",14,"""9 Astuces pour une Utilisation Plus Privée du Bitcoin : Protéger Votre Confidentialité"""
46d770988562002f0052aea309189469,confidentialite,1.  bonnes pratiques en matiere de confidentialite,https://bitcoiner.guide/toolkit/, comment j'utilise bitcoin,"La ""Boîte à outils de souveraineté"" est une collection d'outils pour se protéger des systèmes de surveillance actuels en contrôlant ses propres données. Les outils présentés sont gratuits et open source, évoluant avec les besoins personnels et les nouvelles technologies disponibles.","Souveraineté numérique, Bitcoin, Portefeuilles (Mobile, Lightning, Bureau), Noeuds (Dojo, Lightning), Échange (Bisq, Hodl Hodl, Coinjoin), Stockage à froid (Passport, Seed backup), Processeur de paiement (BTCPay Server), Informatique (Ordinateur, Système d'exploitation, Navigateur, Sync de fichiers, Suite bureautique, Notes), Production de site web (Jekyll), Édition de vidéo (Kden Live), Outils d'hébergement (Yunohost), Communication (Email, Messagerie",2,"""Boîte à outils de souveraineté: Contrôlez vos données pour une protection contre la surveillance"""
f8f40e036f9316d88c03984e2390baf0,confidentialite,1.  bonnes pratiques en matiere de confidentialite,https://unchained.com/blog/what-is-a-utxo-bitcoin/, comment j'utilise bitcoin,Un résumé concis et informatif: Le texte aborde la notion de UTXO Bitcoin et son importance.,"Bitcoin UTXO, Importance of managing UTXOs, Understanding UTXOs, Bank account vs. piggy bank analogy, Bitcoin UTXOs and denominations, Unspent transaction output",14,"""Comprendre l'importance de l'UTXO Bitcoin"""
3dbbfef1be820941352bc2d1641afb46,confidentialite,2.  coinjoin,https://decouvrebitcoin.fr/tribune-sur-le-kyc-et-lidentification-des-bitcoins-onchain/, comment j'utilise bitcoin,"La tribune aborde le sujet du KYC et de l'identification des bitcoins onchain, mettant en lumière des aspects importants liés à ces processus.","KYC (Know Your Customer), Confidentialité et vie privée, Bitcoins non-KYC, Techniques d'analyse on-chain, Transactions Coinjoin, Réutilisations d'adresse, Méthodes de privacy sur Bitcoin, Procédures d'identification, Risques liés au KYC, Stockage des données personnelles, Traçage on-chain",17,"""Analyse approfondie du KYC et de l'identification des bitcoins onchain"""
6b3166d25bfe79bd607ce679f238ae60,confidentialite,2.  coinjoin,https://www.pandul.fr/post/comprendre-et-utiliser-le-coinjoin-sur-bitcoin, comment j'utilise bitcoin,Le texte parle de l'importance de comprendre et d'utiliser le CoinJoin sur Bitcoin pour résoudre le problème de double dépense dans les transactions pair-à-pair.,"Double dépense, Protocole Bitcoin, Transparence et distribution, Confidentialité et identification sur Bitcoin, Association des bitcoins à une paire de clés, CoinJoin, Whirlpool, Implémentations de CoinJoin, Tutoriels sur l'utilisation de Whirlpool, Bonnes pratiques en post-mix, Outils de dépense, Risques liés à l'utilisation de CoinJoin",75,"""Exploration du CoinJoin sur Bitcoin pour prévenir la double dépense"""
0173a9135b3d6bafbce60b02b6fc6c07,confidentialite,2.  coinjoin,https://unchained.com/blog/what-is-coinjoin/, comment j'utilise bitcoin,Le texte explique ce qu'est un CoinJoin et comment il fonctionne.,"CoinJoin, Confidentialité dans Bitcoin, Transparence dans le système Bitcoin, Adresses Bitcoin, UTXO, Anonymisation des transactions, Collaboration anonyme, Réintroduction de l'anonymat, Scrambling des transactions, Confidentialité dans les transactions Bitcoin",9,"""Découvrez le fonctionnement du CoinJoin"""
ca2f81a519a1ae334b367ae2b80423fa,confidentialite,2.  coinjoin,https://parlonsbitcoin.com/podcasts/wasabi-vs-samourai, comment j'utilise bitcoin,Wasabi et Samouraï sont des portefeuilles utilisés pour les coinjoins. Cet épisode compare les forces et faiblesses de ces deux solutions afin d'aider les utilisateurs à choisir le meilleur outil pour leurs transactions.,"Wasabi wallet, Samourai wallet, Coinjoin, Thibaud Maréchal, Loic de Pandul, Sparrow wallet, Umbrel, Faucet Bitcoin Testnet, Podcasts, Apple Podcasts, Spotify, Breez, Tutoriel, Telegram, Confidentialité",,"""Comparaison de Wasabi et Samouraï : Trouver le Meilleur Portefeuille pour vos Coinjoins"""
