id,title,subtitle,links,quadrant,summary,descriptions,time_min,titles
28605f9b5469752e3f34a5682dc488b1,conserver ses sats/btc,1. stocker de facon securisee,https://www.youtube.com/watch?v=tOJ5iIhbg4c&list=PLinTFKehfR4wGzSb41gAaFFImT9c_hrJV&index=28, comment j'utilise bitcoin,"Rosie explique comment sécuriser des sommes d'argent élevées, suggérant une remise en question de la sécurité pour des montants dépassant 10 000 euros.","Sécurisation des cryptomonnaies, Gestion des clés privées, Passphrase, Sécurité avancée, Ledger, Stockage sécurisé, Multi-sig, Protection des actifs, Passerelle de sécurité, Risques de perte d'accès aux fonds",NAN,"""Sécuriser des sommes d'argent élevées : remise en question pour plus de 10 000 euros"""
5714ba8e45e33be5bc68c765871a3d2f,conserver ses sats/btc,1. stocker de facon securisee,https://www.youtube.com/watch?v=epP3GZDPeiY, comment j'utilise bitcoin,"La sécurité du Bitcoin est primordiale pour éviter des pertes d'argent. Le multi-signature est un système de sécurité intéressant pour protéger les actifs des investisseurs. Il est recommandé d'éviter le trading, le levier et de privilégier la sûreté des transactions.","Bitcoin, Sécurité, Multi-sig, Portefeuilles, Mots de sécurité, Transactions, Clés, Ledger, Specter, Ducks, Sparrow, Solutions logicielles pour créer des portefeuilles multi-sig, Interface utilisateur, Gestion des portefeuilles, Deck stop, Création de portefeuilles multi-sig, Utilisation de plusieurs appareils pour sécuriser des bitcoins, Clés privées",19,"""Sécurité du Bitcoin: Protéger les Actifs avec le Multi-Signature et des Transactions Sûres"""
b032b023a563b83ebb77947f8da2a48f,conserver ses sats/btc,1. stocker de facon securisee,https://www.youtube.com/watch?v=mV1KS-Uwjew&t=1s, comment j'utilise bitcoin,"Ce huitième chapitre du cours aborde la mise en place d'un portefeuille multi-signatures, en se concentrant sur l'application Specter. Ce type de portefeuille est essentiel pour devenir un détenteur de bitcoins souverain.","Cours sur le bitcoin, Portefeuille multi-signatures, Application Specter, Sécurité des portefeuilles, Clés privées, Tutoriels pour Trezor et Ledger, Création d'un portefeuille multi-signatures 2 sur 3, Utilisation de l'application Specter, Niveaux de sécurité des portefeuilles, Formation et éducation sur les portefeuilles, Complexité et gestion des fonds, Connecter des appareils au portefeuille, Impression de sauvegardes d'informations, Préparation et configuration de l'application Specter, Télé",NAN,"""Portefeuille Multi-Signatures avec Specter : Devenir un Détenteur de Bitcoins Souverain"""
bbef94810f776935808e096a5d2d3de5,conserver ses sats/btc,1. stocker de facon securisee,https://www.youtube.com/watch?v=OxdgmDxOMRY&t=5282s, comment j'utilise bitcoin,"Il envisage d'accepter le bitcoin sur Apple Pay, mais pour l'instant, ce n'est pas une priorité. Investir le cash d'Apple en crypto n'est pas une option, car les investisseurs choisissent Apple pour ses actions et non pour s'exposer à la cryptomonnaie. Il encourage ceux intéressés par la cryptomonnaie à investir directement plutôt que par le biais d'Apple.","Accepting Bitcoin on Apple Pay, Plans regarding cryptocurrency, Investment decisions, Diversified portfolio, Bitcoin Tuesday, Citadel Dispatch, Rider dies, Bitcoin Q&A, Beginner-focused content, Buying Bitcoin, Exchanges and KYC (Know Your Customer), Regulation compliance, Privacy and open-source software, Financial advice, Support for the show",NAN,"""Apple ne priorise pas le Bitcoin : encourager l'investissement direct en cryptomonnaie"""
368b6d8a9d25bda3a68911654da42e55,conserver ses sats/btc,2. prevoir la transmission : plan d'heritage,https://www.youtube.com/watch?v=FzeZApwZ0XM&list=PLinTFKehfR4wGzSb41gAaFFImT9c_hrJV&index=26, comment j'utilise bitcoin,"Le chapitre 6.1 de demontcourt est le dernier chapitre où un plan d'héritage par rapport à une cogne sera créé en utilisant le livre de Pamela Morgan. La tâche prendra 30 minutes, marquant la fin du cours malgré la fatigue des participants.","Plan d'héritage, Clé privée, Bitcoin, Sécurité, Héritage, Accès aux bitcoins, Livre de Pamela Morgan, Personnes proches, Problèmes d'héritage, Avocats, Notaire, Adaptation, Compromis sécurité/efficacité/facilité/résilience, Lettre d'héritage",NAN,"""Création d'un Plan d'Héritage avec Pamela Morgan : Chapitre Final de Demontcourt"""
368b6d8a9d25bda3a68911654da42e55,conserver ses sats/btc,2. prevoir la transmission : plan d'heritage,https://www.youtube.com/watch?v=FzeZApwZ0XM&list=PLinTFKehfR4wGzSb41gAaFFImT9c_hrJV&index=26, comment j'utilise bitcoin,"Le chapitre 6.1 de demontcourt est le dernier chapitre où un plan d'héritage par rapport à une cogne sera créé en utilisant le livre de Pamela Morgan. La tâche prendra 30 minutes, marquant la fin du cours malgré la fatigue des participants.","Plan d'héritage, Clé privée, Bitcoin, Sécurité, Héritage, Accès aux bitcoins, Livre de Pamela Morgan, Personnes proches, Problèmes d'héritage, Avocats, Notaire, Adaptation, Compromis sécurité/efficacité/facilité/résilience, Lettre d'héritage",NAN,"""Création d'un Plan d'Héritage avec Pamela Morgan : Chapitre Final de Demontcourt"""
368b6d8a9d25bda3a68911654da42e55,conserver ses sats/btc,2. prevoir la transmission : plan d'heritage,https://www.youtube.com/watch?v=FzeZApwZ0XM&list=PLinTFKehfR4wGzSb41gAaFFImT9c_hrJV&index=26, comment j'utilise bitcoin,"Le chapitre 6.1 de demontcourt est le dernier chapitre où un plan d'héritage par rapport à une cogne sera créé en utilisant le livre de Pamela Morgan. La tâche prendra 30 minutes, marquant la fin du cours malgré la fatigue des participants.","Plan d'héritage, Clé privée, Bitcoin, Sécurité, Héritage, Accès aux bitcoins, Livre de Pamela Morgan, Personnes proches, Problèmes d'héritage, Avocats, Notaire, Adaptation, Compromis sécurité/efficacité/facilité/résilience, Lettre d'héritage",NAN,"""Création d'un Plan d'Héritage avec Pamela Morgan : Chapitre Final de Demontcourt"""
368b6d8a9d25bda3a68911654da42e55,conserver ses sats/btc,2. prevoir la transmission : plan d'heritage,https://www.youtube.com/watch?v=FzeZApwZ0XM&list=PLinTFKehfR4wGzSb41gAaFFImT9c_hrJV&index=26, comment j'utilise bitcoin,"Le chapitre 6.1 de demontcourt est le dernier chapitre où un plan d'héritage par rapport à une cogne sera créé en utilisant le livre de Pamela Morgan. La tâche prendra 30 minutes, marquant la fin du cours malgré la fatigue des participants.","Plan d'héritage, Clé privée, Bitcoin, Sécurité, Héritage, Accès aux bitcoins, Livre de Pamela Morgan, Personnes proches, Problèmes d'héritage, Avocats, Notaire, Adaptation, Compromis sécurité/efficacité/facilité/résilience, Lettre d'héritage",NAN,"""Création d'un Plan d'Héritage avec Pamela Morgan : Chapitre Final de Demontcourt"""
368b6d8a9d25bda3a68911654da42e55,conserver ses sats/btc,2. prevoir la transmission : plan d'heritage,https://www.youtube.com/watch?v=FzeZApwZ0XM&list=PLinTFKehfR4wGzSb41gAaFFImT9c_hrJV&index=26, comment j'utilise bitcoin,"Le chapitre 6.1 de demontcourt est le dernier chapitre où un plan d'héritage par rapport à une cogne sera créé en utilisant le livre de Pamela Morgan. La tâche prendra 30 minutes, marquant la fin du cours malgré la fatigue des participants.","Plan d'héritage, Clé privée, Bitcoin, Sécurité, Héritage, Accès aux bitcoins, Livre de Pamela Morgan, Personnes proches, Problèmes d'héritage, Avocats, Notaire, Adaptation, Compromis sécurité/efficacité/facilité/résilience, Lettre d'héritage",NAN,"""Création d'un Plan d'Héritage avec Pamela Morgan : Chapitre Final de Demontcourt"""
368b6d8a9d25bda3a68911654da42e55,conserver ses sats/btc,2. prevoir la transmission : plan d'heritage,https://www.youtube.com/watch?v=FzeZApwZ0XM&list=PLinTFKehfR4wGzSb41gAaFFImT9c_hrJV&index=26, comment j'utilise bitcoin,"Le chapitre 6.1 de demontcourt est le dernier chapitre où un plan d'héritage par rapport à une cogne sera créé en utilisant le livre de Pamela Morgan. La tâche prendra 30 minutes, marquant la fin du cours malgré la fatigue des participants.","Plan d'héritage, Clé privée, Bitcoin, Sécurité, Héritage, Accès aux bitcoins, Livre de Pamela Morgan, Personnes proches, Problèmes d'héritage, Avocats, Notaire, Adaptation, Compromis sécurité/efficacité/facilité/résilience, Lettre d'héritage",NAN,"""Création d'un Plan d'Héritage avec Pamela Morgan : Chapitre Final de Demontcourt"""
368b6d8a9d25bda3a68911654da42e55,conserver ses sats/btc,2. prevoir la transmission : plan d'heritage,https://www.youtube.com/watch?v=FzeZApwZ0XM&list=PLinTFKehfR4wGzSb41gAaFFImT9c_hrJV&index=26, comment j'utilise bitcoin,"Le chapitre 6.1 de demontcourt est le dernier chapitre où un plan d'héritage par rapport à une cogne sera créé en utilisant le livre de Pamela Morgan. La tâche prendra 30 minutes, marquant la fin du cours malgré la fatigue des participants.","Plan d'héritage, Clé privée, Bitcoin, Sécurité, Héritage, Accès aux bitcoins, Livre de Pamela Morgan, Personnes proches, Problèmes d'héritage, Avocats, Notaire, Adaptation, Compromis sécurité/efficacité/facilité/résilience, Lettre d'héritage",NAN,"""Création d'un Plan d'Héritage avec Pamela Morgan : Chapitre Final de Demontcourt"""
368b6d8a9d25bda3a68911654da42e55,conserver ses sats/btc,2. prevoir la transmission : plan d'heritage,https://www.youtube.com/watch?v=FzeZApwZ0XM&list=PLinTFKehfR4wGzSb41gAaFFImT9c_hrJV&index=26, comment j'utilise bitcoin,"Le chapitre 6.1 de demontcourt est le dernier chapitre où un plan d'héritage par rapport à une cogne sera créé en utilisant le livre de Pamela Morgan. La tâche prendra 30 minutes, marquant la fin du cours malgré la fatigue des participants.","Plan d'héritage, Clé privée, Bitcoin, Sécurité, Héritage, Accès aux bitcoins, Livre de Pamela Morgan, Personnes proches, Problèmes d'héritage, Avocats, Notaire, Adaptation, Compromis sécurité/efficacité/facilité/résilience, Lettre d'héritage",NAN,"""Création d'un Plan d'Héritage avec Pamela Morgan : Chapitre Final de Demontcourt"""
73841680f894c22c820072efc843334b,conserver ses sats/btc,1. stocker de facon securisee,https://unchained.com/blog/how-to-store-bitcoin-seed-phrase-backups/, comment j'utilise bitcoin,Guide ultime pour stocker vos sauvegardes de phrase de récupération de bitcoin. Le texte fournit des conseils sur la manière de sécuriser et de sauvegarder vos phrases de récupération de bitcoin de manière sûre et fiable.,"Backup du phrase de récupération Bitcoin, Modèles de garde Bitcoin : Singlesig, passphrase, multisig, SSSS, Singlesig vs. passphrase vs. multisig vs. SSSS, Singlesig : méthode de garde individuelle, Singlesig + passphrase : ajout d'un mot de passe, Multisig : utilisation de plusieurs clés, Collaborative custody, Shamir's Secret Sharing Scheme : protection en partageant la phrase de récupération",16,"""Sécuriser et Sauvegarder Vos Phrases de Récupération Bitcoin : Guide Pratique"""
000f01c6d1bfad424a3dbfe0d222c35d,conserver ses sats/btc,2. prevoir la transmission : plan d'heritage,https://www.bitstack-app.com/blog/plan-heritage-bitcoin, comment j'utilise bitcoin,Le texte aborde la question de la sécurisation des bitcoins en mettant en avant l'importance de réaliser un plan d'héritage pour ces actifs numériques. Il met en avant les avantages de la self-custody des bitcoins et donne des conseils sur la manière de gérer la transmission de ces actifs en cas de besoin.,"Plan d'héritage pour bitcoins, Self-custody de bitcoins, Responsabilité et risques, Importance du plan d'héritage technique, Contenu d'un plan d'héritage Bitcoin, Création d'un plan d'héritage Bitcoin, Sécurisation du plan d'héritage Bitcoin, Compromis entre risque de perte et risque de vol",7,"""Sécurisation des Bitcoins : Plan d'héritage et conseils de self-custody"""
2086915780a9fd11f5550326e9b5e087,conserver ses sats/btc,2. prevoir la transmission : plan d'heritage,https://unchained.com/blog/how-bitcoin-inheritance-plan/, comment j'utilise bitcoin,"Le texte discute de la mise en place d'un plan d'héritage Bitcoin, mettant en avant 5 considérations clés pour commencer.","1. Héritage du bitcoin, 2. Titre vs possession, 3. Consultation d'un avocat, 4. Établir un testament ou une fiducie, 5. Accès aux clés par l'exécuteur ou le fiduciaire",8,"""Plan d'héritage Bitcoin : 5 considérations clés pour commencer"""
