id,title,subtitle,links,quadrant,summary,descriptions,time_min,titles
af626fd9d3c16c1790f24746faee8750,contre-culture,1. contre-culture,https://www.youtube.com/watch?v=GgFQgfssHBo&t=2s, comment bitcoin influ culture,"Un intervenant va parler de Bitcoin pendant cinq minutes avant de céder la parole à un conférencier principal. L'intervenant n'était pas au courant qu'il présenterait un conférencier italien, découvert sur un podcast, et dont l'accent l'a marqué.","Présentation de Alex Wetzky, Discussion sur Bitcoin et l'introduction à un conférencier, L'accent italien et l'orateur inconnu, Changement de sujet vers les cultures bitcoin, Article ""Bitcoin and the Hop Cycle"" de Giacomo, Exploration des personnes attirées par Bitcoin, Différents types de bitcoiners, Venn diagramme des bitcoiners, Promesse de rédiger un article sur les cultures Bitcoin, Multidisciplinarité de Bitcoin, Nécessité de comprendre l'ingénierie et la révolution sociale associées à Bitcoin, Mèmes liés à la commun",NAN,"""Présentation surprise d'un conférencier italien accentué après une intervention sur Bitcoin"""
b5e872806e15cf6ed0385a758e54f12d,contre-culture,1. contre-culture,https://www.youtube.com/watch?v=78iYxGLQoxg&t=3711s, comment bitcoin influ culture,"Le texte aborde des discussions sur des générations de personnes et leurs opinions. Certains groupes sont identifiés comme les ""neurons"" et les ""nouveaux"", faisant référence à des perspectives différentes et à des opinions divergentes.","Bitcoin, Neurons, Left-leaning persons in Bitcoin, Jason Myers, Progressive case for Bitcoin, Vegetarians in Bitcoin, Bitcoin culture, Partisan politics in Bitcoin, Money for enemies, Bitrefill, Zero comps, Gift cards, Payment processing networks, Amazon Bitcoin, Cryptographic transactions, Bitcoin app on phone, Bitcoin wallet, Production for Bitcoin, Cryptocurrency transactions, Education in merchant companies, Convenience of Bitcoin transactions, Credit card payments, 3D secure payments, Bitcoin adoption in businesses",NAN,"""Générations en Opposition : Les Neurons contre les Nouveaux"""
1366d84d7f03223d6580a99c6b155072,contre-culture,1. contre-culture,https://www.youtube.com/watch?v=Otoz02b9PiY&t=8s, comment bitcoin influ culture,"Le texte discute de l'expérience professionnelle de l'auteur, passant de la physique à des consultations chez Accenture, puis à la création de startups Bitcoin. Certaines ont réussi, d'autres ont échoué. Actuellement, il partage principalement sur Twitter. Le ton est humoristique, mais souligne l'importance du timing de la discussion en raison de récents événements liés à la culture Bitcoin.","Bitcoin, Culture, Twitter, Presentations, Venn diagrams, Conferences, Bitcoin movement, Subcultural distinctions, Bitcoin psychopath vs. sociopaths, Counter Culture, Memes, Bitrefield, Circulaire économie, Mouvement culturel Bitcoin, Distinction outil Bitcoin vs mouvement, Nerd fan mobs",NAN,"""Parcours professionnel de l'auteur : de la physique à Bitcoin, l'importance du timing"""
05d85be7143efe773b0cc13722f02e42,contre-culture,1. contre-culture,https://btctouchpoint.com/fr/bitcoin-psychopathes-vs-bitcoin-sociopathes-rigel-walshe/, comment bitcoin influ culture,"Le texte discute des différences entre les ""Bitcoin Psychopathes"" et les ""Bitcoin Sociopathes"". Il aborde comment Bitcoin peut influencer la société, la culture, et les individus.","Bitcoin Psychopathes vs Bitcoin Sociopathes, Sous-cultures et influences, Comportement humain et culture dans Bitcoin, Adoption de masse et altération de Bitcoin, Le test de Rorschach de Bitcoin, Sécurité de Bitcoin par les gens",26,"""Bitcoin Psychopathes vs. Bitcoin Sociopathes : Influence sur la Société et la Culture"""
f6715a4a2c504bd0fca55eda00ba44a3,contre-culture,2. bitcoin maximalisme,https://www.forbes.com/sites/peterizzo/2022/08/25/how-to-be-a-bitcoin-maximalist/?sh=184f727f7036, comment bitcoin influ culture,"Un article aborde le thème de comment être un maximaliste du Bitcoin, avec des sujets liés à la crypto-monnaie et aux prix des NFT.","Bitcoin Maximalist, Cryptocurrency market-isms, Definition of Bitcoin Maximalism, Beliefs of Bitcoin Maximalists, Criticisms of Bitcoin Maximalism, Practical application of Bitcoin Maximalism, Separating aspiration from adherents, Principles underlying Bitcoin Maximalism",13,"""Devenir un maximaliste du Bitcoin: Crypto-monnaie et prix des NFT"""
e6999d596985027ef8a6c633ce24680d,contre-culture,2. bitcoin maximalisme,https://medium.com/the-capital/what-it-takes-to-be-a-bitcoiner-607c08d171f2, comment bitcoin influ culture,"Le texte décrit les attributs nécessaires pour être considéré comme un ""Bitcoiner"" à l'heure actuelle, soulignant qu'il s'agit de révolutionnaires. Ces individus possèdent un mélange rare d'attributs et d'intérêts, et sont perçus comme faisant partie d'un mouvement émergent dans le domaine du Bitcoin.","Bitcoiners comme révolutionnaires, Attributs des Bitcoiners, Bitcoinism, Bitcoin Plebs, Traits communs des Bitcoiners, Traits des Plebs, Spécificités des Bitcoiners et des Plebs, Résistance et défense, Courage et conviction, Bitcoin et liberté, Changement du monde par les Bitcoiners",6,"""Les Attributs du Bitcoiner Révolutionnaire : Un Mouvement Émergent"""
6767fc2c72eb35118c0311a3844fbaa3,contre-culture,2. bitcoin maximalisme,https://btctouchpoint.com/fr/les-bitcoiners-ne-sont-pas-toxiques-ils-sont-integres/, comment bitcoin influ culture,"Les bitcoiners sont perçus comme intègres et non toxiques, selon l'article. L'accent est mis sur l'utilisation de Bitcoin, son impact sur la société et la culture, ainsi que sur le changement personnel induit par cette cryptomonnaie.","Bitcoiners, Intégrité vs toxicité, Communauté Bitcoin, Réaction envers Elon Musk, Impact sur le prix du Bitcoin, Valeurs des bitcoiners, Importance de l'intégrité, Définition de la toxicité",15,"""Bitcoin : Intégrité, Impact Sociétal et Changement Personnel"""
