id,title,subtitle,links,quadrant,summary,descriptions,time_min,titles
7f7bef2e16cf6e402aea5245b1a623f5,couverture contre l'inflation,2. l'inflation est de retour,https://www.youtube.com/watch?v=6lus9c2S5HE&t=546s, comment j'utilise bitcoin,"Une nouvelle émission intitulée Punchline est diffusée ce soir, avec près de 127 000 fidèles téléspectateurs. L'interview de Philippe Perlin est prévue pour ce soir, tandis qu'Olivier de la Marche sera l'invité demain à 18h.","Emission ""Punchline"", Interview de Philippe Perlin, Economie et politique en France, Agence de notation Fitch, Réformes structurelles, Dette publique et investisseurs étrangers, Mouvements sociaux en France, Réaction de Bruno Le Maire, Réforme des retraites, Bilan économique de la France, Niveau d'impôts et taxe en France vs Danemark",NAN,"""Punchline: Interviews exclusives avec Philippe Perlin et Olivier de la Marche"""
a683e2614b34f40363a84661959bb757,couverture contre l'inflation,2. l'inflation est de retour,https://www.youtube.com/watch?v=G2vAm2hfW9U, comment j'utilise bitcoin,"Deux amis se rencontrent à Bedford et discutent de leur rencontre imprévue à 4h du matin. Ils se réjouissent de la soirée à venir, qui comprend un match de football et la remise d'un trophée.","Rencontre à Bedford, Compréhension du livre sur le Bitcoin, Thèse de la déflation, Chute des prix au coût marginal de production, Exemples concrets (application de calculatrice), Évolution des marchés, Produits de luxe et exceptions",59,"""Rencontre Impromptue et Soirée de Football à Bedford"""
b9eff082125c6eaaa6e9082b970fd635,couverture contre l'inflation,1. les monnaies fiat sont fondantes,https://youtu.be/cwqJOl3yan8, comment j'utilise bitcoin,"Les libertés sont menacées et la population semble indifférente, selon Alexandre Stachtchenko.","Libertés attaquées, Indifférence généralisée, YouTube, Droits d'auteur, Contact, Créateurs, Publicité, Développeurs, Conditions d'utilisation, Confidentialité, Règles et sécurité, Nouvelles fonctionnalités, Google LLC",,"""Menace sur les libertés: l'indifférence de la population, une préoccupation selon Alexandre Stachtchenko"""
961b7b59842eb3058e88d5b1eceea336,couverture contre l'inflation,2. l'inflation est de retour,https://tftc.io/martys-bent/issue-1327-shrinkflation-is-not-included-in-cpi-data/?ref=martys-bent-newsletter, comment j'utilise bitcoin,"Résumé: Il est souligné qu'une pratique appelée ""shrinkflation"" n'est pas prise en compte dans l'IPC. Cette situation est présentée comme plus grave que ce qui est communément admis et semble se produire à une échelle plus importante.","Shrinkflation, CPI (Consumer Price Index), Inflation, Supply chain disruptions, Money printing, Food and energy prices, Quality and quantity of goods, Margins, Examples of shrinkflation, Impact on consumer goods, Companies' strategies , Twitter examples, Economic impact",6,"""Le phénomène de la shrinkflation : une omission significative dans l'IPC"""
