id,title,subtitle,links,quadrant,summary,descriptions,time_min,titles
49d0d976379ac0cd0b2db35dbf9acc21,cycles historiques,1. la fin de la fin de l'histoire,https://www.youtube.com/watch?v=7lXu7DNr3bs, comment bitcoin change societe,"La saison des allergies est intense au Texas en janvier et février en raison de la pollinisation des arbres à genévriers, déclenchée par le froid. Cette année, le gel de décembre a avancé le pic d'allergies. Les symptômes d'allergie, comme le rhume des foins, ont affecté l'auteur et ses enfants, nécessitant l'utilisation régulière de médicaments tels que Claritin-D et Flonase.","Saison des allergies, Pollinisation des arbres, Réaction allergique, Médicaments contre les allergies, Polarisation politique, Réforme politique, Tradition impériale américaine, Leadership mondial des États-Unis, John Quincy Adams, Rôle des États-Unis en tant que gendarme international, Dilemme de Triffin, Déficit commercial américain, Déclin de l'économie productive américaine, Vente d'actifs américains, Appauvrissement de la classe moyenne américaine, Polarisation politique",85.0,"""Allergies hivernales au Texas : Impact du froid sur la pollinisation des arbres à genévriers"""
fef764153c3610842913b1790ca14ac8,cycles historiques,2. cycles d'endettement et business cycles,https://www.youtube.com/watch?v=t_T6GUV4bNE, comment bitcoin change societe,"Le texte évoque une possible effondrement du système de la Réserve fédérale aux États-Unis, avec des préoccupations quant à l'émergence d'une nouvelle crise financière de grande envergure, suivant le schéma des crises de 2008 et 2020. Il est suggéré que le système financier actuel pourrait être en voie de s'effondrer, laissant entrevoir des conséquences considérables.","Effondrement potentiel du système bancaire central, Crise financière imminente, Déclenchement de la crise financière, Précédentes crises financières (2008, 2020), Signes avant-coureurs de la crise, Impact sur les banques régionales et les actifs, Politique d'intérêt de la Réserve fédérale, Pertes non réalisées des banques, Inflation hors de contrôle et hausse des taux d'intérêt, Hausse des taux d'intérêt et valeur des obligations, Problèmes causés par la Réserve fédérale, -",80.0,"""Préoccupations sur un Effondrement du Système de la Réserve Fédérale Américaine"""
645da714426a623ec5ea6aeff1035623,cycles historiques,"3. cycles politiques, institutionnels et culturels",https://www.youtube.com/watch?v=SeBgUVM0yBQ, comment bitcoin change societe,"Neil Howe, author of ""The Fourth Turning,"" is interviewed by Danielle di Martino Booth. The discussion explores timely insights about the rapid changes occurring in the nation.","Musique, Livre ""The Fourth Turning"" de Neil Howe, Élection présidentielle américaine, Partisanerie politique, Participation électorale, Polarisation politique, Candidats Maga et QAnon, Résultats des élections de mi-mandat, Soutien financier à Donald Trump, Médias et politique, Indépendants dans les élections, Républicains et Démocrates, Participation électorale des partis",60.0,"""Les révolutions rapides dans la nation: Une discussion avec Neil Howe"""
33ecad27717fc6cd72110f162a6d0be4,cycles historiques,1. la fin de la fin de l'histoire,https://btctouchpoint.com/fr/la-fin-de-la-fin-de-lhistoire/#fin2, comment bitcoin change societe,"Le texte discute de Bitcoin, en explorant comment il est utilisé, son impact sur la société et la culture, ainsi que comment il peut changer les individus. Il propose des ressources telles que des podcasts, des articles, des livres, et un lexique pour mieux comprendre le sujet.","La Fin de l’Histoire, Illusion d'une victoire idéologique de la démocratie et du libéralisme, Mondialisation et vulnérabilités du système, Réalisation de ne pas être sortis de l’Histoire, Motifs récurrents de l’Histoire, Enjeux économiques et géopolitiques de Bitcoin, Monde post-innocence, Relations économiques et politiques internationales, Alexandre Stachtchenko et son analyse, Bitcoin comme élément clé du monde moderne",5.0,"""Bitcoin : Impact, Société, et Culture - Ressources pour une Compréhension Approfondie"""
5cce37f8f3ed079177a154c882b4299a,cycles historiques,1. la fin de la fin de l'histoire,https://www.zerohedge.com/markets/en-lagarde-ecb-president-reveals-what-happens-next, comment bitcoin change societe,"Résumé: Le président de la BCE révèle les prochaines étapes à suivre, selon ZeroHedge et autres plateformes financières.","ECB President Lagarde, Geopolitics, Fragmentation, Global trade, Central banks, Inflation, Supply chain, Global value chains, Multipolarity, Reserve currency, Trade patterns, Currency reserves, Western payment systems",7.0,"""Les Futures Étapes du Président de la BCE Révélées par ZeroHedge et Autres Plateformes Financières"
d6baa8d125903aecbbb0c540804f9588,cycles historiques,2. cycles d'endettement et business cycles,https://btctouchpoint.com/fr/cycles-dendettement-et-business-cycles/#debt3, comment bitcoin change societe,"Le texte aborde les cycles d'endettement et les cycles économiques, en mettant en lumière l'influence de Bitcoin sur la société et la culture. Une variété de ressources, tels que des podcasts, articles et cours, sont disponibles pour approfondir la compréhension de Bitcoin et son impact.","Cycles d'endettement, Business cycles, Importance du crédit et de l'endettement, Analyse des cycles économiques et politiques, Niveau d'endettement insoutenable, Récession économique mondiale, Implications de l'augmentation de la masse monétaire, Nouvel ordre monétaire et financier mondial, Principes face à l'évolution de l'ordre mondial, Cycles économiques selon la perspective autrichienne, Dépressions économiques : causes et remèdes",5.0,"""Bitcoin : Influence sur les Cycles Économiques et Culturels"""
a60af6adac88f32050daa2ed2d4d4a5f,cycles historiques,"3. cycles politiques, institutionnels et culturels",https://btctouchpoint.com/fr/cycles-politiques-institutionnels-et-culturels/#4th2, comment bitcoin change societe,"Le texte aborde les cycles politiques, institutionnels et culturels liés à Bitcoin. Il explore l'impact de la cryptomonnaie sur la société et la culture, offrant des ressources pratiques et des conseils sur son utilisation.","Cycles politiques, institutionnels et culturels, Le quatrième tournant, Cycle générationnel récurrent, Saeculum de 80-100 ans, Quatre saisons/tournants : Ivresse, Éveil, Dénouement, Crise, Archétypes générationnels : Prophètes, Nomades, Héros, Artistes, Prédiction du 4ème tournant vers 2025, Confrontation entre individualisme et collectivisme, Totalitarisme et Bitcoin, Référence à l'ouvrage ""The Fourth Turning"" de Neil Howe",,"""Bitcoin : Impact sur la Société et la Culture - Ressources et Conseils"""
3e4add34b4158ad8cbea25eae7258039,cycles historiques,"3. cycles politiques, institutionnels et culturels",https://btctouchpoint.com/fr/cycles-politiques-institutionnels-et-culturels/#4th3, comment bitcoin change societe,"Le texte discute des cycles politiques, institutionnels et culturels liés au Bitcoin, en mettant en lumière comment cette cryptomonnaie influence la société et la culture, ainsi que son impact sur les individus.","Cycles politiques, institutionnels et culturels, Le Quatrième tournant (The Fourth Turning), Cycle générationnel récurrent, Saeculum de 80-100 ans, Quatre saisons (tournants) : Ivresse, Éveil, Dénouement, Crise, Archétypes générationnels : Prophètes, Nomades, Héros, Artistes, Prédiction de Howe et Strauss pour l'année 2025, Affrontement entre individualisme et collectivisme, Bitcoin comme moteur d'une ère de renaissance",,"""Bitcoin : Influence sur la société, la culture et les individus"""
3e4add34b4158ad8cbea25eae7258039,cycles historiques,"3. cycles politiques, institutionnels et culturels",https://btctouchpoint.com/fr/cycles-politiques-institutionnels-et-culturels/#4th3, comment bitcoin change societe,"Le texte discute des cycles politiques, institutionnels et culturels liés au Bitcoin, en mettant en lumière comment cette cryptomonnaie influence la société et la culture, ainsi que son impact sur les individus.","Cycles politiques, institutionnels et culturels, Le Quatrième tournant (The Fourth Turning), Cycle générationnel récurrent, Saeculum de 80-100 ans, Quatre saisons (tournants) : Ivresse, Éveil, Dénouement, Crise, Archétypes générationnels : Prophètes, Nomades, Héros, Artistes, Prédiction de Howe et Strauss pour l'année 2025, Affrontement entre individualisme et collectivisme, Bitcoin comme moteur d'une ère de renaissance",,"""Bitcoin : Influence sur la société, la culture et les individus"""
3e4add34b4158ad8cbea25eae7258039,cycles historiques,"3. cycles politiques, institutionnels et culturels",https://btctouchpoint.com/fr/cycles-politiques-institutionnels-et-culturels/#4th3, comment bitcoin change societe,"Le texte discute des cycles politiques, institutionnels et culturels liés au Bitcoin, en mettant en lumière comment cette cryptomonnaie influence la société et la culture, ainsi que son impact sur les individus.","Cycles politiques, institutionnels et culturels, Le Quatrième tournant (The Fourth Turning), Cycle générationnel récurrent, Saeculum de 80-100 ans, Quatre saisons (tournants) : Ivresse, Éveil, Dénouement, Crise, Archétypes générationnels : Prophètes, Nomades, Héros, Artistes, Prédiction de Howe et Strauss pour l'année 2025, Affrontement entre individualisme et collectivisme, Bitcoin comme moteur d'une ère de renaissance",,"""Bitcoin : Influence sur la société, la culture et les individus"""
3e4add34b4158ad8cbea25eae7258039,cycles historiques,"3. cycles politiques, institutionnels et culturels",https://btctouchpoint.com/fr/cycles-politiques-institutionnels-et-culturels/#4th3, comment bitcoin change societe,"Le texte discute des cycles politiques, institutionnels et culturels liés au Bitcoin, en mettant en lumière comment cette cryptomonnaie influence la société et la culture, ainsi que son impact sur les individus.","Cycles politiques, institutionnels et culturels, Le Quatrième tournant (The Fourth Turning), Cycle générationnel récurrent, Saeculum de 80-100 ans, Quatre saisons (tournants) : Ivresse, Éveil, Dénouement, Crise, Archétypes générationnels : Prophètes, Nomades, Héros, Artistes, Prédiction de Howe et Strauss pour l'année 2025, Affrontement entre individualisme et collectivisme, Bitcoin comme moteur d'une ère de renaissance",,"""Bitcoin : Influence sur la société, la culture et les individus"""
6858135c3289238c23abc5ae1abf8fd2,cycles historiques,"3. cycles politiques, institutionnels et culturels",https://btctouchpoint.com/fr/cycles-politiques-institutionnels-et-culturels/#sov3, comment bitcoin change societe,"Le texte discute des cycles politiques, institutionnels et culturels liés au Bitcoin, abordant comment cette cryptomonnaie influence la société et la culture, ainsi que son impact sur les individus. Il propose des ressources telles que des podcasts, des articles, des solutions pratiques, des livres et un lexique pour approfondir la compréhension de Bitcoin.","Cycles politiques, institutionnels et culturels, The Fourth Turning (le Quatrième tournant), Cycle générationnel récurrent, Saisons du cycle : Ivresse, Éveil, Dénouement, Crise, Archétypes générationnels : Prophètes, Nomades, Héros, Artistes, Prédiction du 4ème tournant, Individualisme et collectivisme, Totalitarisme, Bitcoin comme moteur de renaissance",,"""Bitcoin: Influence sur la Société, la Culture et les Individus"""
e20dda640a2347b4d7df0ca891f78b69,cycles historiques,"3. cycles politiques, institutionnels et culturels",https://tftc.io/martys-bent/issue-1340/, comment bitcoin change societe,"La fin semble proche pour le système financier américain, avec des perspectives très sombres.","Crise bancaire, PacWest Bancorp, Faillites bancaires, Jamie Dimon, Joe Biden, Janet Yellen, Jerome Powell, Garantie des dépôts, Limites de dépôt, Crise des banques régionales, Programme de rachat d'obligations, Limite de la dette, Consolidation bancaire, Nationalisation, Contrôle financier, Système bancaire, Contrôle économique, Panopticon digital",,"""Perspectives sombres pour le système financier américain"""
e13f71eff6d54e7b04af614f9cd35192,cycles historiques,4. cycles d'innovations technologiques,https://btctouchpoint.com/fr/cycles-dinnovations-technologiques/#booth, comment bitcoin change societe,"Le texte discute des cycles d'innovations technologiques liés au Bitcoin, abordant des sujets tels que l'utilisation de Bitcoin, son impact sur la société et la culture, ainsi que ses implications pratiques et théoriques. Le contenu propose des ressources variées telles que des podcasts, des articles, des solutions pratiques, des livres, un lexique, des cours et un blog pour approfondir la compréhension de Bitcoin.","Cycles d'innovations technologiques, Cycles de Kondratiev, Bitcoin, Croissance exponentielle, Performance exponentielle, Adoption exponentielle, Loi de Moore",12.0,"""Exploration approfondie du Bitcoin : Innovation technologique et impact sociétal"""
6e4b7ae8723c1da0da50954cb8631a88,cycles historiques,4. cycles d'innovations technologiques,https://btctouchpoint.com/fr/le-prix-de-demain-introduction/, comment bitcoin change societe,"Le texte aborde l'introduction au prix de demain concernant le Bitcoin. Il offre des informations sur les premiers pas à faire, le contexte du Bitcoin, ses pièges et principes, ainsi que son influence sur la société et la culture. Des ressources utiles, telles que des podcasts, des articles, des mèmes et des livres, sont également présentées.","Technologie déflationniste, Économie pré-technologique, Systèmes économiques obsolètes, Choix économiques, Compétitivité des entreprises, Impact économique, Réévaluation des croyances, Évolution technologique rapide, Nouveau cadre économique",26.0,"""Découverte du Bitcoin : Premiers Pas, Pièges et Influence sur la Société"""
8228009da23fd3b6b3a35b1999cd8a3d,cycles historiques,4. cycles d'innovations technologiques,https://btctouchpoint.com/fr/cycles-dinnovations-technologiques/#jeffbooth, comment bitcoin change societe,"Le texte traite des cycles d'innovations technologiques liés au Bitcoin, abordant des sujets tels que l'utilisation de Bitcoin, son impact sur la société et la culture, ainsi que les ressources disponibles pour en apprendre davantage.","Cycles d'innovations technologiques, Cycles de Kondratiev, Bitcoin, Croissance exponentielle, Performance exponentielle, Adoption exponentielle, Loi de Moore, Connectivité, Médias sociaux, Innovation incrémentale, Innovation exponentielle, Révolution industrielle",12.0,"""Évolutions technologiques du Bitcoin : Impact sur la société et ressources d'apprentissage"""
8228009da23fd3b6b3a35b1999cd8a3d,cycles historiques,4. cycles d'innovations technologiques,https://btctouchpoint.com/fr/cycles-dinnovations-technologiques/#jeffbooth, comment bitcoin change societe,"Le texte traite des cycles d'innovations technologiques liés au Bitcoin, abordant des sujets tels que l'utilisation de Bitcoin, son impact sur la société et la culture, ainsi que les ressources disponibles pour en apprendre davantage.","Cycles d'innovations technologiques, Cycles de Kondratiev, Bitcoin, Croissance exponentielle, Performance exponentielle, Adoption exponentielle, Loi de Moore, Connectivité, Médias sociaux, Innovation incrémentale, Innovation exponentielle, Révolution industrielle",12.0,"""Évolutions technologiques du Bitcoin : Impact sur la société et ressources d'apprentissage"""
8228009da23fd3b6b3a35b1999cd8a3d,cycles historiques,4. cycles d'innovations technologiques,https://btctouchpoint.com/fr/cycles-dinnovations-technologiques/#jeffbooth, comment bitcoin change societe,"Le texte traite des cycles d'innovations technologiques liés au Bitcoin, abordant des sujets tels que l'utilisation de Bitcoin, son impact sur la société et la culture, ainsi que les ressources disponibles pour en apprendre davantage.","Cycles d'innovations technologiques, Cycles de Kondratiev, Bitcoin, Croissance exponentielle, Performance exponentielle, Adoption exponentielle, Loi de Moore, Connectivité, Médias sociaux, Innovation incrémentale, Innovation exponentielle, Révolution industrielle",12.0,"""Évolutions technologiques du Bitcoin : Impact sur la société et ressources d'apprentissage"""
8228009da23fd3b6b3a35b1999cd8a3d,cycles historiques,4. cycles d'innovations technologiques,https://btctouchpoint.com/fr/cycles-dinnovations-technologiques/#jeffbooth, comment bitcoin change societe,"Le texte traite des cycles d'innovations technologiques liés au Bitcoin, abordant des sujets tels que l'utilisation de Bitcoin, son impact sur la société et la culture, ainsi que les ressources disponibles pour en apprendre davantage.","Cycles d'innovations technologiques, Cycles de Kondratiev, Bitcoin, Croissance exponentielle, Performance exponentielle, Adoption exponentielle, Loi de Moore, Connectivité, Médias sociaux, Innovation incrémentale, Innovation exponentielle, Révolution industrielle",12.0,"""Évolutions technologiques du Bitcoin : Impact sur la société et ressources d'apprentissage"""
9f25cb3af76c20d6eceabfe020cd06ef,cycles historiques,4. cycles d'innovations technologiques,https://btctouchpoint.com/fr/cycles-dinnovations-technologiques/#kcycles2, comment bitcoin change societe,"Le texte aborde les cycles d'innovations technologiques liés au Bitcoin, expliquant son impact sur la société, la culture et les individus. Il propose des ressources telles que des podcasts, des articles, des solutions pratiques, des livres et un lexique pour faciliter la compréhension de Bitcoin.","Cycles d’innovations technologiques, Cycles de Kondratiev, Bitcoin, Croissance exponentielle, Performance exponentielle, Adoption exponentielle, Loi de Moore",12.0,"""Bitcoin : Impact sur la société et ressources pour approfondir"""
