id,title,subtitle,links,quadrant,summary,descriptions,time_min,titles
403908cc8929baf77a139633fb0b03d1,desintermediation,1. se passer des  intermediaires,https://www.youtube.com/watch?v=qDRqbG-VLDM&t=772s, comment bitcoin change societe,"Le XXème siècle a été marqué par des limitations financières des États et organisations, car l'argent représente un travail passé et est limité. La Première Guerre mondiale a entraîné la création d'argent pour financer la guerre, malgré sa rareté.","Cataclysmes du XXe siècle, Limitations des États et organisations, Financement des guerres, Déconnexion de la monnaie par rapport au réel, Evolution de la valeur de la monnaie, Introduction du Bitcoin et des cryptomonnaies, Intérêt pour le Bitcoin, Blockchain et consensus distribué, Dangers du système monétaire actuel, Impact économique, politique et culturel du Bitcoin et des cryptomonnaies",NAN,"""Les Limitations Financières au XXème siècle : La Création d'Argent en Temps de Guerre"""
d4186c40f86637ceea081091961c9680,desintermediation,1. se passer des  intermediaires,https://www.youtube.com/watch?v=S2Tprt_v8Js, comment bitcoin change societe,Le texte fourni semble être une série de nombres sans signification apparente.,"Numéros à plusieurs chiffres, Suite de chiffres, Identification des concepts clés, Texte à analyser",46,"""Exploration des Nombres Mystérieux"""
9a7757e301db9a19ef4c772ec19f3389,desintermediation,1. se passer des  intermediaires,https://www.youtube.com/watch?v=Lr5L3uy244w&t=235s, comment bitcoin change societe,"Ce chapitre aborde les bitcoins d'un point de vue technique, en se concentrant sur les mineurs et leur consommation énergétique. L'analyse se penche sur l'impact environnemental de ces mineurs, mettant en lumière les préoccupations liées à la destruction de la planète.","Chapitre sur les bitcoins, Les mineurs et leur fonctionnement, L'impact écologique des mineurs de bitcoins, Débat sur l'écologie et les bitcoins, Rôle des mineurs dans la validation des transactions Bitcoin, Problème de la double dépense dans les transactions numériques, Sécurisation des transactions par les mineurs, Généraux byzantins et la blockchain, Importance des mineurs pour la sécurité des transactions Bitcoin, Mécanisme de résolution des équations mathématiques pour valider un bloc",NAN,"""Les Mineurs de Bitcoins : Impacts Environnementaux et Préoccupations"""
575f825c68dd2d9dfb5be0c77d245d43,desintermediation,1. se passer des  intermediaires,https://www.youtube.com/watch?v=EW0OIw5yY7Y, comment bitcoin change societe,"Un grand entretien avec le PDG et fondateur de Strike, Jack Mallers, est prévu. Bitcoin 2023 se tiendra à Miami avec des conférenciers renommés tels que Michael Saylor, Zoltan Pulsar, Lynn Alden, Matt Odell et Dylan LeClaire. La conférence promet d'être enrichissante avec de nombreux autres intervenants à venir.","Bitcoin 2023 Conference à Miami, Orateurs: Michael Saylor, Zoltan Pulsar, Lynn Alden, Matt Odell, Dylan LeClaire, Article: Président Nayibu Kelly critiquant FMI, banquiers centraux et Banque mondiale, Strike: Envoi rapide et moins cher de dollars US aux Philippines, Importance du marché des transferts de fonds vers les Philippines, Lightning Network pour perturber l'industrie des paiements de transfert, Bitcoin comme instrument physique, Transfert instantané de valeur physique via Bitcoin, Réduction des coûts et des délais des services financiers, -",29,"""Bitcoin 2023 à Miami : Entretien exclusif avec le PDG de Strike et conférenciers de renom"""
eef714d7f5a26fa516a9f662e351790b,desintermediation,1. se passer des  intermediaires,https://www.swanbitcoin.com/inventing-bitcoin/, comment bitcoin change societe,"Le livre ""Inventing Bitcoin"" de Yan Pritzker, cofondateur et CTO de Swan Bitcoin, est présenté comme la meilleure introduction au fonctionnement du système Bitcoin. Bien qu'il soit en vente sur Amazon, Yan le propose gratuitement à la communauté Swan pour promouvoir l'éducation sur le Bitcoin.","Invention de Bitcoin, Livre gratuit, Auteur : Yan Pritzker, Co-fondateur et CTO de Swan Bitcoin, Expérience en développement de logiciels et entrepreneuriat, Acquis par Etsy, Conférences sur Bitcoin, Services Swan Bitcoin, Éducation sur Bitcoin, Sécurité, Achat et détention de Bitcoin, Consultation financière et fiscale",1,"""Le livre ""Inventing Bitcoin"" de Yan Pritzker : Une introduction essentielle au Bitcoin offerte gratuitement par Swan Bitcoin"""
76193665c715cae2df0ea5840bd49be5,desintermediation,1. se passer des  intermediaires,https://bitcoin.fr/les-banques-et-la-blockchain/, comment bitcoin change societe,Le texte aborde les banques et la technologie de la blockchain.,"Banques, Blockchain, Bitcoin, Technologie, Décentralisé, Transferts internationaux, Standard Bank, Fidor Bank, Ripple, Indépendance, Transferts à l'intérieur du groupe, Hyperledger, R3, Désintermédiation",7,"""Banques et Blockchain : Une Révolution Technologique"""
5b44969e19a9f8f15b710f19d10975a1,desintermediation,1. se passer des  intermediaires,https://www.journaldunet.com/economie/finance/1443565-vers-un-monde-financier-sans-intermediaire/, comment bitcoin change societe,"Le texte discute de l'évolution vers un monde financier sans intermédiaire, mettant en avant des domaines tels que la ville durable, l'IA, le Web3, le SEO, le cloud, la fintech, l'IoT et la cybersécurité. Il aborde également des sujets comme les événements, les livres blancs, la MarTech, le big data, l'emploi et la smart city.","Blockchain, Intermediation financière, Désintermédiation, Crise de 2008, Blockchains, Finance décentralisée, Contrats intelligents, Adaptation des acteurs traditionnels",5,"""Vers un Monde Financier Sans Intermédiaire : Tendances Technologiques et Innovations Clés"""
