id,title,subtitle,links,quadrant,summary,descriptions,time_min,titles
54473e5b4f64b7d8f07b0117b9fabff5,droits & libertes,bitcoin : une chance pour les droits de l'homme,https://www.youtube.com/watch?v=AXLiwrrk3sk, comment bitcoin change societe,"Bitcoin a la capacité de protéger les droits de l'homme à l'échelle mondiale, selon les Nations Unies. Des politiciens européens ont proposé d'interdire le minage de preuves de travail pour limiter la consommation d'électricité. L'article explore comment Bitcoin garantit sept des 30 articles de la Déclaration universelle des droits de l'homme.","Bitcoin et les droits de l'homme, Déclaration universelle des droits de l'homme de l'ONU, Régimes autoritaires et démocraties, Inégalités mondiales de richesse, Hégémonie monétaire britannique, Système de Bretton Woods et pétrodollar, Influence des États-Unis sur le système monétaire international",47.0,"""Bitcoin: Protéger les Droits de l'Homme à l'Échelle Mondiale"""
8397aa5a73a38028a7778c18fc269b05,droits & libertes,bitcoin : la monnaie liberte !,https://www.youtube.com/watch?v=fz7FPl065II, comment bitcoin change societe,"Le locuteur évoque l'importance de Bitcoin et comment un événement lors d'une grève de camionneurs à Ottawa l'a convaincu de son potentiel, malgré des préjugés antérieurs.","Bitcoin, Truckers Strike in Ottawa, Dangers of digital currency, Government control and surveillance, Repression of protesters, Freedom of expression and money, Totalitarian regimes, Government and corporate control, Loss of freedoms during the pandemic, Constitution and rights, Pandemics in history, Civil War and constitutional rights",26.0,"""Bitcoin : Révélation lors d'une grève de camionneurs à Ottawa"""
a6ef022e0da948b1a2631a245e027cc5,droits & libertes,bitcoin : la monnaie liberte !,https://www.youtube.com/watch?v=cwqJOl3yan8, comment bitcoin change societe,"La propriété privée est de retour comme un droit fondamental en France, après avoir été négligée. Les individus valorisent de plus en plus le contrôle sur leurs possessions, malgré les risques associés, similaire à ce qui est arrivé avec Gmail et Yahoo.","Retour de la propriété privée, Perception de la France comme illibérale, Valorisation de la propriété privée, Risques liés à la possession, Concept d'extrême centre, Inquiétudes concernant la France, Analyse sur la Cinquième République, Réglementation sur les cryptomonnaies, Évolution vers une concentration du pouvoir exécutif, Utilisation du 49-3, Dérives du pouvoir exécutif",87.0,"""Le Retour de la Propriété Privée: Valeur et Risques à l'Ère Numérique"""
9ec4ea877578650d98543b78c5fc3d82,droits & libertes,bitcoin : la monnaie liberte !,https://www.youtube.com/watch?v=uWiKT_CjoDY, comment bitcoin change societe,"Un expert suisse renommé du Bitcoin explique la technologie et ses impacts politiques, sociaux et économiques à travers les médias et les journaux helvétiques.","Prophète suisse du Bitcoin, Évangélisation des banques suisses, Écosystème web et évolution, Découverte du Bitcoin en 2011, Éviter les erreurs du passé (bulle des dot com), Comparaison du Bitcoin à l'ampoule électrique, Explication de la technologie Blockchain, Système de transaction basé sur la Blockchain, Impact d'Internet sur les transactions et la société",78.0,"""Les Impacts du Bitcoin Expliqués par un Expert Suisse Renommé"""
6cf1b9f448ba1a2bb20aa2c4807d1cab,droits & libertes,bitcoin : la monnaie liberte !,https://www.youtube.com/watch?v=6Tr4-DL1c1s, comment bitcoin change societe,"Chaque année, la Fondation des droits de l'homme organise l'Oslo Freedom Forum, un événement réunissant des militants des droits de l'homme du monde entier en Norvège. Lors de l'édition de cette année, Gigi, un bitcoiner et ingénieur logiciel, a été interviewé. Connu pour son travail dans l'univers Bitcoin, il a écrit le livre ""21 lessons"" et travaille actuellement sur son deuxième ouvrage intitulé ""21 ways"", mettant l'accent sur la confidentialité, la sécurité et les logiciels libres.","Oslo Freedom Forum, Activistes des droits de l'homme, Gigi, Bitcoiner et ingénieur logiciel, Livres ""21 lessons"" et ""21 ways"", Vie privée, sécurité, logiciel libre, éducation, Liberté, droits fondamentaux, Différences de liberté entre pays occidentaux et autoritaires, Sensibilisation à la liberté, Éducation sur Bitcoin, liberté, vie privée, Importance de la liberté d'expression, Nécessité de discuter pour éviter la violence, Histoire des privations de liberté, Documents historiques sur les droits et libertés",52.0,"""Rencontre avec Gigi: Un bitcoiner engagé aux Oslo Freedom Forum"""
efbd507c3ebe7e834eac1310382808ad,droits & libertes,bitcoin : la monnaie liberte !,https://www.youtube.com/watch?v=d5AvBsxRMYk, comment bitcoin change societe,L'Afrique connaît actuellement une révolution silencieuse avec des défis financiers et technologiques. La fragmentation des systèmes bancaires et monétaires complique les transactions financières de base. L'auteur salue Satoshi Nakamoto pour la création du Bitcoin.,"Révolution silencieuse en Afrique, Fragmentation des systèmes bancaires et de paiement en Afrique, L'impact de l'absence de compte bancaire en Afrique, Introduction de Bitcoin comme solution financière en Afrique, Utilisation de Bitcoin comme outil d'investissement et de paiement en Afrique, Programme éducatif sur Bitcoin en Afrique du Sud, Importance de l'autonomie dans la conservation de Bitcoin, Accessibilité de Bitcoin aux populations non connectées à internet, Problèmes d'approvisionnement électrique en Afrique du Sud, Développement de solutions pour envoyer et recevoir Bitcoin",9.0,"""La Révolution Financière en Afrique : Le Bitcoin et les Défis Technologiques"""
2b527ef652c75ba1c2280c21b688a589,droits & libertes,bitcoin : la monnaie liberte !,https://www.youtube.com/watch?v=r898rA4FV50, comment bitcoin change societe,"En 1993, Farida Nabourema, une jeune togolaise de trois ans, avait un avenir prometteur grâce à l'éducation financée par ses parents. Cependant, en janvier 1994, leur épargne a été réduite de moitié à cause d'une dévaluation de la monnaie imposée par un pays étranger, changeant leur situation financière du jour au lendemain.","Farida Nabourema, Dévaluation de la monnaie, Colonialisme monétaire français, CFA Franc, Exploitation économique, Contrôle monétaire, Empire colonial français, Résistance, Franc CFA, France et ses anciennes colonies, Prêts et infrastructures, Dépendance économique, Banque mondiale et FMI, Dirigeants africains soutenus par la France, Répression des opposants, Sylvanus Olympio, Assassinat, Dictature, Togo et la France",10.0,"""Les conséquences dévastatrices d'une dévaluation monétaire : Le récit de Farida Nabourema"""
70755d43ea78500984236a5a982619a3,droits & libertes,bitcoin : la monnaie liberte !,https://www.youtube.com/watch?v=k2lKvmmg-2U, comment bitcoin change societe,"Le texte discute de l'appréciation de l'orateur envers le travail d'une personne, notamment sa capacité à articuler les liens entre Bitcoin et les droits de l'homme. Il souligne également l'implication de cette personne avec la Fondation des droits de l'homme en 20.","Bitcoin et les droits de l'homme, Implication dans la Human Rights Foundation, Motivations initiales pour le travail en droits de l'homme, Création de l'Oslo Freedom Forum, Enquêtes sur les célébrités et institutions occidentales, Travail avec des réfugiés nord-coréens, Connexion à l'espace Bitcoin, Intérêt pour la science politique et l'histoire, Stage à la Human Rights Foundation en 2007, Recherche sur l'utilisation des célébrités pour améliorer l'image de dictateurs",55.0,"""La liaison entre Bitcoin et les droits de l'homme : L'éloge de l'orateur envers l'engagement"""
d9af3e966f8a7eb43730ba37ac3f0c4e,droits & libertes,"droits, libertes, et responsabilites !",https://www.youtube.com/watch?v=0PQMchDRLW4, comment bitcoin change societe,"Le texte souligne que l'immobilier devient un investissement de valeur, mais sa possession est centrée et distordue, ressemblant à une possession fiat. Acheter une propriété signifie s'acheter un travail et subir des limitations gouvernementales.","Bitcoin, Immobilier, Investissement, Propriété foncière, Fiscalité, Hypothèques, Gouvernements, Droits de propriété, Possession, Zonage, Domaine éminent, Scarcité, Investissement immobilier, Privilèges des prêts hypothécaires, Confusion sur les hypothèques",12.0,"""La complexité de l'investissement immobilier : entre valeur et contraintes gouvernementales"""
685b3d0c5df630ef2aa9cb94b360f5db,droits & libertes,bitcoin : une chance pour les droits de l'homme,https://nakamotoinstitute.org/digital-cash-and-privacy/, comment bitcoin change societe,"Le texte aborde les défis liés à l'utilisation de la monnaie numérique, mettant en avant les préoccupations concernant la perte de vie privée à mesure que les paiements électroniques se répandent.","Cryptomonnaie, Confidentialité, Paiements électroniques, Vie privée, Transactions, Cartes de crédit, Anonymat, Sécurité, Double-dépense, Fraude, Marchands, Systèmes de paiement, Enregistrements des transactions, Numéros de carte de crédit, Préoccupations de confidentialité, Anonymat financier",5.0,"""Les Défis de la Vie Privée dans l'Ère de la Monnaie Numérique"""
1b908b2cfc46e342144896d7a561eaf9,droits & libertes,bitcoin : une chance pour les droits de l'homme,https://europeanbitcoiners.com/contre-le-systeme-corruptible-du-fiat-le-bitcoin-fait-respecter-les-droits-universels-de-lhomme/, comment bitcoin change societe,"Le Bitcoin est présenté comme une alternative au système corruptible du fiat, garantissant le respect des droits universels de l'homme.","Bitcoin, Droits universels de l'homme, Preuve de travail, Preuve d'enjeu, Décentralisation, Censure, Liberté financière, Résistance civile, Dictateurs, Déclaration universelle des droits de l'homme, Nations unies, Seconde Guerre mondiale, Bitcoin Magazine",,"""Le Bitcoin : Une Alternative Respectueuse des Droits de l'Homme"""
7b8d08cc8e8e75e3cd680f628078a043,droits & libertes,"droits, libertes, et responsabilites !",https://learn.heyapollo.com/blog/bitcoin-and-the-marketplace-of-ideas-how-bitcoin-embodies-free-speech, comment bitcoin change societe,Bitcoin incarne la liberté d'expression en tant que réseau décentralisé et sans autorisation. Cet article explore comment la transparence et l'échange d'idées sont essentiels pour découvrir la vérité et favoriser le développement intellectuel.,"Bitcoin comme réseau décentralisé, Liberté d'expression, Première Amendement, ""Marché des idées"", Oliver Wendell Holmes Jr., William Douglas, Protection de la liberté d'expression, Démocratie, Changement social, Protocole Bitcoin, Liberté des mathématiques et de la parole, Oliver Wendell Holmes et la liberté d'expression, William O. Douglas et la démocratie, Impact sur la loi constitutionnelle moderne",,"""Bitcoin : Liberté d'Expression et Transparence pour la Vérité et le Développement Intellectuel"""
18c9edba49a79a4faae3033a0811417a,droits & libertes,vie privee,https://www.theyliewedie.org/ressources/biblio/fr/C.May_Timothy_-_Le_manifeste_crypto_anarchiste.html, comment bitcoin change societe,"Le manifeste crypto-anarchiste de Timothy C. May explore comment la technologie informatique permettrait la communication anonyme entre individus, offrant ainsi la possibilité d'échanger des messages et de mener des affaires sans révéler d'identité légale.","Crypto-anarchie, Cypherpunks, Anonymat, Cryptographie, Révolution sociale et économique, Sécurité nationale, Vitesse des réseaux informatiques, Rôle de l'État, Marché informatique anonyme, Marchés d'assassinats et d'extorsions, CryptoNet, Intervention gouvernementale, Propriété intellectuelle, Liberté d'expression",,"""La Révolution de l'Anonymat Numérique: Exploration du Manifeste Crypto-Anarchiste de Timothy C. May"""
d483ed13e7b4b531dae5a01cd6e686f4,droits & libertes,vie privee,https://europeanbitcoiners.com/liberte-et-confidentialite/, comment bitcoin change societe,"Le texte discute de la liberté et de la confidentialité comme deux aspects essentiels, liés l'un à l'autre. L'auteur, Sovereign Monk, aborde ces concepts en profondeur, soulignant leur importance.","Liberté et Confidentialité, Sociétés libres et ouvertes, Valeurs fondamentales à défendre, Implications sociétales des inventions, Évolution de l'internet, Bitcoin et Lightning Network Protocol, Comparaison avec TCP/IP, Hypertext Transfer Protocol (HTTP), Origines du World Wide Web",16.0,"""Liberté et Confidentialité: Une Exploration Approfondie par Sovereign Monk"""
9d78dfb2601425866b10a7d3a2c11732,droits & libertes,vie privee,https://dergigi.com/2020/07/21/true-names-not-required/, comment bitcoin change societe,"En 1981, Vernor Vinge a publié sa nouvelle prophétique ""True Names"", anticipant l'essor de l'internet. Ce récit est une œuvre majeure de la science-fiction combinant mathématiques, informatique et anticipation.","Identité en ligne, Anonymat et pseudonymat, Bitcoin et Satoshi Nakamoto, Interaction en ligne, Noms réels vs pseudonymes, Vie virtuelle et réelle, Réseaux sociaux et jeux en ligne, Attaques contre l'anonymat, Vie privée en ligne, Identité numérique et surveillance",15.0,"""True Names"" de Vernor Vinge : La prophétie de l'internet dans la science-fiction"
525eedc226a8492905be8899c2b5ecb8,droits & libertes,vie privee,https://www.bloomberg.com/news/articles/2022-09-21/crypto-tracer-chainalysis-busts-bitcoin-btc-anonymity, comment bitcoin change societe,"Bloomberg demande de confirmer que vous n'êtes pas un robot en raison d'une activité inhabituelle sur le réseau de votre ordinateur. Vous devez vérifier que votre navigateur prend en charge JavaScript et les cookies, et qu'ils ne sont pas bloqués. Pour plus d'informations, consultez les Conditions d'utilisation et la Politique en matière de cookies de Bloomberg.","Bloomberg, Robot, Activité inhabituelle, Support, JavaScript, Cookies, Blocage, Conditions de service, Politique de cookies, Équipe de support, ID de référence au blocage",0.0,"""Vérification de sécurité requise : Guide JavaScript et cookies de Bloomberg"""
