id,title,subtitle,links,quadrant,summary,descriptions,time_min,titles
17a9c83bec8328773708edcda6dd31cb,education,ecroulement du syteme educatif,https://www.youtube.com/watch?v=cZFa-8VzCSY, comment bitcoin change societe,"Les institutions éducatives modernes sont décrites comme des coquilles vides, plus centrées sur un style de vie de classe supérieure et des incitations financières, plutôt que sur la véritable éducation. Ce texte souligne comment l'économie basée sur la monnaie fiduciaire pousse à la consommation anticipée à travers des prêts, comparant l'université à une arnaque vendant un mode de vie.","Bitcoin, Éducation, Valeurs, Écoles, Incitations, Fraude, Prêts, Statut social, Classes sociales, Inégalités, Universités, Rentabilité, Endettement, Banqueroute, Zombie financier, Influence de la monnaie, Prêts étudiants, Monopole gouvernemental, Impératif moral, Financement, Privilèges, Système monétaire, Complexes industriels, Rentabilité, Subventions, Rentiers, Causalité, Éducation traditionnelle",14,"""Universités: coquilles vides vendant un mode de vie de classe supérieure"""
0241f5754e19f5344b8cf15698756142,education,ecroulement du syteme educatif,https://www.youtube.com/watch?v=rtb0jIyt2lE, comment bitcoin change societe,"Le podcast du Bitcoin Standard continue son séminaire sur l'éducation, en se concentrant sur le homeschooling et l'éducation fiat. Daniel Prince partage son point de vue sur l'éducation et ses expériences en tant que père de quatre enfants qu'il ""unschool"". Ce séminaire fait suite à une précédente discussion et aborde les questions soulevées lors de la session précédente.","Podcast sur le bitcoin, Éducation à domicile, Expériences personnelles en tant que père, Opposants à l'éducation à domicile, Stéréotypes et critiques, Education comme un luxe, Pauvreté et éducation, Avantages de l'éducation formelle, Besoins fondamentaux, Éducation comme moyen de sortie de la pauvreté",96,"""Séminaire sur l'éducation : homeschooling, unschooling et éducation fiat avec Daniel Prince"""
8745aa2933b8df5cc2b795abe71d7c23,education,ecroulement du syteme educatif,https://www.youtube.com/watch?v=hTsJHCFG6n0, comment bitcoin change societe,"Le podcast Bitcoin Standard accueille Daniel Prince, hôte du podcast Once Bitten Bitcoin et fervent partisan de Bitcoin, pour discuter de l'éducation à domicile. Prince, également auteur du livre ""Choose Life"", partage ses aventures et ses réflexions sur ce sujet.","Bitcoin, Podcast, Homeschooling, Daniel Prince, Choose life book, Pro-homeschooling propaganda, Fiat education, Specialization, Online schooling, Zoom education, Unschooling, Self-directed education, Galileo, Traditional homeschooling",90,"""Éducation à domicile : Discussions avec Daniel Prince sur le podcast Bitcoin Standard"""
dbe57fcd481f3459cab2672bf2877834,education,ecroulement du syteme educatif,https://www.youtube.com/watch?v=MQT3ANAxq4g, comment bitcoin change societe,"Dans cet épisode de ""Bitcoin Fixes This"", l'auteur de ""The Bitcoin Standard"", Saifedean Ammous, discute de l'impact de Bitcoin sur le système universitaire, soulignant l'inefficacité causée par l'argent et comment Internet contourne ces problèmes. Il met en lumière comment l'argent gouvernemental a transformé les universités en institutions de recherche peu efficaces et mentionne l'exploitation des étudiants en doctorat comme main-d'œuvre bon marché.","Bitcoin et son impact sur la société, Le système universitaire et son inefficacité, L'argent et son rôle dans l'éducation, Les problèmes de l'éducation universitaire, L'intervention gouvernementale dans l'enseignement, La distorsion des incitations économiques, Les subventions gouvernementales dans l'éducation, Les prêts étudiants et leurs conséquences, La corruption des prix et des signaux du marché",59,"""Bitcoin, Internet et l'Impact sur l'Université : Révéler les Inefficacités du Système Actuel"""
dbe57fcd481f3459cab2672bf2877834,education,ecroulement du syteme educatif,https://www.youtube.com/watch?v=MQT3ANAxq4g, comment bitcoin change societe,"Dans cet épisode de ""Bitcoin Fixes This"", l'auteur de ""The Bitcoin Standard"", Saifedean Ammous, discute de l'impact de Bitcoin sur le système universitaire, soulignant l'inefficacité causée par l'argent et comment Internet contourne ces problèmes. Il met en lumière comment l'argent gouvernemental a transformé les universités en institutions de recherche peu efficaces et mentionne l'exploitation des étudiants en doctorat comme main-d'œuvre bon marché.","Bitcoin et son impact sur la société, Le système universitaire et son inefficacité, L'argent et son rôle dans l'éducation, Les problèmes de l'éducation universitaire, L'intervention gouvernementale dans l'enseignement, La distorsion des incitations économiques, Les subventions gouvernementales dans l'éducation, Les prêts étudiants et leurs conséquences, La corruption des prix et des signaux du marché",59,"""Bitcoin, Internet et l'Impact sur l'Université : Révéler les Inefficacités du Système Actuel"""
dbe57fcd481f3459cab2672bf2877834,education,ecroulement du syteme educatif,https://www.youtube.com/watch?v=MQT3ANAxq4g, comment bitcoin change societe,"Dans cet épisode de ""Bitcoin Fixes This"", l'auteur de ""The Bitcoin Standard"", Saifedean Ammous, discute de l'impact de Bitcoin sur le système universitaire, soulignant l'inefficacité causée par l'argent et comment Internet contourne ces problèmes. Il met en lumière comment l'argent gouvernemental a transformé les universités en institutions de recherche peu efficaces et mentionne l'exploitation des étudiants en doctorat comme main-d'œuvre bon marché.","Bitcoin et son impact sur la société, Le système universitaire et son inefficacité, L'argent et son rôle dans l'éducation, Les problèmes de l'éducation universitaire, L'intervention gouvernementale dans l'enseignement, La distorsion des incitations économiques, Les subventions gouvernementales dans l'éducation, Les prêts étudiants et leurs conséquences, La corruption des prix et des signaux du marché",59,"""Bitcoin, Internet et l'Impact sur l'Université : Révéler les Inefficacités du Système Actuel"""
dbe57fcd481f3459cab2672bf2877834,education,ecroulement du syteme educatif,https://www.youtube.com/watch?v=MQT3ANAxq4g, comment bitcoin change societe,"Dans cet épisode de ""Bitcoin Fixes This"", l'auteur de ""The Bitcoin Standard"", Saifedean Ammous, discute de l'impact de Bitcoin sur le système universitaire, soulignant l'inefficacité causée par l'argent et comment Internet contourne ces problèmes. Il met en lumière comment l'argent gouvernemental a transformé les universités en institutions de recherche peu efficaces et mentionne l'exploitation des étudiants en doctorat comme main-d'œuvre bon marché.","Bitcoin et son impact sur la société, Le système universitaire et son inefficacité, L'argent et son rôle dans l'éducation, Les problèmes de l'éducation universitaire, L'intervention gouvernementale dans l'enseignement, La distorsion des incitations économiques, Les subventions gouvernementales dans l'éducation, Les prêts étudiants et leurs conséquences, La corruption des prix et des signaux du marché",59,"""Bitcoin, Internet et l'Impact sur l'Université : Révéler les Inefficacités du Système Actuel"""
2376a9a3b727fcd6817f37654165b66a,education,attrait des modeles alternatifs,https://www.youtube.com/watch?v=hTsJHCFG6n0, comment bitcoin change societe,"Le podcast ""The Bitcoin Standard"" aborde le thème de l'enseignement à domicile avec Daniel Prince, un habitué des séminaires et animateur du podcast ""Once Bitten Bitcoin"". Il est reconnu pour ses contenus de qualité sur le Bitcoin et a écrit un livre intitulé ""Choose Life"" décrivant ses expériences.","Bitcoin, Podcast, Homeschooling, Education, Choice, Specialization, Online schooling, Internet, Information technology, Zoom, Unschooling, Self-directed education, Galileo, Traditional homeschooling",90,"""Exploration de l'éducation à domicile avec Daniel Prince – Le Bitcoin en vedette"""
682361399188d9a8417836bc16ad5524,education,attrait des modeles alternatifs,https://www.youtube.com/watch?v=WSKOueBeOns, comment bitcoin change societe,"La personne exprime son désir de poser une question à Michael, soulignant qu'elle n'a pas entendu parler de ce sujet dans d'autres podcasts. Michael avait mentionné avoir environ 10 heures de contenu à discuter lorsqu'ils ont initialement communiqué, mais depuis, il a participé à une dizaine de podcasts supplémentaires. La personne cherche des sujets originaux à aborder, notamment sur l'éducation.","Éducation en ligne, Plateforme éducative sailor.org, Enseignement autodirigé, Coût de l'éducation, Enregistrements de cours en ligne, Mathématiques et sciences, Accès gratuit à l'éducation, Copyright sur les manuels scolaires, Décomposition de l'éducation en ligne et en présentiel, Formation virtuelle vs formation physique",97,"""Exploration de Sujets Originaux en Éducation avec Michael : Une Quête de Contenu Inédit"""
778ccfe7278c47f78b023f481bf35da9,education,attrait des modeles alternatifs,https://www.youtube.com/watch?v=-w-aYVXcOk4, comment bitcoin change societe,"Un père parle de son fils Connor qui a récemment quitté l'université, soulignant qu'il y a toute une génération de jeunes comme lui qui remettent en question le parcours traditionnel universitaire.","Rencontre avec Connor, fils de l'interlocuteur, Connor a quitté l'université il y a un mois, Discussion sur une génération qui remet en question l'éducation traditionnelle et l'avenir avec l'IA, Michael partage des leçons apprises et des conseils pratiques, Conseils de Michael : focaliser son énergie, gérer son temps, entraîner son esprit, Évolution de la disponibilité des divertissements et de l'information, Importance de l'apprentissage continu et des compétences de réflexion, Initiative de lancement de Sailor Academy et éducation en ligne",122,"""Défis de l'éducation: Une nouvelle génération remet en question l'université traditionnelle"""
38ba6645b58204da9063551e85a7b22b,education,attrait des modeles alternatifs,https://www.youtube.com/watch?v=D2v9qbR1KC4&list=PL_nQ8kZARIe01xBNJTi2YujKSXCJQ_Sf4&index=76, comment bitcoin change societe,"Le podcast Bitcoin Standard accueille Jeff Davidson, PDG de sailor.org, une plateforme éducative en ligne lancée par Michael Saylor. L'école propose un cours d'économie autrichienne gratuitement, accessible à tous via sailor.org.","Bitcoin, Sailor.org, Platform d'éducation en ligne, Cours d'économie autrichienne, Cours universitaires gratuits, Diplômes universitaires, Accréditation des diplômes, Histoire de sailor.org, Michael Saylor, Milestone de 1 million d'étudiants, Microstrategy, Accès à l'éducation, Khan Academy, Coursera, Différences entre sailor.org et autres plateformes, Certificats universitaires, Gratuité des certificats, Objectifs de sailor.org",NAN,"""Entretien avec Jeff Davidson de sailor.org sur l'école en ligne de l'économie autrichienne"""
9ba4dc4c22b653b8d3f48a13aa00be73,education,ecroulement du syteme educatif,https://app.hedgeye.com/insights/127083-cash-strapped-colleges-court-reluctant-students?type=macro%2Cmarket-insights, comment bitcoin change societe,Les collèges à court d'argent cherchent à attirer des étudiants hésitants pour pallier leurs difficultés financières.,"Colleges struggling with falling enrollment and high tuition, Declining birthrates affecting number of high school graduates, Decreased interest in college education among young adults, Parents' inability to afford high college prices, Increase in wages for non-college employees, Decrease in international student enrollment impacting revenues, Strategies to boost enrollment and revenue: mergers, generous scholarships, tuition cuts, Shift in perception of high tuition prices from prestige to turnoff, Universities partnering with sportsbooks for revenue, raising concerns about gambling addiction, Increase in problem gambling among young men, Advertising and marketing strategies by colleges to attract students and revenue",8,"""Stratégies d'Attraction des Étudiants pour les Collèges en Difficultés Financières"""
