id,title,subtitle,links,quadrant,summary,descriptions,time_min,titles
6a41d6c87db5c31de4267b6b07a71201,energie,2.  minage de bitcoin : quelle utilisation d'energie ? comparee a quoi ?,https://www.youtube.com/watch?v=jYBohnxiZVk, comment bitcoin change societe,"Un nouveau volet vidéo aborde les critiques sur l'impact environnemental du bitcoin, soulignant des raccourcis et des extrapolations erronées qui révèlent une incompréhension du sujet. Beaucoup de gens s'arrêtent à ces critiques infondées sans approfondir davantage.","Bitcoin et écologie, Impact environnemental de Bitcoin, Utilisation de l'énergie électrique mondiale par Bitcoin, Comparaison de Bitcoin avec le système bancaire actuel, Consommation d'énergie des mineurs de Bitcoin, Pourcentage d'électricité verte dans le réseau Bitcoin, Bénéfices écologiques potentiels de Bitcoin, Complexité du réseau électrique, Problématiques liées à l'équilibre du réseau électrique, Surplus de production d'énergie, Excédent énergétique en France, Rentabilité du minage de Bitcoin, Seuil de rentabilité pour les mineurs, Util",18,"""Démystifier les critiques sur l'impact environnemental du bitcoin"""
cf4f69b84e2df645a7c8dff425233630,energie,2.  minage de bitcoin : quelle utilisation d'energie ? comparee a quoi ?,https://www.youtube.com/watch?v=Xmsep3fazas, comment bitcoin change societe,"Le troisième épisode de la série aborde le lien entre le bitcoin et l'écologie, mettant en lumière que le bitcoin n'est pas aussi nuisible pour l'environnement qu'on le prétend souvent. Les critiques écologiques à l'encontre du bitcoin proviennent souvent d'une méconnaissance de la technologie, qui est comparée de manière peu objective au système bancaire traditionnel.","Bitcoin et écologie, Comparaison entre Bitcoin et système bancaire actuel, Complexité du système financier actuel, Rôle de l'or dans le système financier, Bitcoin comme nouvelle forme de monnaie, Lightning Network pour améliorer les performances de Bitcoin, Evolution du système financier, Stabilité des prix et inflation, Risque de déflation, Crise déflationniste de Fischer",14,"""Démystifier le lien entre le bitcoin et l'écologie : Révéler la vérité méconnue"""
028559c2a651caef15c3d63d112e326b,energie,2.  minage de bitcoin : quelle utilisation d'energie ? comparee a quoi ?,https://www.youtube.com/watch?v=DlmzYT24_5s, comment bitcoin change societe,"Le texte parle du retour en force du sujet du minage de Bitcoin suite à la baisse de sa valeur. Il explique le principe du dernier survivant pour comprendre les gagnants et perdants dans ce domaine. Il mentionne la création de la société Cleansat Mining en collaboration avec Guillaume, Rilcy et Sébastien Gouhspi.","Mining de Bitcoin, Principe du dernier survivant, Société CleanSat Mining, Transactions Bitcoin, Rôle des mineurs, Processus de minage, Clé gagnante (hash), Récompenses pour les mineurs, Puissance de calcul (ASIC), Consommation d'électricité, Sécurisation de la blockchain, Décentralisation du réseau Bitcoin, Nœud Bitcoin, Coûts de minage, Revenus des mineurs",19,"""Résurgence du Minage de Bitcoin : La Success Story de Cleansat Mining"""
b0ff0d6270b90edb6f1b49138c4f1f14,energie,2.  minage de bitcoin : quelle utilisation d'energie ? comparee a quoi ?,https://www.youtube.com/watch?v=8jowNtj7Gyg, comment bitcoin change societe,"Le texte parle d'un épisode consacré à Bitcoin et à l'énergie, abordant la controverse autour de la consommation d'énergie de Bitcoin et du rôle de la Chine dans le minage de la cryptomonnaie. Deux experts sont invités pour discuter de ces sujets.","Bitcoin mining, Energy consumption, Controversy, Hashing power, China's role, Full nodes, Consensus rules, 51% attack, Network security, Market cap, UTXO set, Economic impacts, Social impacts, Logistical challenges, Mining industry motivations, Risk mitigation",69,"""Bitcoin, Énergie et Chine : Débats avec des Experts"""
b3bfcbaed915e45a8a08a3a45410648b,energie,"3.  vertus economiques, sociales, environnementales du minage",https://www.youtube.com/watch?v=h2mvzUd9GMo, comment bitcoin change societe,"Un interview est sur le point de commencer concernant un projet prometteur malgré des débuts difficiles, avec une confiance renouvelée dans la connexion Internet rapide pour le mener à bien.","Projet Gridless, Bitcoin mining, Mini-réseaux électriques, Connectivité Internet en Afrique, Accès et abordabilité à l'électricité, Connectivité mobile en Afrique, Défis liés à la connectivité et à l'électricité en Afrique, Infrastructures urbaines en Afrique, Difficultés économiques dans les communautés africaines, Disparités socio-économiques en Afrique",65,"""Renouveau de Confiance : Projet Prometteur et Connexion Internet Rapide"""
2293b9db347a9ed0061dda7b9a581916,energie,"3.  vertus economiques, sociales, environnementales du minage",https://www.youtube.com/watch?v=mduJupwcuyc, comment bitcoin change societe,"Le texte aborde un sujet scientifique complexe lié à l'énergie, comparé à un ""rabbit hole"" encore plus vaste que le monde du bitcoin. L'intervenant se présente comme le ""professeur Tournesol"" et évoque une première intervention à Biarritz, après ""l'Indiana Jones du bitcoin"".","Énergie: travail, flux et stock, Thermodynamique: principes et comportement de l'énergie, Conservation de l'énergie, Équivalence entre monnaie et énergie, Preuve d'énergie dans le temps, Types d'énergie: passé et futur, Flux d'énergie: courant électrique, énergie hydraulique, Stock d'énergie: batterie",76,"""Exploration du monde complexe de l'énergie : Le professeur Tournesol et l'Indiana Jones du bitcoin"""
368e005c95b086c53a64bfb45d2ac2b0,energie,"3.  vertus economiques, sociales, environnementales du minage",https://www.youtube.com/watch?v=q_rXb5x-DjQ, comment bitcoin change societe,"Un animateur se prépare à animer une table ronde, en attendant les autres participants. Il rappelle l'importance de respecter le timing pour éviter la faim et l'agressivité. Jean-Marie Cambatérès est mentionné parmi les invités.","Table ronde, Présentations, Timing chargé, Bioénergie, Biodéchets, Valorisation en énergie, Clean tech, Mining de Bitcoin, Journal du coin, Fondation cancer santé, Donations en Bitcoin, Cryptomonnaie, Jean-Marie Cambastérès, Conseil économique social et environnemental, Sébastien Gouspillon, Mining de Bitcoin, Pollution, Noeuds, Transactions, Loterie, Énigme mathématique, Calculs, Énergie",51,"""Préparation minutieuse : L'importance du timing lors d'une table ronde avec Jean-Marie Cambatérès"""
212780f36b2d74920ef1c9e0caf97da2,energie,"3.  vertus economiques, sociales, environnementales du minage",https://www.youtube.com/watch?v=UzXV8jPUq9Y&t=157s, comment bitcoin change societe,"Le Forum économique mondial a prédit que Bitcoin consommerait toute l'électricité mondiale d'ici 2020, mais les lumières restent allumées. Un panel à venir abordera comment le minage de Bitcoin encourage le développement des énergies renouvelables.","Bitcoin et la consommation d'électricité, Panel sur l'incitation à l'énergie renouvelable par le minage de Bitcoin, Caractéristiques uniques des mineurs de Bitcoin en tant que consommateurs d'énergie, Flexibilité des mineurs de Bitcoin en tant que consommateurs d'énergie, Intégration des énergies renouvelables dans les opérations minières de Bitcoin, Transition énergétique et intégration de l'énergie éolienne et solaire, Équilibrage de l'offre et de la demande d'électricité, Rôle des mineurs de Bitcoin dans le",NAN,"""Bitcoin, Électricité Mondiale et Énergies Renouvelables : Un Avenir Lumineux"""
1d0fe0223da311c1ffa1b2a71fe50d4a,energie,4. d'une pierre deux coups : se chauffer en minant bitcoin,https://www.youtube.com/watch?v=nTRdmYX-0h8&t=51s, comment bitcoin change societe,"La vidéo explore le concept de chauffer les bâtiments grâce au minage de Bitcoin, soulignant le lien entre l'énergie utilisée pour sécuriser la blockchain et la production de chaleur. Ce processus transforme l'énergie en sécurité numérique et en chaleur réelle, illustrant la thermodynamique au cœur du protocole Bitcoin.","Bitcoin mining, Mining heat, Heat production and distribution, Industrial heaters and boilers, Mint Green company, Clean energy, Bitcoin miners' heat output, Energy efficiency, Bitcoin's energy use, Environmental concerns, Energy consumption in societies, European energy prices",NAN,"""La Thermodynamique de Bitcoin : Chauffage des Bâtiments par le Minage"""
a9014e9631216ff81a2ffe44f71bc253,energie,2.  minage de bitcoin : quelle utilisation d'energie ? comparee a quoi ?,https://btctouchpoint.com/fr/graduellement-dabord-puis-soudainement-4-bitcoin-ne-gaspille-pas-d-energie/, comment bitcoin change societe,"Le texte discute de l'efficacité énergétique de Bitcoin et souligne qu'il n'est pas gaspilleur en termes d'énergie. Il aborde également différents aspects de l'utilisation de Bitcoin, son impact sur la société et la culture, ainsi que des ressources pratiques liées à cette crypto-monnaie.","Bitcoin, Énergie, Monnaie, Coordination économique, Sécurité du réseau, Intégrité monétaire, Consommation d'énergie, Nœuds, Transactions, Preuve de travail, Impact environnemental",,"""Bitcoin : Efficacité énergétique, impact sociétal et ressources pratiques"""
66477fc9b39b0db549b8805cfd8d9648,energie,2.  minage de bitcoin : quelle utilisation d'energie ? comparee a quoi ?,https://www.coindesk.com/business/2020/05/19/the-last-word-on-bitcoins-energy-consumption/, comment bitcoin change societe,Nic Carter discute de la consommation d'énergie de Bitcoin dans un article récent sur CoinDesk.,"Consommation d'énergie de Bitcoin, Crypto-monnaies, NFTs, ETF Bitcoin, OpenAI, Sam Altman, Microsoft, NFT, Ethereum, Trading de crypto, Sharding Ethereum, Bots de trading crypto, Mineurs, Staking, DeFi, Pyth Network, Token governance, Politiques et réglementations, CBDCs, Technologies blockchain, Oracles, Zéro-connaissance, Web3, Événements Consensus, Prix des crypto-monnaies",14,"""Analyse de la consommation d'énergie de Bitcoin par Nic Carter"""
9222d99e1896f8857a06b4e39877fee3,energie,"3.  vertus economiques, sociales, environnementales du minage",https://www.clubic.com/bitcoin/dossier-427860-mythes-et-realites-sur-l-impact-ecologique-de-bitcoin.html, comment bitcoin change societe,"Le texte discute de huit mythes et réalités concernant l'impact écologique de Bitcoin, mettant en avant notamment le fait que Bitcoin est extrêmement énergivore.","Impact écologique de Bitcoin, Consommation énergétique de Bitcoin, Comparaison avec d'autres usages, Utilisation du charbon, Empreinte carbone, Coût des transactions, Génération de déchets électroniques, Idées reçues sur Bitcoin",,Les mythes et réalités de l'impact écologique de Bitcoin : La vérité sur sa consommation énergétique.
5f16df8489c991514d0d042498d89afb,energie,"3.  vertus economiques, sociales, environnementales du minage",https://tftc.io/martys-bent/issue-1295-arctic-blast-affected-btcoin-hashrate/, comment bitcoin change societe,"L'épisode n°1295 : Le froid arctique a affecté le hashrate du Bitcoin car la demande résidentielle en électricité a augmenté, entraînant l'arrêt de certaines opérations minières.","Impact of arctic blast on Bitcoin's hashrate, Electricity demand during cold weather, Miners shutting down operations to stabilize grids, Demand response programs for miners, Contracts for miners to manage electricity usage, Profitability of miners during peak demand, Selling power back to the grid, Misunderstanding of miners' actions, Energy policy in the US, Energy sources supplying power in Texas",,"""Le froid arctique impacte le hashrate du Bitcoin : arrêt des opérations minières"""
ae9715be7a346770e6a4333bb6a56f7e,energie,"3.  vertus economiques, sociales, environnementales du minage",https://www.technologyreview.com/2023/01/13/1066820/cryptocurrency-bitcoin-mining-congo-virunga-national-park/, comment bitcoin change societe,"Le parc national le plus célèbre du Congo, Virunga, s'engage fortement dans la cryptomonnaie en hébergeant une mine de Bitcoin pour protéger ses forêts et sa faune emblématique. Cette initiative suscite des interrogations sur l'association entre gorilles, milices et Bitcoin dans ce contexte unique.","Parc national de Virunga, Bitcoin, Mine de Bitcoin, Énergie propre, Congo, Milices, Gorilles de montagne, Conservation, Développement communautaire, Ressources naturelles, Économie durable, Financement du parc, Opportunités économiques, Hydropower, Développement commercial",,"""Le Parc National Virunga: Une Alliance Inhabituelle entre Gorilles, Milices et Bitcoin"""
3f4b80b6e31fae2cc0e1a40ed4fc8ef7,energie,"3.  vertus economiques, sociales, environnementales du minage",https://inbitcoinwetrust.substack.com/p/bitcoin-mining-and-nuclear-power, comment bitcoin change societe,"Le texte discute du mariage potentiel entre le minage de Bitcoin et l'énergie nucléaire, soulignant les avantages possibles pour un grand nombre de personnes. Il met en avant l'idée que Bitcoin est là pour rester et que cette opportunité devrait être saisie rapidement.","Bitcoin Mining, Énergie nucléaire, Avantages, Révolution, Crise de l'énergie, Guerre en Ukraine, Inflation, Fed, Taux d'intérêt, Énergie, Modernité",,"""Le mariage prometteur entre le minage de Bitcoin et l'énergie nucléaire : une opportunité durable à saisir"""
3ef36a6d72add5623c4399dc44eee9cf,energie,4. d'une pierre deux coups : se chauffer en minant bitcoin,https://parlonsbitcoin.com/podcasts/wisemining-et-energie, comment bitcoin change societe,"Le Bitcoin et son impact sur l'utilisation de l'énergie sont discutés, mettant en lumière comment le minage à domicile peut réduire les coûts de chauffage. Alexandre Vinot de WiseMining partage des informations sur la manière dont le Bitcoin peut influencer notre consommation énergétique.","Bitcoin et énergie, Minage à domicile, Chauffage économique, Double usage de l'électricité, Impact environnemental positif, Impact social positif, Viabilité économique du minage à domicile, Valorisation de l'énergie, Résilience du système, Vision et stratégie de Wise Mining",,"""Le Bitcoin, le chauffage domestique, et l'énergie : Impact et opportunités"""
