id,title,subtitle,links,quadrant,summary,descriptions,time_min,titles
f1aed52302e6e2b996a3a03ebc6d1fc6,environnement,1. des attaques orchestrees sur ce vecteur  privilegie...,https://www.youtube.com/watch?v=uZxxaeAONEk&t=5s, comment bitcoin change societe,"Il s'agit d'un texte annonçant un événement francophone à Bruxelles, organisé par une association présente dans plusieurs pays. Le deuxième meetup de cette association est prévu après un quart d'heure.","Réunion du cercle du coin ou du cône, Associations francophones dans plusieurs pays, Meetup à Bruxelles, Rotation des mérites écologistes du Bitcoin, Présentation du professeur Jean Paul de Lay, Bénéfices politiques de Bitcoin, Présentation de Jacques Rêviez de Formation, Monnaie acéphale, Débat sur le coût énergétique du minage de Bitcoin, Critiques contradictoires sur l'impact écologique de Bitcoin, Études sur le coût énergétique du minage de Bitcoin",NAN,"""Deuxième Meetup Francophone à Bruxelles : Événement à Ne Pas Manquer!"""
8bd4f3b2d19f20c5d251d035ce9b2d14,environnement,2. des accusations  a l'oppose des realites !,https://www.youtube.com/watch?v=qDRqbG-VLDM&t=3143s, comment bitcoin change societe,"Le XXème siècle a été marqué par des événements cataclysmiques dus à la capacité limitée des États et organisations avant le 20ème siècle à agir en raison du caractère fini de la monnaie, représentant le travail passé. La nécessité de financer la Première Guerre mondiale avec de l'argent inexistant a conduit à la création de devises de façon illimitée, engendrant des conséquences importantes.","XXème siècle cataclysmique, Limitations des États et organisations, Création d'argent pour financer la guerre, Décorrélation de la monnaie par rapport à l'or, Défaut des États-Unis en 1971, Valeur de la monnaie basée sur la confiance, Bitcoin et cryptomonnaie, Révolution du Bitcoin, Intérêt pour les cryptomonnaies, Blockchain et Bitcoin, Danger du système monétaire, Bouleversement technologique et culturel causé par les cryptomonnaies",NAN,"""Les Conséquences du Financement Illimité: L'Impact de la Création Monétaire au XXème siècle"""
72bb9af1ddb171aa768660ba5a30f5b6,environnement,2. des accusations  a l'oppose des realites !,https://www.youtube.com/watch?v=b-7dMVcVWgc, comment bitcoin change societe,"En 1964, l'astronome soviétique Nikolaï Kardachev a proposé que le niveau de développement technologique d'une civilisation puisse être mesuré par l'énergie qu'elle est capable de collecter et d'utiliser. Il a classé les civilisations selon différents niveaux en fonction de leur capacité à exploiter l'énergie provenant de leur étoile. Sur la Terre, nous ne capturons qu'une infime partie de l'énergie transmise par le soleil, ce qui montre un potentiel d'avancement technologique considérable.","Niveau d'avancement technologique selon Kardashev, Utilisation de l'énergie comme mesure de l'avancement, Importance de la maîtrise de l'énergie dans l'évolution des civilisations, Origine de la civilisation avec la découverte du feu, Évolution de l'utilisation de l'énergie dans l'histoire, Lien entre énergie et confort humain, Importance critique de l'énergie pour la civilisation, Lien entre argent et énergie, Utilisation de pierres et coquillages comme monnaie, Valeur de l'or comme réserve de valeur, Rareté de l'or et lien",38,"""Les Niveaux de Civilisation Selon l'Énergie: Une Perspective Astrophysique"""
4726f1176f0c19e601438c11f336e0d9,environnement,2. des accusations  a l'oppose des realites !,https://medium.com/@Nakamotard/bitcoin-a-counterintuitive-solution-to-climate-change-e30301ae57a3, comment bitcoin change societe,"Bitcoin est présenté comme une solution contre-intuitive au changement climatique dans un article traduit de l'auteur Alexandre Stachtchenko. L'article explore cette idée de manière détaillée, offrant des perspectives intéressantes sur le sujet.","Bitcoin, Solution au changement climatique, Contre-intuitif, Vaccination, Histoire médicale, Ignace Semmelweis, Louis Pasteur, Consommation d'électricité, Promotion de la lutte contre le changement climatique, Système monétaire actuel, Destructeur environnemental, Inflation, Banques centrales, Christine Lagarde, Argentine, Dollar américain, Perte de valeur de la monnaie, Augmentation de la masse monétaire, Prix, Pouvoir d'achat, Productivité, Dépenses,",67,"""Bitcoin : Une Solution Contre-Intuitive au Changement Climatique"""
aaee0b3f99754577ea11b29176aaee51,environnement,2. des accusations  a l'oppose des realites !,https://medium.com/@AlexStach/bitcoin-une-solution-contre-intuitive-au-changement-climatique-668364b0c205, comment bitcoin change societe,"L'article explore comment Bitcoin pourrait offrir une solution surprenante au changement climatique. Il met en avant des enseignements clés, incitant à une lecture complète pour une meilleure compréhension.","Bitcoin, Changement climatique, Contre-intuitif, Vaccination, Électricité, Écologie, Système monétaire, Inflation, Banques centrales, Peso argentin, Dollar américain, Pouvoir d'achat, Masse monétaire",76,"""Bitcoin : Une Solution Inattendue pour le Changement Climatique"""
2a826ec15ead74e74e53cc8a12f4aea1,environnement,2. des accusations  a l'oppose des realites !,https://www.bitstack-app.com/blog/bitcoin-n-est-pas-une-catastrophe-ecologique, comment bitcoin change societe,Bitcoin n'est pas une catastrophe écologique malgré les critiques sur son empreinte environnementale liée à sa consommation d'électricité.,"Impact environnemental du Bitcoin, Preuve de travail dans le fonctionnement du Bitcoin, Consommation d'électricité du Bitcoin, Comparaison avec d'autres secteurs, Bénéfices écologiques du Bitcoin, Valorisation de la chaleur produite par le minage, Monnaie finie, Système de paiement pair-à-pair, Consensus de Nakamoto, Attaques Sybil, Minage de Bitcoin, Rôle des mineurs, Électricité comme ressource, Ouverture du système de consensus de Nakamoto",31,"""Bitcoin : Réfutation des critiques environnementales sur sa consommation d'électricité"""
7b5b6eff48a70687bd110670e56d2e6c,environnement,2. des accusations  a l'oppose des realites !,https://www.thegreensideofbitcoin.com/#ib-toc-anchor-11, comment bitcoin change societe,"Le texte aborde le côté écologique du Bitcoin, soulignant l'importance de comprendre cette cryptomonnaie par rapport aux devises traditionnelles. Il met en avant l'idée de réformer le système monétaire pour améliorer le monde.","Bitcoin et l'environnement, Impact environnemental du minage de Bitcoin, Énergie renouvelable dans le minage de Bitcoin, Énergie bloquée, Solutions innovantes pour un écosystème Bitcoin plus durable",51,"""Réformer le système monétaire : L'impact écologique du Bitcoin"""
