id,title,subtitle,links,quadrant,summary,descriptions,time_min,titles
62c4732cd9ba56666a6be7551c56704e,faire tourner son noeud,contribuer activement au reseau,https://www.youtube.com/watch?v=PXg_xUIYN84&list=PLxdf8G0kzsUVzpmuXsCjtm3XWblNzdeEL&index=5, comment j'utilise bitcoin,Exécuter un nœud Bitcoin permet de stocker la blockchain et les règles du réseau gratuitement sur un ordinateur. Cela offre divers avantages aux utilisateurs sans coût financier associé.,"Wasabi Wallet, Bitcoin node, Blockchain, Bitcoin Core, Trustlessness, Host, Bitcoin transactions validation, Rules of the network, Benefits of running a Bitcoin node, Running a Bitcoin node for free, Hardware wallets, Bitcoin savings accounts, Bit by Bit (Bitcoin stacking in Canada), Gift cards via Bitrefill, Keystone (hardware wallet), Multi-signature wallets, Privacy pros for secure backups, Umbral and My Node, Plug-and-play node options, Bitcoin.org, Software stacks, Download Bitcoin Core for Windows, Mac, Linux",NAN,"""Stockage Gratuit de la Blockchain Bitcoin: Avantages pour les Utilisateurs"""
41b14356d22f23f4683bc6e69dd9d8d1,faire tourner son noeud,contribuer activement au reseau,https://www.youtube.com/watch?v=OxdgmDxOMRY&t=2756s, comment j'utilise bitcoin,"Le texte aborde la possibilité d'accepter le bitcoin via Apple Pay, avec une approche prudente. Bien que l'idée soit envisagée, aucun plan immédiat n'est en place. L'entreprise ne prévoit pas d'investir sa trésorerie en crypto, préférant que les investisseurs intéressés se tournent directement vers cette option s'ils le souhaitent.","Accepting Bitcoin on Apple Pay, Plans for implementing Bitcoin, Investment decisions regarding crypto, Personal ownership of Bitcoin and Ethereum, Citadel Dispatch show, Bitcoin Q&A session, Buying Bitcoin, Exchanges and KYC regulations, Diversified investment portfolios, Support for the show, Podcasting 2.0 apps, Donating through various platforms, Beginner-focused content, Structured episode format, Getting Bitcoin for the first time, Importance of KYC regulations in the crypto space",NAN,"""Apple Pay et Bitcoin : Une Approche Prudente sans Investissement Immédiat"""
b44a5c31f9c62e85c859ee38181aa64a,faire tourner son noeud,utiliser lightning sur son propre noeud,https://www.youtube.com/watch?v=qTHtPzuo_Ek&t=242s, comment j'utilise bitcoin,"Le texte parle du Lightning Network comme solution à la scalabilité de Bitcoin en tant que couche 2, offrant une alternative aux transactions sur la blockchain de base. Il mentionne également l'intérêt pour les ressources francophones pour apprendre à utiliser Bitcoin et coder.","Bitcoin, Lightning Network, Scalabilité, Transactions, Micro-transactions, Frais, Portefeuilles, Codage, Liquidités, Canal de liquidité, Formation, Tutoriel, Noeud Lightning, Indépendance, Custody, Utilisateurs, Canal de routage, Business model, Paiement par internet, Interaction clients, Nouvelles possibilités, Appel téléphonique via Lightning Network",NAN,"""Le Lightning Network : Solution de scalabilité pour Bitcoin et ressources francophones pour apprendre"""
bd4a2314a8bd888fddfed1a17c60e0e3,faire tourner son noeud,contribuer activement au reseau,https://www.bitstack-app.com/blog/6-raisons-configurer-noeud-bitcoin, comment j'utilise bitcoin,"L'article discute de six raisons importantes pour configurer son propre nœud Bitcoin, mettant en avant l'importance de la self-custody des bitcoins.","Self-custody de bitcoins, Configurer son propre nœud Bitcoin, Confidentialité des transactions, Censure des transactions, Confiance envers les tiers, Stockage de la blockchain, Choix des règles du réseau Bitcoin, Gouvernance de Bitcoin",8,"""6 Raisons Cruciales de Configurer Votre Propre Nœud Bitcoin pour une Self-Custody Sécurisée"""
a4ba46f15a818748b4dc03072401585d,faire tourner son noeud,contribuer activement au reseau,https://unchained.com/blog/why-run-bitcoin-node/, comment j'utilise bitcoin,L'article discute de 7 raisons pour lesquelles il est important de faire fonctionner son propre nœud Bitcoin.,"1. Enforcer les règles de Bitcoin, 2. Vérifier les transactions reçues sans tiers, 3. Améliorer sa vie privée, 4. Réduire la dépendance envers les tiers, 5. Protéger son investissement dans Bitcoin, 6. Prendre le contrôle de sa richesse en Bitcoin, 7. Contribuer à la sécurité et à la résilience de l'écosystème Bitcoin",11,"""7 Raisons Cruciales pour Faire Fonctionner son Propre Nœud Bitcoin"""
69b8eedd84334dbf41f094a08663d243,faire tourner son noeud,contribuer activement au reseau,https://decouvrebitcoin.fr/thematique/noeud/, comment j'utilise bitcoin,"La page thématique ""Les nœuds"" aborde le sujet des nœuds Bitcoin, offrant des informations pour les curieux intéressés par ce domaine spécifique.","Les nœuds Bitcoin, Bitcoin core, Lightning Network, Décentralisation du réseau, Règles du consensus, Transactions Bitcoin, Vie privée, Matériel pour un nœud, Contrôle sur le réseau Bitcoin, MemPool, Block explorer, Portefeuille, Forks, Sécurité, Umbrel, Discord, Minage, Décentralisation, Consensus",7,"""Découverte des Nœuds Bitcoin : Informations Essentielles"""
460382fa812a71e700faf7b656330e6b,faire tourner son noeud,contribuer activement au reseau,https://agora256.com/faire-tourner-son-propre-noeud-avec-bitcoin-core/, comment j'utilise bitcoin,"Le texte aborde l'installation et le fonctionnement d'un n≈ìud Bitcoin avec Bitcoin Core sur Linux, soulignant l'opportunit√© de participer activement au r√©seau Bitcoin en ex√©cutant le logiciel soi-m√™me.","Bitcoin Core, Installation sur Linux (Debian/Ubuntu), Nœud complet, Sécurité, Stockage de données, Téléchargement et vérification, Clés PGP, Interface graphique, Dépendances, Démarrage de bitcoin-qt, Configuration du stockage blockchain",6,"""Guide d'Installation d'un Nœud Bitcoin avec Bitcoin Core sur Linux"""
a33cdc4f0d2027fad041ea9747a07f89,faire tourner son noeud,contribuer activement au reseau,https://btctouchpoint.com/fr/vers-un-ordre-mondial-nodal/, comment j'utilise bitcoin,"Le texte discute de l'évolution vers un ordre mondial nodal à travers l'utilisation de Bitcoin. Il aborde les principes de Bitcoin, son impact sur la société et la culture, ainsi que comment il peut changer les individus. Le contenu propose des ressources telles que des podcasts, des articles, des solutions pratiques, des livres, un lexique, des cours et un blog pour aider à comprendre et utiliser Bitcoin de manière efficace.","Ordre Mondial Nodal, Bitcoin, Inflation, Épanouissement humain, Ludwig von Mises, Pauvreté, Rareté des ressources, Innovation technologique, Révolution industrielle, Théorie de la productivité des salaires, Capital, Progrès technologique, Idéologie publique, Esclavage, Accumulation de capital, Division du travail",48,"""Bitcoin: Vers un ordre mondial nodal - Impact, Culture, et Ressources"""
9755587f40a6d799c741eb578ab637b0,faire tourner son noeud,utiliser lightning sur son propre noeud,https://bitcoiner.guide/lightning/fr/, comment j'utilise bitcoin,"Ce guide Lightning vise à aider les débutants à comprendre le fonctionnement du réseau Lightning en relation avec le réseau Bitcoin. Il utilise un langage simple pour faciliter la compréhension, laissant les détails techniques à d'autres ressources.","Guide de démarrage rapide, Réseau Lightning, Canaux de paiement, Transactions, Avantages et inconvénients, Questions fréquentes, Outils, Ressources supplémentaires, Couche de base Bitcoin, Système en surcouches, Réseau de paiement Lightning, Sécurité et décentralisation, Liquidité entrante, Configuration du nœud, Utilisation de portefeuilles mobiles, Comparaison avec les systèmes financiers traditionnels",21,Guide simplifié du réseau Lightning pour débutants en Bitcoin
07e76d3706f9f6e85878b0ed5ce7d6fe,faire tourner son noeud,utiliser lightning sur son propre noeud,https://asi0.substack.com/p/regardez-tous-ce-quon-peut-faire, comment j'utilise bitcoin,"Le texte met en avant les possibilités offertes par le réseau Lightning de Bitcoin, présentant divers services et activités intéressantes qui peuvent être réalisés grâce à cette technologie.","Portefeuilles et bots LN, Logiciels/hébergement de nœuds LN, Outils, explorateurs, analyseurs, stats LN, Paquets de logiciels, applications et solutions LN, Jeux LN",8,"""Découvrez les Opportunités du Réseau Lightning de Bitcoin"""
fe8638c3cd7bfd29bf8fc9ae196d2296,faire tourner son noeud,utiliser lightning sur son propre noeud,https://asi0.substack.com/p/echanges-sous-marin-entre-le-reseau, comment j'utilise bitcoin,"Le texte discute des échanges sous-marins entre le réseau Bitcoin et Lightning, se concentrant sur le transfert de sats entre les canaux LN et les portefeuilles on-chain.","Submarine swaps, Réseau Bitcoin, Lightning Network, Liquidité, Canaux LN, Loop in / Loop out, Boltz et Loop, RTL et ThunderHub, LNbits, CoinOS.io, Réseau Liquid, Anonymat, VPN, Facture LN, LNURL-pay",15,"""Transfert de sats: Échanges sous-marins entre Bitcoin et Lightning"""
fe8638c3cd7bfd29bf8fc9ae196d2296,faire tourner son noeud,utiliser lightning sur son propre noeud,https://asi0.substack.com/p/echanges-sous-marin-entre-le-reseau, comment j'utilise bitcoin,"Le texte discute des échanges sous-marins entre le réseau Bitcoin et Lightning, se concentrant sur le transfert de sats entre les canaux LN et les portefeuilles on-chain.","Submarine swaps, Réseau Bitcoin, Lightning Network, Liquidité, Canaux LN, Loop in / Loop out, Boltz et Loop, RTL et ThunderHub, LNbits, CoinOS.io, Réseau Liquid, Anonymat, VPN, Facture LN, LNURL-pay",15,"""Transfert de sats: Échanges sous-marins entre Bitcoin et Lightning"""
c4db1aed4aa849a5aee9512cf04ea199,faire tourner son noeud,utiliser lightning sur son propre noeud,https://academie.decouvrebitcoin.fr/courses/ln-202-mise-en-place-dun-noeud-bitcoin-lightning/, comment j'utilise bitcoin,Le cours LN 202 vise à installer un nœud Bitcoin et Lightning à l'aide d'Umbrel tout en analysant la blockchain.,"Mise en place d'un nœud Bitcoin & Lightning, Umbrel, Blockchain, Canaux, Portefeuilles Bitcoin, Transactions, Mineur, Formation technique, Accessible à tous, Pas besoin de savoir coder, Objectif final : compréhension du protocole Bitcoin, Serveur de paiement BTCPay Server, Curriculum, Matériel requis, Contributeurs, Raspberry Pi, Formation pratique, Quiz, Specter, LN Market, Accepter Bitcoin, Révolution Bitcoin",9,"""Installation de nœud Bitcoin et Lightning avec Umbrel et analyse blockchain"""
318439b83ed9150b2242bab1443163b3,faire tourner son noeud,utiliser lightning sur son propre noeud,https://asi0.substack.com/p/maintenance-pour-nud-lightning, comment j'utilise bitcoin,"Le texte aborde le sujet de la maintenance d'un n≈ìud Lightning, offrant des conseils pratiques pour assurer son bon fonctionnement.","Maintenance pour n≈ìud Lightning, Responsabilit√©s de l'op√©rateur de n≈ìud LN, Importance de la maintenance du hardware, Fiabilit√© du n≈ìud LN, Bonnes pratiques pour la maintenance du n≈ìud, Red√©marrage du n≈ìud, Maintien en ligne du n≈ìud, Utilisation d'un ondulateur, Utilisation d'une machine avec RAID, Choix du mat√©riel fiable, Faire des sauvegardes, Fichiers importants √† sauvegard",20,"""Guide pratique pour la maintenance d'un n≈ìud Lightning"""
