id,title,subtitle,links,quadrant,summary,descriptions,time_min,titles
d8c7d37b9241e5d662464eae967861aa,inclusion sociale,1. des services financiers pour tous !,https://www.youtube.com/watch?v=S2Tprt_v8Js, comment bitcoin change societe,Le texte fournit une série de chiffres apparemment aléatoires sans contexte ou explication.,"Numéros, Séquences, Nombre d'octets, Valeurs décimales, Conversion en texte, Chiffres hexadécimaux, Application de conversion",46,"""Décryptage des Chiffres Aléatoires"""
9333fdde468cca8940e3bbbe89250db4,inclusion sociale,1. des services financiers pour tous !,https://www.youtube.com/watch?v=cCfAPMTOP2I, comment bitcoin change societe,"La vidéo d'aujourd'hui présente Sébastien Broussillou en tant qu'envoyé spécial depuis le Congo, interviewant Gloire Kambale, fondateur de Bitcoin Chain Globe. Gloire a lancé un appel aux dons pour aider les sinistrés du volcan Nyiragongo grâce à Bitcoin et au Lightning Network.","Interview avec Glory Kambale, fondateur de Bitcoin Chain Globe, Appel aux dons pour les sinistrés du volcan Nyiragongo, Utilisation de Bitcoin et du Lightning Network pour les dons, Impact positif de l'initiative sur Twitter et Bitcoin Magazine, Facilité d'envoi d'argent au Congo via Lightning, Importance de la technologie dans les situations de crise, Témoignage de Glory Kambale sur son parcours dans le Bitcoin, Situation économique et monétaire difficile au Congo, Problèmes de dévaluation de la monnaie et de bancarisation, Faible utilisation des services banca",23,"""Bitcoin et le Lightning Network au Secours des Sinistrés du Nyiragongo : Appel aux Dons par Gloire Kambale"
e4100d72d7cd176b499e747ae8e5bc6d,inclusion sociale,1. des services financiers pour tous !,https://www.youtube.com/watch?v=aX9FYvM6rFo, comment bitcoin change societe,"Le texte évoque le sujet important de la censure financière, en mettant en lumière l'événement récent du mouvement ""Convoi de la Liberté"" au Canada, qui a perturbé la ville d'Ottawa et les frontières.","Censure financière, Convoi de la liberté au Canada , Mouvement de financement via cross-fading et cross-selling, Bitcoin comme monnaie non censurable, Débats sur la valeur future de Bitcoin, Risques liés à la centralisation financière, Société sans cash et implications, Utilisation de Bitcoin pour financer des mouvements contestataires, Risques associés à l'utilisation de Bitcoin dans des contextes politiques, Dystopie de transactions 100% digitales, Liberté d'expression monétaire, Impacts de la connectivité entre politique et système bancaire",12,"""Mouvement 'Convoi de la Liberté' : La Censure Financière à Ottawa"""
0fc087e67410a28d9dc50103903251e7,inclusion sociale,1. des services financiers pour tous !,https://www.youtube.com/watch?v=nCRVIoyyyck&t=21s, comment bitcoin change societe,"La dernière leçon aborde le choix entre les pilules bleues ou rouges, une référence à Matrix, pour décider du futur désiré. La vidéo souligne l'importance de comprendre l'essor exponentiel de la technologie et son impact sur l'avenir.","Technologie exponentielle, Difficulté de prédire l'avenir, Evolution technologique rapide, Impact de l'IA et de l'automatisation, Disparition probable de certains métiers, Deux options pour l'avenir : freiner ou s'adapter, Redistribution du capital créé par l'IA, Débat sur l'arrêt ou la continuation de l'avancée technologique",NAN,"""Choisir entre les pilules bleues ou rouges : Comprendre l'impact de la technologie sur l'avenir"""
