id,title,subtitle,links,quadrant,summary,descriptions,time_min,titles
4f8c33de4e9b1dbd46ebdc6f30929e1e,l'ecosysteme du protocole bitcoin,1. vue d'ensemble de l'ecosysteme,https://www.youtube.com/watch?v=8eUWm08OXsw, comment bitcoin change societe,"Nicolas Cantu, fondateur de Forren Key, a ouvert une conférence sur l'énergie et les layers, remerciant les participants pour leur présence matinale. La discussion portera sur ces thèmes et les réalisations passées de l'orateur seront abordées.","Nicolas Cantu, fondateur de Forren Key, Conférence sur l'énergie et les layers, Architecture en couches, Principes de Bitcoin, Besoins et contraintes en architecture, Résilience et sécurité, Structuration des couches d'architecture, Production, distribution, circulation, formats, Sécurité et énergie, Distribution de la sécurité, Clés cryptographiques",32,"""Conférence sur l'énergie et les layers par Nicolas Cantu, fondateur de Forren Key"""
b44f30e3c330c0e074600b60810ece34,l'ecosysteme du protocole bitcoin,"2. bitcoin liquid, rgb, rsk",https://www.youtube.com/watch?v=ipBSTuxMlLc, comment bitcoin change societe,"Le réseau liquide est une « sidechain » de Bitcoin, qui est essentiellement une autre blockchain liée à Bitcoin. Contrairement à d'autres sidechains, celle-ci n'a pas sa propre devise native, utilisant plutôt du Bitcoin. Les sidechains permettent de verrouiller des bitcoins sur la chaîne principale et de les déverrouiller sur la sidechain, offrant ainsi de nouvelles capacités et propriétés sans créer de nouvelle monnaie.","Liquid Network, Sidechain, Bitcoin, Lightning Network, One-to-one relationship, Liquid Bitcoin, Block times, Confidential transactions, Tokens, Stable coins, Securities, Blockstream AMP, Policy server, Accredited investor, Qualified investor, White list, Volcano bond, Blockstream Mining Note (BMN) token, Hashrate, Pixmatic, Infinite Fleet, Exo token, Permissioned assets, Tracked assets, Confidentiality",3,"""Le Réseau Liquide : Une Sidechain de Bitcoin Sans Nouvelle Monnaie"""
33c016150d42a229bb9d055cb1279ba1,l'ecosysteme du protocole bitcoin,"2. bitcoin liquid, rgb, rsk",https://www.youtube.com/watch?v=V7SAiJPkZRo, comment bitcoin change societe,"Le texte aborde les aspects techniques et financiers des obligations Bitcoin, en mettant en lumière l'importance du réseau Liquid dans l'écosystème Bitcoin. Les obligations sont tokenisées et émises sur ce réseau.","Bitcoin bond, Liquid network, Lightning network, Sidechain, Confidential transactions, User-issued assets, Blockstream AMP service, Blockstream Mining Note, El Salvador Bitcoin bond, Hardware wallets, Atomic swaps, Liquid assets, Federated system, Block signers, Asset owners, Finality and consensus algorithm",15,"""Les Obligations Bitcoin Tokenisées sur le Réseau Liquid: Un Aperçu Technique et Financier"""
30182d2afd957d9da4635f6f44b23789,l'ecosysteme du protocole bitcoin,"2. bitcoin liquid, rgb, rsk",https://www.youtube.com/watch?v=suxKg7Lx5V4, comment bitcoin change societe,"Olga, membre du conseil de l'association behindRGB depuis 2019 et co-fondatrice de la société FedoraPrime, parle de Bitcoin, de la blockchain et de RGB. Elle offre un aperçu de ce qu'est RGB et de son fonctionnement.","Musique, Association, RGB, Bitcoin, Blockchain, Contrats intelligents, Souveraineté, Monnaie, Banques, Échanges centralisés, Sécurité, Système financier, Hacks, Clés cryptographiques, Spéculation, Bitcoin, DeFi, Chaînes de blocs",60,"""Découverte de Bitcoin, Blockchain et RGB : Entretien avec Olga de FedoraPrime"""
695bc654dc860f40fd4bb9ddf9ee738d,l'ecosysteme du protocole bitcoin,"3. ecash, fedimint, cashu",https://www.youtube.com/watch?v=kUJmHo990Fk, comment bitcoin change societe,"Kelly et Peter discutent de noms secrets, avec Peter révélant que son vrai nom est Ben. Ils évoquent l'anonymat et l'utilisation de pseudonymes. Peter exprime sa gratitude envers Kelly pour l'invitation à son émission.","Noms secrets, Anonymat, Identité réelle, Disguise, Bar de Bitcoin, Succès, Mentor, Contributeur, Projet Alan Bits, Collaboration, Ecash, Projet Cashew, Communauté Bitcoin, David Chaum, Cryptographe légendaire, Cryptomonnaie, Système de paiement, Signatures aveugles, Confidentialité, Système de cash électronique, Décentralisation, Réflexion, Cryptomonnaie historique, Système bancaire, Système décentralisé",81,"""Révélation de noms secrets et gratitude: Une discussion sur l'anonymat et les pseudonymes"""
695bc654dc860f40fd4bb9ddf9ee738d,l'ecosysteme du protocole bitcoin,"3. ecash, fedimint, cashu",https://www.youtube.com/watch?v=kUJmHo990Fk, comment bitcoin change societe,"Kelly et Peter discutent de noms secrets, avec Peter révélant que son vrai nom est Ben. Ils évoquent l'anonymat et l'utilisation de pseudonymes. Peter exprime sa gratitude envers Kelly pour l'invitation à son émission.","Noms secrets, Anonymat, Identité réelle, Disguise, Bar de Bitcoin, Succès, Mentor, Contributeur, Projet Alan Bits, Collaboration, Ecash, Projet Cashew, Communauté Bitcoin, David Chaum, Cryptographe légendaire, Cryptomonnaie, Système de paiement, Signatures aveugles, Confidentialité, Système de cash électronique, Décentralisation, Réflexion, Cryptomonnaie historique, Système bancaire, Système décentralisé",81,"""Révélation de noms secrets et gratitude: Une discussion sur l'anonymat et les pseudonymes"""
695bc654dc860f40fd4bb9ddf9ee738d,l'ecosysteme du protocole bitcoin,"3. ecash, fedimint, cashu",https://www.youtube.com/watch?v=kUJmHo990Fk, comment bitcoin change societe,"Kelly et Peter discutent de noms secrets, avec Peter révélant que son vrai nom est Ben. Ils évoquent l'anonymat et l'utilisation de pseudonymes. Peter exprime sa gratitude envers Kelly pour l'invitation à son émission.","Noms secrets, Anonymat, Identité réelle, Disguise, Bar de Bitcoin, Succès, Mentor, Contributeur, Projet Alan Bits, Collaboration, Ecash, Projet Cashew, Communauté Bitcoin, David Chaum, Cryptographe légendaire, Cryptomonnaie, Système de paiement, Signatures aveugles, Confidentialité, Système de cash électronique, Décentralisation, Réflexion, Cryptomonnaie historique, Système bancaire, Système décentralisé",81,"""Révélation de noms secrets et gratitude: Une discussion sur l'anonymat et les pseudonymes"""
695bc654dc860f40fd4bb9ddf9ee738d,l'ecosysteme du protocole bitcoin,"3. ecash, fedimint, cashu",https://www.youtube.com/watch?v=kUJmHo990Fk, comment bitcoin change societe,"Kelly et Peter discutent de noms secrets, avec Peter révélant que son vrai nom est Ben. Ils évoquent l'anonymat et l'utilisation de pseudonymes. Peter exprime sa gratitude envers Kelly pour l'invitation à son émission.","Noms secrets, Anonymat, Identité réelle, Disguise, Bar de Bitcoin, Succès, Mentor, Contributeur, Projet Alan Bits, Collaboration, Ecash, Projet Cashew, Communauté Bitcoin, David Chaum, Cryptographe légendaire, Cryptomonnaie, Système de paiement, Signatures aveugles, Confidentialité, Système de cash électronique, Décentralisation, Réflexion, Cryptomonnaie historique, Système bancaire, Système décentralisé",81,"""Révélation de noms secrets et gratitude: Une discussion sur l'anonymat et les pseudonymes"""
be5b8083b7cd1bf3daf9faf10c8e744b,l'ecosysteme du protocole bitcoin,"3. ecash, fedimint, cashu",https://www.youtube.com/watch?v=G4iclApJL0c&t=46s, comment bitcoin change societe,"Le texte présente une discussion sur Fetty Mint et l'utilisation de ecash comme solution d'évolutivité pour le réseau Lightning. L'orateur, Pete Win, passionné de Bitcoin, partage des réflexions concernant fetiment.org.","Fediment, Documentation, Bitcoin, Ecash, Lightning, Scalability, Open source contributions, Product leader, Core technology components, Community custody platform, Trusted community members, Privacy, Lightning payments, UTXOs, Channel factories, Coin pools, Custodians, Scalability solutions, Billion users, Financial transactions",NAN,"""Exploration de Fetty Mint et de l'eCash pour le Lightning Network par Pete Win"""
695bc654dc860f40fd4bb9ddf9ee738d,l'ecosysteme du protocole bitcoin,"3. ecash, fedimint, cashu",https://www.youtube.com/watch?v=kUJmHo990Fk, comment bitcoin change societe,"Kelly et Peter discutent de noms secrets, avec Peter révélant que son vrai nom est Ben. Ils évoquent l'anonymat et l'utilisation de pseudonymes. Peter exprime sa gratitude envers Kelly pour l'invitation à son émission.","Noms secrets, Anonymat, Identité réelle, Disguise, Bar de Bitcoin, Succès, Mentor, Contributeur, Projet Alan Bits, Collaboration, Ecash, Projet Cashew, Communauté Bitcoin, David Chaum, Cryptographe légendaire, Cryptomonnaie, Système de paiement, Signatures aveugles, Confidentialité, Système de cash électronique, Décentralisation, Réflexion, Cryptomonnaie historique, Système bancaire, Système décentralisé",81,"""Révélation de noms secrets et gratitude: Une discussion sur l'anonymat et les pseudonymes"""
695bc654dc860f40fd4bb9ddf9ee738d,l'ecosysteme du protocole bitcoin,"3. ecash, fedimint, cashu",https://www.youtube.com/watch?v=kUJmHo990Fk, comment bitcoin change societe,"Kelly et Peter discutent de noms secrets, avec Peter révélant que son vrai nom est Ben. Ils évoquent l'anonymat et l'utilisation de pseudonymes. Peter exprime sa gratitude envers Kelly pour l'invitation à son émission.","Noms secrets, Anonymat, Identité réelle, Disguise, Bar de Bitcoin, Succès, Mentor, Contributeur, Projet Alan Bits, Collaboration, Ecash, Projet Cashew, Communauté Bitcoin, David Chaum, Cryptographe légendaire, Cryptomonnaie, Système de paiement, Signatures aveugles, Confidentialité, Système de cash électronique, Décentralisation, Réflexion, Cryptomonnaie historique, Système bancaire, Système décentralisé",81,"""Révélation de noms secrets et gratitude: Une discussion sur l'anonymat et les pseudonymes"""
695bc654dc860f40fd4bb9ddf9ee738d,l'ecosysteme du protocole bitcoin,"3. ecash, fedimint, cashu",https://www.youtube.com/watch?v=kUJmHo990Fk, comment bitcoin change societe,"Kelly et Peter discutent de noms secrets, avec Peter révélant que son vrai nom est Ben. Ils évoquent l'anonymat et l'utilisation de pseudonymes. Peter exprime sa gratitude envers Kelly pour l'invitation à son émission.","Noms secrets, Anonymat, Identité réelle, Disguise, Bar de Bitcoin, Succès, Mentor, Contributeur, Projet Alan Bits, Collaboration, Ecash, Projet Cashew, Communauté Bitcoin, David Chaum, Cryptographe légendaire, Cryptomonnaie, Système de paiement, Signatures aveugles, Confidentialité, Système de cash électronique, Décentralisation, Réflexion, Cryptomonnaie historique, Système bancaire, Système décentralisé",81,"""Révélation de noms secrets et gratitude: Une discussion sur l'anonymat et les pseudonymes"""
695bc654dc860f40fd4bb9ddf9ee738d,l'ecosysteme du protocole bitcoin,"3. ecash, fedimint, cashu",https://www.youtube.com/watch?v=kUJmHo990Fk, comment bitcoin change societe,"Kelly et Peter discutent de noms secrets, avec Peter révélant que son vrai nom est Ben. Ils évoquent l'anonymat et l'utilisation de pseudonymes. Peter exprime sa gratitude envers Kelly pour l'invitation à son émission.","Noms secrets, Anonymat, Identité réelle, Disguise, Bar de Bitcoin, Succès, Mentor, Contributeur, Projet Alan Bits, Collaboration, Ecash, Projet Cashew, Communauté Bitcoin, David Chaum, Cryptographe légendaire, Cryptomonnaie, Système de paiement, Signatures aveugles, Confidentialité, Système de cash électronique, Décentralisation, Réflexion, Cryptomonnaie historique, Système bancaire, Système décentralisé",81,"""Révélation de noms secrets et gratitude: Une discussion sur l'anonymat et les pseudonymes"""
9597faed39dd5f3f3d190e537c54a4a0,l'ecosysteme du protocole bitcoin,1. vue d'ensemble de l'ecosysteme,https://www.ekosys.org/, comment bitcoin change societe,"Le texte présente deux solutions liées à la technologie de la couche 2 du protocole Bitcoin : Taro et Eltoo. Taro utilise Taproot pour la création et l'échange d'actifs de la couche 2, tandis qu'Eltoo est une couche d'exécution supplémentaire pour le Lightning Network permettant une meilleure évolutivité des canaux.","Bitcoin Ekosys, Lightning Network, Layer 2, Taproot, Eltoo, Atomic Swaps, Loop, Atomic Multipath Payments (AMP), Faraday, Lightning Channel Lease (LCL) Protocol, Thora, CryptoMaze, D-LNBot, Boomerang, Spear, REBAL, Sleepy Channels, HIDE & SEEK, WebFlow, Periscope, LNGate, FPPW, BFastPay, n-HTLC, LightPIR",9,"""Technologies de couche 2 Bitcoin : Taro et Eltoo pour une évolutivité améliorée"""
c68c6e8fa60e51001fb8f6134e1f86f2,l'ecosysteme du protocole bitcoin,1. vue d'ensemble de l'ecosysteme,https://www.buildonl2.com/, comment bitcoin change societe,"Le texte présente le code source d'une fonction en C++ appelée CheckProofOfWork, utilisée par les développeurs de Bitcoin. Cette fonction vérifie si un hash satisfait les conditions de preuve de travail pour être valide. Elle compare le hash avec une cible prédéfinie pour déterminer sa validité dans le contexte du protocole Bitcoin.","Principaux sujets abordés dans le texte :, , 1. Communauté pour les constructeurs de Bitcoin, 2. Fonction ""CheckProofOfWork"", 3. Communauté de construction sur Liquid, 4. Communauté de construction sur Lightning, 5. Connexion avec des pairs, 6. Infrastructure pour les constructeurs de Bitcoin, 7. Confidential Transactions, 8. Miniscript, 9. Liquidity Ads, 10. CLBOSS, 11. Federations, 12. Elements, 13. BOLT12, 14. Greenlight, 15. Simplicity, 16. Covenants, 17. PeerSwap, 18. Plugins, 19. Interaction, 20. Processus de travail, 21. Les personnes impliquées",2,"""Vérification de la Preuve de Travail dans le Protocole Bitcoin"""
8d3c1d38821857e3c0676f2a9a94606f,l'ecosysteme du protocole bitcoin,"2. bitcoin liquid, rgb, rsk",https://bitcoin.fr/breve-introduction-au-protocole-rgb/, comment bitcoin change societe,"Le texte fournit une introduction succincte sur le protocole RGB. Le contenu inclut des informations sur Bitcoin, des logiciels et des applications, l'obtention et la dépense de BTC. Il invite les utilisateurs à se connecter et propose des ressources pour approfondir la compréhension de Bitcoin.","Protocole RGB, Évolutivité de Bitcoin, Lightning Network, Protocoles off-chain, Smart-contracts, RGB comme système d'actifs, Caractéristiques de RGB, Utilisation de la blockchain Bitcoin, RGB vs Ethereum",,Découverte du Protocole RGB: Guide Complet sur Bitcoin et ses Applications
c2ad49fba1415a33a829ea1b7adb6cef,l'ecosysteme du protocole bitcoin,"2. bitcoin liquid, rgb, rsk",https://youtu.be/w68994lQMgA?t=839, comment bitcoin change societe,"Les NFTs sur Bitcoin sont discutés sur YouTube, soulevant des questions sur leur impact potentiel sur la crypto.","NFTs, Bitcoin, Menace, Crypto, Fanis Michalakis, YouTube, Présentation, Droits d'auteur, Contact, Publicité, Développeurs, Conditions d'utilisation, Confidentialité, Règles et sécurité, Google LLC",,"""Les NFTs sur Bitcoin: Débat sur leur Impact dans le Monde de la Crypto"""
e85be212b465715540b2e2aad924b6cd,l'ecosysteme du protocole bitcoin,"2. bitcoin liquid, rgb, rsk",https://bitcoin.fr/rootstock-bitcoin-pour-les-smart-contracts/, comment bitcoin change societe,Le texte parle de l'intégration du Bitcoin dans les smart contracts via le concept de Rootstock. Il met en avant la possibilité d'utiliser Bitcoin pour des applications basées sur des contrats intelligents.,"Rootstock, Plateforme de smart contracts, Bitcoin, Ethereum, Verrouillage de bitcoin, Rootcoin (RTC), Conversion en bitcoins, Test en cercle fermé, Développement d'outils, Réduction de la pression sur la blockchain, Consommation énergétique, Protocole PoS, Valeur des coins PoW, Perspectives pour Bitcoin",,"""Intégration du Bitcoin dans les smart contracts avec Rootstock : une nouvelle perspective"""
39d419c7aa6be3bc47ae039fd3b08df8,l'ecosysteme du protocole bitcoin,"3. ecash, fedimint, cashu",https://fedimint.org/docs/intro, comment bitcoin change societe,"Le texte fournit un guide pour débuter avec Fedimint, expliquant son fonctionnement, les composants technologiques de base, les transactions, les compromis à prendre en compte et les définitions associées. Il est mentionné que ce guide est un document vivant élaboré par la communauté, invitant les retours des utilisateurs.","Débuter, Fedimint, Fédérations, Technologie centrale, Transactions Fedimint, Exécution d'un commerce Fedimint, Termes et définitions, Détails Fedimint, Questions fréquemment posées, Documentation, Protocole open source modulaire, Garde et transaction de Bitcoin, Auto-garde, Communauté de confiance, Onboarding local, Protocole, Utilisation, Audience non technique, Bitcoin design community",,"""Guide Débutant pour Fedimint : Composants Technologiques, Transactions et Compromis"""
