id,title,subtitle,links,quadrant,summary,descriptions,time_min,titles
7aa55a21414a9513580db849458c3d7c,liberte,liberte  et souverainete individuelle,https://www.youtube.com/watch?v=a-72AAuHU-o, comment bitcoin influ culture,"Le texte parle d'une présentation sur le Bitcoin et les libéraux lors d'un événement à Dax. L'intervenant partage ses connaissances sur le Bitcoin après l'avoir étudié pendant près de 7 ans, ayant assisté à de nombreuses conférences internationales et rencontré des experts.","Bitcoin, Liberté, Libéraux, Monnaie en devenir, Système de paiement, Tiers de confiance, Technologies sophistiquées, Révolutionnaire, Jetons informatiques, Monnaie virtuelle, Transition vers une monnaie, Sécurité, Emission limitée, Utilisation comme monnaie",45,"""Présentation Expert: Bitcoin et Libéraux à Dax"""
1a74dfeb43011ee41d462e0fdfd37bd6,liberte,liberte  et souverainete individuelle,https://www.youtube.com/watch?v=6Tr4-DL1c1s, comment bitcoin influ culture,"Chaque année, la Human Rights Foundation organise l'Oslo Freedom Forum, un événement réunissant des activistes des droits de l'homme du monde entier en Norvège. Lors de l'édition de cette année, j'ai rencontré Gigi, un bitcoiner et ingénieur logiciel reconnu pour ses contributions à Bitcoin. Il a publié le livre ""21 Lessons"" et travaille actuellement sur un deuxième ouvrage intitulé ""21 Ways"", mettant l'accent sur la confidentialité, la sécurité et les logiciels libres.","Oslo Freedom Forum, Gigi (Bitcoiner, software engineer), Freedom: speech, movement, constructing life, Disconnect: freedom in Western vs. authoritarian regimes, Lack of freedom in some countries, Education on freedom of speech, Importance of freedom of speech, Violence vs. freedom of speech, Offending vs. silencing speech, Historical importance of freedoms and rights.",52,"""Rencontre avec Gigi : Un Bitcoiner Engagé aux Oslo Freedom Forum"""
b3107b87f94066e9d6bc4ecccb10e52b,liberte,liberte  et souverainete individuelle,https://www.youtube.com/watch?v=qNkK16kop_s, comment bitcoin influ culture,"L'interview à venir est considérée comme l'une des plus importantes de l'année en raison des sujets à aborder malgré les distractions des mouches. L'intervieweur considère ce rendez-vous comme crucial, remontant à une discussion antérieure il y a environ six à huit mois.","Entrevue importante, Introduction à Bitcoin, Risques des CBDC, Importance de l'éducation sur Bitcoin, Parcours professionnel, Fondation Bitcoin du Texas, Réflexion sur la société et la technologie, Objectifs de la fondation, Alignement des marques du Texas Blockchain Council et de la Texas Bitcoin Foundation, Valeur de Bitcoin au-delà de sa tokenisation, Réimagination de la relation entre l'État et la société",109,"""Une Interview Cruciale Malgré les Distractions des Mouches"""
aea188e440cc4e72039dda48e568f6b6,liberte,liberte  et souverainete individuelle,https://learn.heyapollo.com/blog/bitcoin-and-the-marketplace-of-ideas-how-bitcoin-embodies-free-speech, comment bitcoin influ culture,"Bitcoin est présenté comme l'incarnation technologique de la liberté d'expression en raison de son réseau décentralisé et sans autorisation. Cet article explore les conséquences légales et philosophiques de cette idée, mettant en avant l'importance de l'échange transparent d'idées pour la découverte de vérités et le progrès intellectuel.","Bitcoin comme réseau décentralisé, Liberté d'expression, Importance de la liberté d'expression dans la découverte de la vérité, Première amendement des États-Unis, Marketplace of Ideas, Oliver Wendell Holmes Jr., William Douglas, Défense de la liberté d'expression par Holmes et Douglas, Impact sur le droit constitutionnel moderne et les libertés civiles, Décentralisation de Bitcoin, Importance de la liberté de mathématiques et de la parole",7,"""Bitcoin : Liberté d'Expression et Transparence pour la Vérité"""
