id,title,subtitle,links,quadrant,summary,descriptions,time_min,titles
045a0d1df2aab3dfcbccf59a9332f38a,mon commerce et bitcoin,apparaitre sur la carte des commerces acceptant bitcoin !,https://www.youtube.com/watch?v=cMJDdQx9jl8&t=360s, comment j'utilise bitcoin,"Le projet BTC Maps est une solution populaire parmi les détenteurs de Bitcoin car il offre une carte indiquant les endroits où payer avec cette cryptomonnaie, comblant ainsi un manque dans les options de paiement Bitcoin.","BTC map, Carte Bitcoin, Carte open source, Communautés, Ambassadeurs, Nouvelles communautés, Shadowit Super Tagueur, Contributeur, OpenStreetMap, Commerces acceptant Bitcoin, Vérification des informations, Statistiques, Dashboard, Nombre de commerces acceptant Bitcoin, Paiement en Lightning et NFC, Nombre de communautés",NAN,"""BTC Maps : Localiser les lieux de paiement Bitcoin"""
d8c833308b179e8fd904779e12792d8c,mon commerce et bitcoin,utiliser lnbits,https://www.youtube.com/watch?v=9cvxCL4ADE4, comment j'utilise bitcoin,"ln bits est un ensemble d'outils et d'applications polyvalents pour le réseau Lightning, utilisables en ligne ou en conjonction avec votre propre nœud Lightning. Ben de BTCSessions explique comment s'installer et propose des exemples d'applications à tester. Un sponsor mentionné est shakepay.com, pour l'achat de bitcoin au Canada.","ln bits, Applications on the lightning network, Setting up ln bits, Examples of applications, Sponsors: shakepay.com, ledden.io, bitrefill.com, Keystone, Bill Foddle, Features of different services: loans, savings accounts, gift cards, hardware wallet, backups, Using lightning wallet, Recommended lightning wallets: Zebedee, Blue Wallet, Breez, Wallet of Satoshi, Running your own lightning node, Demo with a hosted node through Voltage",52,"""Exploration de ln bits : Applications polyvalentes pour le réseau Lightning"""
9b73ce69c125cde4eabf9c92a4aa548b,mon commerce et bitcoin,utiliser lnbits,https://www.youtube.com/watch?v=ZTjFalYeOlA, comment j'utilise bitcoin,"Un clic sur une application disponible sur votre nœud Bitcoin pourrait vous permettre d'ajouter de nouvelles fonctionnalités incroyables, telles que l'utilisation de cartes de débit Bitcoin, la distribution de Bitcoin, la gestion d'un jukebox sur le réseau Lightning, et bien plus encore. Ne pas utiliser cette application vous ferait passer à côté de nombreuses possibilités offertes par votre nœud Bitcoin.","Application LNbits, Fonctionnalités de LNbits, Utilisation de Bitcoin et lightning network, Collaboration avec la communauté Kwa-Meyi, Sterkspruit en Afrique du Sud, Créateur de LNbits: Ben Arc, Projets de Ben Arc: terminaux POS hors ligne, distributeurs automatiques de Bitcoin hors ligne, Discussion sur les fonctionnalités de LNbits avec Ben Arc, Installation de LNbits sur différents appareils, Configuration de services payants pour rendre LNbits accessible, Utilisation de reverse proxies pour partager des applications sur le web clair, Démonstration de l'application LNbits sur Citadel",29,"""Maximisez les Possibilités de Votre Nœud Bitcoin avec des Applications Innovantes"""
4962bd7eea5f3d4d8b1f182800404bac,mon commerce et bitcoin,utiliser lnbits,https://decouvrebitcoin.fr/lnbits-overview/, comment j'utilise bitcoin,"Le texte fournit un aperçu de la plateforme LNBits, mettant en avant l'expérience utilisateur et la découverte du programme. Il présente diverses ressources et sujets liés à Bitcoin, notamment la monnaie, les portefeuilles, la technique Bitcoin et le Lightning Network, avec des thèmes tels que l'écologie, la sécurité, l'achat de bitcoins, et l'aspect juridique. Le contenu aborde également des sujets comme El Salvador, Bitcoin dans l'art, les podcasts, les commerçants, et le projet en général.","LNBits, Système de gestion des factures, Wallet, Plugins pré-programmés, Factures simples et variées, Extensions LNbits, Nœuds communautaires, Canaux de paiement, Loterie et jeux, Interface du portefeuille LNbits, Comptabilité traditionnelle et cryptographique, Paiements de type L3, Source de financement de réseau Lightning, Instances LNbit, Test public et GitHub, Vidéos tutorielles, Formations SECU 101, Prismes Lightning, Utilisation de Lightning au-delà des paiements instantanés",9,"""Découverte de LNBits : Exploration du Monde Bitcoin et du Lightning Network"""
