id,title,subtitle,links,quadrant,summary,descriptions,time_min,titles
87b0bb325c23809505759b26bb99e444,nostr,1. protocole de  communication p2p resistant a la censure,https://www.youtube.com/watch?v=8GhEezzto4Y, comment j'utilise bitcoin,Preston Pysh et William Casarin discutent de l'enthousiasme autour du sujet de Nostr et se préparent à une conversation passionnante sur ce thème.,"Nostr (décentralisation des réseaux sociaux), Problème de contrôle politique et bancaire, Effets de centralisation dans les réseaux mondiaux, Protocoles Internet et Nostr, Communication entre serveurs, Décentralisation des risques et de la censure",50.0,"""Passion pour Nostr: Une Discussion Enthousiaste avec Preston Pysh et William Casarin"""
b2196aff8748fda35dfdbfb1439cf4d8,nostr,1. protocole de  communication p2p resistant a la censure,https://www.youtube.com/watch?v=634DvERKauA, comment j'utilise bitcoin,"La conversation évoque des retrouvailles après un an, soulignant l'intérêt pour les échanges passés. L'année écoulée a été marquée par des discussions variées, notamment sur le sujet de la gnose, avec une appréciation mutuelle des conversations.","Social media, Noster, Developer, Open source software, Freedom, Bitcoin, Austrian economics, Libertarianism, Governance, Gold, Political solutions, Government size, Humbleness, Financial investment",153.0,"""Retrouvailles et échanges sur la gnose : Une année de conversations enrichissantes"""
d0ff571fc310299c33af2caf23225df8,nostr,1. protocole de  communication p2p resistant a la censure,https://www.austrich.net/nostr/, comment j'utilise bitcoin,"Le texte présente une variété de projets et ressources liés à Nostr, notamment des guides, des applications et des clients. Il est question de divers outils tels que Nosta pour la création de profils Nostr et des clients comme Agora, Amethyst et Camelus. Les ressources et projets Nostr couvrent une gamme d'applications Web, iOS, Android et Python.","Nostr : Plateforme et projets associés, Clients Nostr : Applications et plateformes, Extensions de signature Nostr, Hébergement de fichiers multimédias sur Nostr, Répertoires et relais Nostr, Relais payants et spéciaux, Portefeuilles compatibles avec Lightning Network, Projets contournant les limitations de Damus, Podcasts et badges sur Nostr, Services de vérification et génération de clés, Implémentations de relais Nostr, Guides d'installation de relais Nostr",,"""Exploration des Projets et Ressources Nostr: Guides, Applications et Clients"""
a2c72ca0ccf24b7adfce19dc659dc30a,nostr,1. protocole de  communication p2p resistant a la censure,https://decouvrebitcoin.fr/nostr/, comment j'utilise bitcoin,"Le texte parle de Nostr, un potentiel futur réseau social basé sur la technologie blockchain. On y aborde le lien entre Bitcoin et les réseaux sociaux, offrant une perspective intéressante sur l'évolution des plateformes en ligne.","Nostr, Protocole de communication, Utilisateurs, applications, relais, Identité utilisateur, Transmission de messages, Cryptographie, NIP (Nostr Improvement Proposal), Flexibilité du protocole, Applications variées (type Twitter, serveur à serveur), Résistance à la censure, Décentralisation, Blockchain, Steem, Gouvernance distribuée, Monétisation",12.0,"""La convergence de Bitcoin et des réseaux sociaux : Nostr, une innovation basée sur la technologie blockchain"""
6430cd44f957d2c4605a4a805f439df7,nostr,1. protocole de  communication p2p resistant a la censure,https://tftc.io/martys-bent/issue-1310-the-potential-power-of-nostr/, comment j'utilise bitcoin,"Le texte discute du potentiel de NostrMenu et de ce que les partisans de ""Web 3.0"" pensent construire. Il met en avant l'importance des protocoles open-source dans cette évolution plutôt que des entités centralisées.","NostrMenu, Protocole de publication Nostr, Censure résistante, Clés publique-privée, Serveurs relais, Lightning Network, Adresses Lightning, Échanges privés de clés Bitcoin, Intégration de Nostr dans les produits, Identité intégrée, Interopérabilité, Mécanisme de démarrage intrinsèque",6.0,"""Le potentiel de NostrMenu et l'avènement des protocoles open-source dans le Web 3.0"""
