id,title,subtitle,links,quadrant,summary,descriptions,time_min,titles
1ee5009bbb97ee53ba4d1fff630b3243,nutrition & sante,examen critique des approches de sante et nutrition fiat,https://www.youtube.com/watch?v=IW7WwLhUQvU&t=1465s, comment bitcoin change societe,"Certains travailleurs précaires, comme les aide-soignants et les secrétaires à mi-temps, font face à des difficultés financières importantes en raison de la pandémie. Ils ne bénéficient pas d'aides sociales et doivent faire face seuls à des situations de crise.","Impact économique sur les soignants suspendus, Agonie du système de santé et de la société, Obligation vaccinale et suspension de professionnels, Conséquences personnelles et professionnelles des suspensions, Défaut de soutien social pour les suspendus, Défis financiers pour les professionnels de la santé, Renouveau du système de santé, Solutions proposées pour améliorer les soins de santé",NAN,"""Précarité financière des travailleurs précaires en temps de pandémie"""
395e7e9d1a1e64a78ed544a2509efa33,nutrition & sante,examen critique des approches de sante et nutrition fiat,https://www.youtube.com/watch?v=NouUpQf2fcI&list=PL_nQ8kZARIe01xBNJTi2YujKSXCJQ_Sf4&index=82, comment bitcoin change societe,"Nina Teicholz, autrice renommée, est l'invitée du podcast ""The Bitcoin Standard"". Elle est présidente de la Nutrition Coalition et auteure de ""The Big Fat Surprise"", un ouvrage acclamé sur l'alimentation. Le livre a remporté plusieurs prix et a été finaliste pour des récompenses journalistiques.","Nina Teicholz, Journaliste scientifique et diététique, Auteure de ""The Big Fat Surprise"", Directrice exécutive de la Nutrition Coalition, Controverse sur l'alimentation et la nutrition, Rôle de l'ingénierie dans la pensée critique, Mary Enig et son travail sur les graisses trans, Histoire de la persécution de Mary Enig, Impact des huiles végétales sur la santé, Découverte des graisses trans et leurs effets, Rôle de l'ingéniosité dans l'analyse critique",NAN,"""Nina Teicholz: Experte en nutrition et auteure primée"""
f6bf461584e93f7fcc254442268cdca5,nutrition & sante,examen critique des approches de sante et nutrition fiat,https://www.youtube.com/watch?v=4JPJglk80OE, comment bitcoin change societe,"Le podcast Bitcoin Standard propose des séminaires de Safetydean.com, une plateforme d'apprentissage en ligne indépendante. Les cours en ligne sur l'économie du Bitcoin et de l'économie de l'École autrichienne sont disponibles. Rejoignez les deux séminaires hebdomadaires en direct, lisez les livres avant leur publication, et inscrivez-vous pour accéder au brouillon de mon prochain manuel d'économie. Profitez de cinq cours en ligne complets basés sur mes livres ""The Bitcoin Standard"", ""The Fiat Standard"" et ""Principles of Economics"".","Bitcoin standard podcast, Séminaires de safety dean.com, Plateforme d'apprentissage en ligne indépendante, Cours en ligne sur l'économie du Bitcoin et l'économie de l'École autrichienne, Séminaires en direct hebdomadaires, Livres à venir sur l'économie, Crowd Health: alternative aux assurances santé Fiat, Réserves en Bitcoin, négociation avec les fournisseurs de soins de santé, Coinbits: application pour introduire Bitcoin aux proches, Arrondi des achats en Bitcoin, Coinbitsapp.com: épargne en Bitcoin, Coincide: mat",94,"""Formations en ligne sur l'économie du Bitcoin et de l'École autrichienne avec le podcast Bitcoin Standard"""
d14936cadf53f2c8d619aea1806f9cde,nutrition & sante,degradation des habitudes alimentaires,https://www.youtube.com/watch?v=yfiWjnStE3w, comment bitcoin change societe,"Le texte souligne l'importance de se permettre de se relâcher quelques fois par an, notamment pendant les périodes de vacances et de festivités. Il met en avant le fait qu'il est normal de profiter de ces moments sans se soucier d'un régime strict.","Laisser aller / se laisser aller, Vacances / congés / relâchement, Alimentation / régime alimentaire, Acceptation de soi / positivité corporelle, Obésité / prise de poids, Santé / bien-être / fitness, Critique de la célébration de l'obésité, Conséquences de l'obésité sur la santé, Société / normes sociales, Promotion de l'obésité / excuses, Problèmes de santé liés à l'obésité, Défis de la perte de poids, Amélioration de soi / efforts,",7,"""La valeur de se détendre pendant les vacances: Laisser de côté les régimes stricts"""
eac85e756b8e559ff5cc988430146d4e,nutrition & sante,degradation des habitudes alimentaires,https://www.youtube.com/watch?v=Gxrf8XO17ew&t=2273s, comment bitcoin change societe,"Le podcast ""Themeat Mafia"" vise à fournir aux auditeurs une information précieuse pour les inciter à améliorer leur santé. L'accent est mis sur l'inspiration pour un changement radical. L'équipe exprime sa gratitude envers les auditeurs pour leur soutien continu.","Podcast ""The Meat Mafia"", Objectif: inspirer le changement de santé, Support utilisateur et sponsors, Annonce des sponsors: Carnivore Bar, Holy Cow Beef, Crowd Health, Produits: Pemmican, Beef regeneratively raised, Grass-fed, Grass-finished, Soutien via Fountain App et Bitcoin, Carnivore Bar: barre de pemmican, Holy Cow Beef: élevage bovin regeneratively raised, Carnivore Bar: ingrédients simples (boeuf, saindoux, sel), Holy Cow Beef: élevage grass-fed, grass-finished, Ratio omega-3 à omega-6, inflammation",NAN,"""Themeat Mafia: Inspiration pour une Santé Améliorée"""
5ba265d6efee15de57d2202b497920a1,nutrition & sante,degradation des habitudes alimentaires,https://www.youtube.com/watch?v=lk4nF0UgSlE, comment bitcoin change societe,"Western Price a identifié trois facteurs clés après avoir étudié diverses populations du monde dans les années 1930. Il a voyagé et vécu avec des populations autochtones, comme les Eskimos en Amérique du Nord, les habitants de Fidji, d'Afrique et d'une vallée isolée en Suisse.","Western Price, Etude des populations natives, Alimentation traditionnelle, Vitamines liposolubles, Santé bucco-dentaire, Changements cranio-faciaux, Tuberculose, Maladies chroniques, Régime alimentaire moderne, Comparaison entre populations traditionnelles et modernes, Santé physique et forme physique, Absence de maladies et affections, Photos de populations traditionnelles",3,Les Trois Facteurs Clés de Western Price: Une Étude Mondiale des Populations Autochtones
ea6619f840296acff8304e6ece075716,nutrition & sante,retour aux fondamentaux - ne te fie pas : verifie !,https://www.youtube.com/watch?v=IW7WwLhUQvU&t=2735s, comment bitcoin change societe,"Certains travailleurs, tels que les aide-soignants et les secrétaires à mi-temps, se retrouvent sans filet de sécurité financière en cas de crise, sans accès aux congés payés ou au chômage. Cette situation expose à des difficultés graves et souligne les lacunes du système de protection sociale.","Crise du système de santé, Conséquences des suspensions professionnelles, Obligation vaccinale, Difficultés financières des soignants suspendus, Impact personnel et professionnel des suspensions, Statistiques et témoignages dans les médias, Salaires des médecins, Comparaison entre secteur public et privé de la santé",NAN,"""Vulnérabilité des Travailleurs Précaires : Lacunes dans la Protection Sociale"""
42710a9dc7caba56997325a62850a36e,nutrition & sante,retour aux fondamentaux - ne te fie pas : verifie !,https://www.youtube.com/watch?v=wYC-_HaBcVU, comment bitcoin change societe,"Interview with Arctic explorer Vilhjalmur Stefansson, who tried to promote the carnivore diet on American television in the 1950s but was not successful.","Interview avec Wilhelmer Stefanson, Explorateur de l'Arctique, Régime carnivore, Vie des peuples autochtones, Conditions d'exploration, Athlètes et régime carnivore, Expériences polaires, Noms et origines, Contacts avec le Canada, Visite de dirigeants, Expéditions polaires, Guerre mondiale, Contributions aux forces aériennes, Visites répétées en Arctique, Objectifs scientifiques vs touristiques",30,"""Entretien avec l'explorateur de l'Arctique Vilhjalmur Stefansson sur le régime carnivore à"
7f37857a4b5edad21baa652afb30f120,nutrition & sante,retour aux fondamentaux - ne te fie pas : verifie !,https://www.youtube.com/watch?v=kXYpo2uH3LA&list=PL_nQ8kZARIe01xBNJTi2YujKSXCJQ_Sf4&index=85, comment bitcoin change societe,"Dr. Paul Saladino, a former vegan turned carnivore, discusses his perspective on the carnivore diet and his book ""The Carnivore Code"" in a BitcoinStandard podcast seminar. Dr. Saladino is active on social media platforms like Twitter and Instagram, sharing interesting ideas that have garnered attention in the diet world.","Carnivore diet, Dr. Paul Saladino, Transition from veganism to carnivore, Autoimmune illnesses, Eczema, Plant-based diet, Benefits of carnivore diet, Mainstream medicine, Fructose in fruits and honey, The Carnivore Code book, Anthropology and evolution, Growth of the human brain",NAN,"""Le Code Carnivore: Dr. Paul Saladino et sa perspective sur le régime carnivore"""
5e0ad922a396722973a6d418416337c7,nutrition & sante,degradation des habitudes alimentaires,https://podcasts.apple.com/ca/podcast/107-deep-nutrition-with-dr-cate-shanahan/id1403202032?i=1000554506244, comment bitcoin change societe,"Le podcast ""The Bitcoin Standard"" accueille le Dr Cate Shanahan pour discuter de son travail remarquable sur la nutrition profonde.","Nutrition, Traditional foods, Modern fiat foods, Health consequences, Seed oils, Ancel Keys, Weston Price, Children's health, Financial incentives in medicine, Resources mentioned, Bitcoin Standard Podcast, Meat consumption, Fiat foods, Saifedean's books",4,"""Exploration de la nutrition profonde avec le Dr Cate Shanahan"""
f26ed15b24b26b1a4029767c2aa903ec,nutrition & sante,degradation des habitudes alimentaires,https://bigthink.com/health/red-meat-cancer-not-health-risk/, comment bitcoin change societe,La viande rouge n'est pas un risque pour la santé selon une nouvelle étude qui critique des recherches peu fiables.,"Risque pour la santé associé à la viande rouge, Limitations des études antérieures, Nouvelle étude de l'Université de Washington, Faibles preuves de lien entre la viande rouge et certains cancers et maladies, Méthodologie de notation du risque, Critique de la recherche en santé, Méthodes statistiques novatrices",,"""Étude : La viande rouge n'est pas un risque pour la santé malgré les critiques"""
295017dc1822204d22ef07d3150386ac,nutrition & sante,retour aux fondamentaux - ne te fie pas : verifie !,https://justmeat.co/, comment bitcoin change societe,"Un contenu mettant en avant le concept de manger exclusivement de la viande, principalement riche en graisses, sans trop de restrictions, présenté par Michael Goldstein et Amber O'Hearn.","Régime carnivore, Ketogenic Diet, Vilhjalmur Stefansson, Alimentation à base de viande, Carnivore facultatif, Santé et alimentation, Diabète et régimes pauvres en glucides, Evolution humaine et régimes, Vitamine C et maladies, Traitement des patients en surpoids, Lard et huile de coco, Maladies traitées par le régime paléolithique cétogène",8,"""Manger exclusivement de la viande: Le régime riche en graisses sans restrictions"""
