id,title,subtitle,links,quadrant,summary,descriptions,time_min,titles
53ddfd98e3a3da5173abd1a20f9ba0bf,"ordinals, stamps, brc-20....",1. graver des  inscriptions immuables sur bitcoin,https://www.youtube.com/watch?v=Vhx4INAQIYo, comment j'utilise bitcoin,"Le protocole ordinal permet de stocker divers fichiers dans une transaction Bitcoin, les reliant à un token. Cette approche crée un Dropbox décentralisé, avec plus de 3 millions d'inscriptions sur Bitcoin.","Protocole ordinal des inscriptions, Digital artefact et NFC sur Bitcoin, Stockage de fichiers dans une transaction Bitcoin, Token Satoshis, Dropbox décentralisé, Prunage et élagage des données, Protocole d'ancrage de NFT, Menace pour la décentralisation du réseau Bitcoin, Protocole Stems, Ancrage immuable sur Bitcoin, Sorties de transaction, Protocole multisig, Sécurisation d'un portefeuille Bitcoin, Script multisig, Maintenance de Bitcoin, Débat autour de Satoshi Nakamoto",16,"""Création d'un Dropbox décentralisé sur Bitcoin avec le protocole ordinal"""
1f437e387dc24e6b71f4f76b87e357fa,"ordinals, stamps, brc-20....",1. graver des  inscriptions immuables sur bitcoin,https://www.youtube.com/watch?v=DWZMoXA9xCA&t=1s, comment j'utilise bitcoin,"L'événement exceptionnel récent au marché Berremarket a entraîné une forte congestion des transactions Bitcoin, augmentant les frais du réseau au plus haut niveau depuis l'été 2021. Les utilisateurs doivent désormais payer jusqu'à 20 dollars pour une simple transaction, ce qui impacte négativement leur expérience. Cette congestion est due à l'engouement remarquable autour des tokens BRC20.","Événement exceptionnel en plein Berremarket, Transactions en attente et frais sur le réseau Bitcoin, Engouement exceptionnel autour des brc20, Protocole ordinal et stockage de données dans les transactions, BRC20 : tokens non natifs sur Bitcoin, Utilisation des BRC20 et création d'outils spécifiques, Forte hausse de l'utilisation des BRC20, Échange de jetons BRC20 sur le marché, Fonctionnement des BRC20 sur le protocole ordinal, Existence off-chain des jetons BRC20, Fonctions et transactions BRC20 sur Bitcoin, Utilisation des fonctions",NAN,"""Congestion du Réseau Bitcoin : Frais Élevés suite à l'Engouement pour les Tokens BRC20"""
d9ce01f778445335f4c8a111e66fde92,"ordinals, stamps, brc-20....",1. graver des  inscriptions immuables sur bitcoin,https://www.youtube.com/watch?v=1f9ngGdcnsE, comment j'utilise bitcoin,"Preston Pysh et Tuur Demeester se réunissent pour une conversation, évoquant leur longue histoire de discussions depuis 2017. Tuur est remercié pour son précieux savoir.","Discussions entre Preston Pysh et Tuur Demeester, Débats sur les solutions de paiement et les frais élevés, Lightning Network comme couche de paiement, Évolution de Lightning Network, Implémentation de Lightning Network par les grandes bourses, Résolution des problèmes de frais élevés, Nouveaux arrivants dans l'univers de Bitcoin, Inscriptions sur la couche principale de Bitcoin, Stockage de données sur la base layer avec Taproot et SegWit",53,"""Conversation entre Preston Pysh et Tuur Demeester depuis 2017 : Un échange de connaissances précieuses"""
8fce34efba77c73560f3aa347b3e2742,"ordinals, stamps, brc-20....",1. graver des  inscriptions immuables sur bitcoin,https://tftc.io/martys-bent/issue-1341/, comment j'utilise bitcoin,"Résumé en français : Le texte aborde le problème d'une ""mempool"" pleine, où chaque individu prend des décisions simultanément dans le monde entier. Cela est décrit comme étant beau et soulève des questions sur l'impact de ces actions individuelles globales.","Mempool, Transactions, Fees, Bitcoin network congestion, BRC-20 protocol, Token issuers, UTXOs, Security budget debate, Miner revenue, Block subsidy, Fee market, Adoption, Block space scarcity, Demand for transactions, Jevon's Paradox, SegWit, Taproot",,"""La beauté et l'impact des décisions individuelles mondiales : Une 'mempool' pleine"""
