id,title,subtitle,links,quadrant,summary,descriptions,time_min,titles
2957cd3ecb38b32ab6f17e2ebdcd4ad4,parties prenantes,1. qui gouverne bitcoin ?,https://www.youtube.com/watch?v=d17A3Izolz4&t=109s, comment bitcoin change societe,"La section aborde la gouvernance du réseau et du protocole Bitcoin, soulignant que la centralisation n'exclut pas la gouvernance. Les développeurs jouent un rôle clé dans cet écosystème.","Mécanismes de gouvernance du réseau Bitcoin, Acteurs de l'écosystème Bitcoin : développeurs, mineurs, investisseurs, e-commerçants, processeurs de paiement, Contrôle du Bitcoin : décentralisation, consensus, Règles et consensus dans le réseau Bitcoin : taille de bloc, bloc times, hiving, transactions valides, blocs valides, Logiciel Bitcoin : consensus sur le logiciel open source, propositions d'amélioration (BIPs), Implémentation des BIPs : ouverture, contributions, développeurs actifs, Pouvoir des développeurs : critiques, dictature des développeurs,",NAN,"""Gouvernance et rôle des développeurs dans l'écosystème Bitcoin"""
6a3128bcf49d59a6a29db7686d6b96a4,parties prenantes,1. qui gouverne bitcoin ?,https://www.youtube.com/watch?v=YqMybsi3ZXs, comment bitcoin change societe,"Le texte discute de la possibilité de modifier le logiciel du Bitcoin, soulevant la question de pourquoi les règles ne pourraient pas être modifiées. Il aborde également la fluctuation de la valeur du Bitcoin et questionne ce qui la justifie. Enfin, il évoque le mythe entourant le Bitcoin et son objectif initial.","Modification du logiciel et des règles, Cours du bitcoin et justification de sa valeur, Participants au réseau : utilisateurs, mineurs, développeurs, Modification des règles du protocole, Scénarios de conflit et résolution, Jeu de coordination et organisation du réseau, Règle des 21 millions de bitcoins, Guerre civile de 2017, Gouvernance et consensus, Transparence des transactions, Source de vérité et ordre chronologique",41,"""Bitcoin : Modifiabilité, Valeur et Mythes Explorés"""
6fe7f4bd401020f95a73b7540ced13d7,parties prenantes,1. qui gouverne bitcoin ?,https://www.youtube.com/watch?v=iH8TCS6ZKM4, comment bitcoin change societe,"Le texte discute des éléments techniques essentiels pour la nation crie, avec une mention sur les fautes d'orthographe et le partage de vidéos. Il évoque également un retour sur les aspects technique et sociopolitique de la construction, mettant l'accent sur le consensus par le protocole.","Éléments techniques essentiels pour la nation crie, Fautes d'orthographe, Vidéos, Protocoles sociopolitiques de la construction, Logiciel protocole d'informations, Confiance dans la monnaie, Matérialité pratique, Monnaies métalliques, Mécanisme versus nominalisme, Naturalisation de la confiance dans le métal, Valeur intrinsèque, Qualité sociale de la couleur, Divisibilité, transportabilité, malléabilité, Temporalité de l'usure, Ornementalisation de l'or, Naturalisation de la",79,"""Éléments Techniques et Protocole: Construction Cri et Partage Vidéo"""
a209e76a721a7f00cfe1f4c8fdad021e,parties prenantes,1. qui gouverne bitcoin ?,https://www.youtube.com/watch?v=LJmj8jcXoxU, comment bitcoin change societe,"Le texte aborde la gouvernance par le protocole, en se basant sur des travaux antérieurs de Filippi et Love. Il met en lumière comment Bitcoin intègre des règles dans son code protocolaire pour structurer son réseau et garantir la sécurité des transactions.","Gouvernance par le protocole, Structuration du réseau Bitcoin, Modifications du code informatique, Pouvoir de modification du code, Communautés du libre, Forges logicielles, Théorie sociologique des techniques, Protocole informatique, Composition de rapports de force, Arbitrages et compromis, Évolution de Bitcoin, Modes de coordination, Anthropologie de la monnaie, Monnaie de crédit, Promesse sociale de la monnaie, Construction de la confiance distribuée",102,"""Bitcoin : Gouvernance Protocole et Sécurité Transactionnelle"""
86092bfb23711761d8b83743441cb4a3,parties prenantes,2. focus sur les  noeuds,https://www.youtube.com/watch?v=fNk7nYxTOyQ, comment bitcoin change societe,Le texte discute des équipements miniers et de la puissance de hachage (Pico hash) actuelle d'environ 3500 Pico harsh. Il soulève l'absence de discussions sur le nombre et la technologie des nœuds utilisés. Il aborde le rôle des nœuds dans le protocole minier et met en lumière l'importance de se concentrer sur l'enchaînement plutôt que sur l'extraction minière.,"Équipements de minage, Pico hash, Nombre de nœuds et technologie utilisée, Rôle des nœuds dans le protocole, Technologie minière, Protocole BGP (Border Gateway Protocol), Nœuds comme serveurs dans le réseau Bitcoin, Nœuds de validation complète, Vérification indépendante des transactions, Autonomie financière, Règles de consensus et vérification indépendante",8,"""Équipements miniers, puissance de hachage et rôle des nœuds : Vers une approche centrée sur l'en"
7a5818144607b12019b8195faa47b23e,parties prenantes,2. focus sur les  noeuds,https://www.youtube.com/watch?v=lK-OMq43nxA, comment bitcoin change societe,"L'interlocuteur possède et gère plusieurs nœuds complets Bitcoin, certains étant des nœuds pruned. Il a adopté cette pratique depuis ses débuts dans le domaine de Bitcoin.","Node configuration, Full nodes, Pruned nodes, Blockchain transactions, Validation, Archival nodes, UTXO database, Electrum public server, Wallet interaction, Programmatic interaction, Blockchain analysis, Transaction examination, Node security, Authentication mechanisms, Packet filtering, Port filtering, RPC interfaces, IP and TOR networks, Data serving, Bandwidth costs, Cloud systems, Dedicated computers, Internet connections, Support options",3,"""Expert Bitcoin: Gestion de Nœuds Complets et Pruned"""
b570364d39b582e021c0c35868e04b74,parties prenantes,2. focus sur les  noeuds,https://www.youtube.com/watch?v=oX0Yrv-6jVs, comment bitcoin change societe,"Il est important pour un utilisateur de Bitcoin de faire fonctionner un nœud complet pour vérifier les transactions et confirmer les paiements, plutôt que de se fier uniquement à des explorateurs de blocs en ligne.","Importance d'utiliser un nœud complet pour les utilisateurs de Bitcoin, Méthodes pour confirmer une transaction, Risques liés à l'utilisation de block explorers, Responsabilité de la validation des transactions, Modèle de confiance et délégation de responsabilité, Avantages de posséder et exécuter son propre nœud, Décentralisation dans Bitcoin, Conséquences de la centralisation des mineurs, Fabrication et propriété du matériel de minage, Géographie des activités de minage, Décentralisation des pools de minage, Importance de la décentralisation des nœuds dans différents",16,"""Pourquoi il est essentiel d'utiliser un nœud complet pour Bitcoin"""
a9fea47c218c19838a27bb749032cdac,parties prenantes,3. focus sur les  mineurs et la preuve de travail (pow),https://www.youtube.com/watch?v=neEQzEQzmPQ, comment bitcoin change societe,"La formation Minage 201 explore en profondeur les bases du minage de Bitcoin, avec une première section théorique accompagnée par Ajelex. L'objectif est de clarifier le fonctionnement de cette industrie mystérieuse, en abordant notamment le processus, les machines impliquées et les raisons derrière son fonctionnement.","Formation Minage 201, Fondamentaux du minage de Bitcoin, Discussion théorique avec Ajelex, Fonctionnement du minage, Machine, électricité, argent magique, Pool de minage, décentralisation, régulation, Projet Attakaï, S9, aspects pratiques, Explication du minage avec analogies, Puzzle, mineurs, validation, blockchain, Récompenses en bitcoins, réduction progressive, Frais de transaction, enchères, inclusion dans le bloc, Génération de nouveaux bitcoins, 6,25 bitcoins, frais de transaction, Sous-thèmes du minage : difficulté, économie,",21,"""Découverte approfondie du minage de Bitcoin avec Ajelex"""
a95e71fcfe2a5e97bc5d5a321f7a31cb,parties prenantes,3. focus sur les  mineurs et la preuve de travail (pow),https://www.youtube.com/watch?v=MtpYX6oREbY, comment bitcoin change societe,"Le Bitcoin est expliqué dans cette émission, avec des aspects à clarifier comme abordé précédemment par Alexandre Slatchenko. Il a discuté du côté noble de cette cryptomonnaie, soulignant la distinction entre ceux qui jouent du piano et ceux qui le transportent.","Bitcoin, Alexandre Slatchenko, Sébastien Gouspillon, Mining de Bitcoin, Réseau Bitcoin, Consommation d'électricité, Compétition mondiale des mineurs, Recherche de mégawatts perdus, Décentralisation de l'électricité, Centrales ENR, Réseaux de distribution, Développement de l'électricité en Afrique et en Asie du Sud-Est",65,"""Décryptage du Bitcoin: Joueurs de Piano ou Transporteurs?"""
96ad95c01bd028aa14163a7340130c5e,parties prenantes,3. focus sur les  mineurs et la preuve de travail (pow),https://www.youtube.com/watch?v=HUmAQiLgf4E, comment bitcoin change societe,"Le texte discute de la comparaison entre Mike Horn et Indiana Jones, évoquant l'idée d'envahir le monde avec la monnaie chinoise pour la positionner comme une monnaie mondiale rivale du dollar.","Bitcoin, Mineur, Cryptomonnaie, Transactions, Compétition, Validation, Réseau de blockchain, Sécurité, Expertise informatique, Électricité, Minage, Création monétaire",103,"""Mike Horn et Indiana Jones : La montée de la monnaie chinoise comme rivale du dollar"""
cf100d59b2fc9d12a70f70ade2ba206c,parties prenantes,3. focus sur les  mineurs et la preuve de travail (pow),https://www.youtube.com/watch?v=AxjUF77pUoc, comment bitcoin change societe,"La vidéo aborde les différences entre les méthodes de consensus Proof of Work et Proof of Stake dans la technologie blockchain. L'auteur souligne que le Proof of Stake pourrait ne pas offrir autant de robustesse que le Proof of Work. Suite à la demande des spectateurs, une vidéo explicative sur ce sujet est prévue.","Cryptomonnaies, Méthodes de consensus (Proof of Work, Proof of Stake), Sécurité du réseau, Concept du Proof of Work, Mineurs et nœuds, Gouvernance du protocole, Décentralisation, Accessibilité des nœuds, Taille de la blockchain, Nombre de nœuds Bitcoin, Importance de Bitcoin",15,"""Comparaison de la robustesse entre Proof of Work et Proof of Stake : Analyse approfondie dans la technologie blockchain"""
9ad9b6cb616c5ca8b8ea6100f8a2871c,parties prenantes,3. focus sur les  mineurs et la preuve de travail (pow),https://www.youtube.com/watch?v=RbkLz9C39y0&list=PL2jAZ0x9H0bQFY6wIbQfnrnIlqMcSHd6X&index=14, comment bitcoin change societe,"Robert Reed Love du spectacle ""Qu'est-ce que l'argent"" souligne l'importance du bitcoin comme un actif crucial du 21e siècle. Il met en avant NYDIG comme une entreprise clé dans le domaine du bitcoin, travaillant à apporter une sécurité financière à tous en professionnalisant et sophistiquant le marché du bitcoin. NYDIG est présenté comme un acteur majeur qui libère en toute sécurité le potentiel du bitcoin.","Bitcoin, Nydig, Financial security, Professionalization, Bitcoin marketplace, Institutional adoption, Proof-of-work security model, Digital property network, Miners and nodes, Network integrity and durability, Protocol mutation, Hostile attacks, Immortality of the network, Seven layers of security, Energy layer, Technology layer, Political layer, Financial layer, Network layer, Spatial layer, Temporal layer, Energy consumption, Bitcoin mining, Energy industry partnerships, Value of energy to Bitcoin",NAN,"""NYDIG : Libérer le potentiel du bitcoin pour la sécurité financière du 21e siècle"""
93be3986564f5692e8e59493254bd2e7,parties prenantes,3. focus sur les  mineurs et la preuve de travail (pow),https://www.youtube.com/watch?v=WvUE_Yvktwk, comment bitcoin change societe,"Robert Reed Love, de l'émission ""Whatis Money Show"", souligne l'importance de détenir du bitcoin au 21e siècle. Il met en avant NYDIG, une entreprise clé dans le domaine du bitcoin, qui vise à assurer la sécurité financière pour tous en apportant professionnalisme et sophistication sur le marché. NYDIG est présenté comme un acteur majeur qui ouvre de nouvelles perspectives en exploitant le potentiel du bitcoin en toute sécurité.","Bitcoin comme actif clé du 21e siècle, Nydigknightig et sa mission de sécurité financière, Services offerts par Nydigknightig (OTC, emprunts, garde sécurisée, gestion d'actifs, etc.), Sécurité de Bitcoin à travers différentes couches, Recrutement de capitaux extérieurs par les mineurs de Bitcoin, Investisseurs conventionnels s'intéressant aux sociétés minières de Bitcoin, Rôle stabilisateur des investisseurs traditionnels dans le réseau Bitcoin, Recrutement d'investisseurs par Bitcoin à travers des sociétés minières, Importance du capital intens",75,"""NYDIG : Révolution du Bitcoin pour la Sécurité Financière"""
d274f4ebfdf77a28c4b49a051ece67b0,parties prenantes,3. focus sur les  mineurs et la preuve de travail (pow),https://www.youtube.com/watch?v=HqNGd_LclCQ, comment bitcoin change societe,"Le texte discute de l'importance de la confiance, associée à la solidité et à la loyauté, dans le domaine de la mode chez Chanel. Il met en avant la nécessité d'avoir confiance non seulement dans les algorithmes, mais aussi dans les êtres humains.","Confiance, loyauté, solidité, Chanel, Bluejays, Dépenses énergétiques, Solidité algorithmique, Confiance dans les êtres humains, Bitcoin, preuve du travail, décentralisation, Monnaie, valeur, coffre-fort, Souveraineté numérique, souveraineté d'état, Ordre westphalien, droit international, Émergence de la souveraineté, États, privilèges, droits de courtoisie, réciprocité",19,"""Confiance et Solidité chez Chanel: L'Équilibre entre Algorithmes et Êtres Humains"""
4691831513ccc56f2e28aec08a38d186,parties prenantes,3. focus sur les  mineurs et la preuve de travail (pow),https://www.youtube.com/watch?v=c9oL9GrgOaw, comment bitcoin change societe,"Le Dr Adam Back est un invité majeur dans le domaine du bitcoin, connu pour avoir inventé la preuve de travail, un élément clé du code source du bitcoin. Il a été référencé par Satoshi Nakamoto pour ses contributions majeures à la faisabilité de la blockchain. En plus de ses travaux initiaux, il est le co-fondateur et PDG de Blockstream.","Bitcoin, Dr. Adam Back, Proof of Work, Satoshi Nakamoto, Blockstream, Mining capacity, Bitcoin ecosystem, Bitcoin contango trade, Cryptography, Privacy, Spam, Remailer, Usenet technology, Denial of service, Cypherpunks, Internet driver's license, Electronic cash, Centralized protocols, Banking partners, Double spenders, Credit card merchant processing",64,"""Dr Adam Back : L'Inventeur de la Preuve de Travail et Co-fondateur de Blockstream"""
72a54ed50ddc74c172d130f6c931c02d,parties prenantes,3. focus sur les  mineurs et la preuve de travail (pow),https://www.youtube.com/watch?v=c9MvtGJsEvY&t=2438s, comment bitcoin change societe,"L'interview de Théo, spécialisé en mathématiques, abordera des sujets avancés comme Bitcoin, Lightning Network et divers protocoles. Roxy a organisé cette interview pour explorer des concepts plus complexes à la fin de sa formation.","Interview avec Théo Panta Amis, Spécialisation en mathématiques, Bitcoin et Lightning Network, Protocoles et cryptographie, Découverte de Bitcoin en 2009, Intérêt pour la vulgarisation scientifique, Évolution de l'intérêt pour les technologies, Sécurisation des mots de passe, Utilisation de cartes à puce (smart cards), Ledger Nano S, Protocoles de double facteur d'authentification, Libra (Facebook), Innovations en matière de paiement et de cryptomonnaies",NAN,"""Exploration des Concepts Avancés en Mathématiques Financières : Bitcoin, Lightning Network et Protocoles"""
0e7b7afeac7613609d11ccffb2b2cfc8,parties prenantes,3. focus sur les  mineurs et la preuve de travail (pow),https://www.youtube.com/watch?v=5TZnMWWgolc, comment bitcoin change societe,"Le texte discute de la conversation entre Preston Pysh et Harry Sudock sur l'industrie minière de Bitcoin. Les sujets abordés incluent la migration du matériel minier hors de la Chine, ses implications potentielles, et une discussion générale sur le secteur minier.","Bitcoin mining industry, Hardware migration from China, Business of mining, Harry Sudock's background, FinTech industry, Operational alpha for clients, Financial system insights, Bitcoin exposure journey, Bitcoin trading swings, Bitcoin career decision, Future of balance sheets, Free cash flow importance, Balance sheet compounding, Making balance sheet great again",58,"""Analyse approfondie de l'industrie minière de Bitcoin : Migration du matériel et implications"""
a809f74500f39d8fca254edb268ab545,parties prenantes,1. qui gouverne bitcoin ?,https://www.bitstack-app.com/blog/qui-controle-bitcoin, comment bitcoin change societe,Bitcoin a été créé par Satoshi Nakamoto en 2009. La question de qui contrôle Bitcoin est complexe malgré sa simplicité apparente.,"Contrôle de Bitcoin, Protocole Bitcoin, Logiciels de nœuds, Bitcoin Core, Implémentations du protocole, Pouvoir des mineurs, Pouvoir des utilisateurs, Gouvernance de Bitcoin",13,"""Le Mystère du Contrôle de Bitcoin par Satoshi Nakamoto"""
a02b2d70f4a165c83e020baa60ad578a,parties prenantes,1. qui gouverne bitcoin ?,https://pierre-rochard.medium.com/bitcoin-governance-37e86299470f, comment bitcoin change societe,"La gouvernance de Bitcoin est cruciale car Bitcoin est la première cryptomonnaie réussie, la plus liquide et la plus connue. Selon Michael Goldstein, ""l'argent sain est un pilier fondamental de la civilisation, et Bitcoin rétablit ce pouvoir"".","Gouvernance de Bitcoin, Décideurs de la gouvernance de Bitcoin (mineurs, nœuds, investisseurs), Processus de gouvernance de Bitcoin, Objectif de la gouvernance de Bitcoin (confiance, valeur de Bitcoin), Approches éthiques (déontologie, conséquentialisme), Fonctionnement actuel de la gouvernance de Bitcoin, Règles de vérification et modifications, Recherche et propositions dans la gouvernance de Bitcoin",10,"""La Gouvernance Cruciale de Bitcoin: Rétablir le Pouvoir de l'Argent"""
a816ec887acad0d64b648e95194a9d24,parties prenantes,2. focus sur les  noeuds,https://unchained.com/blog/what-is-a-bitcoin-node/, comment bitcoin change societe,Le texte discute de ce qu'est un nœud Bitcoin et de son fonctionnement.,"Bitcoin node, Ledger, Blockchain, Ruleset, Bitcoin Core, Transaction validation, Verifiability, Redundancy, Security, Eclipse attacks, DDOS attacks, Mining, Proof-of-work, Pending transactions, Miner validation",13,Comprendre les Nœuds Bitcoin: Fonctionnement et Rôle
c0f3091e1ebde898ae1207fba9f6955d,parties prenantes,3. focus sur les  mineurs et la preuve de travail (pow),https://anchor.fm/bitstack/episodes/Quest-ce-que-la-preuve-de-travail-sur-Bitcoin---Proof-of-Work-e1taeu8, comment bitcoin change societe,"Le texte parle de la preuve de travail sur Bitcoin, expliquant son fonctionnement et son rôle dans le réseau. Il est issu du podcast ""Comprendre Bitcoin"" de Bitstack, visant à approfondir la compréhension de Bitcoin.","Preuve de travail sur Bitcoin (Proof-of-Work), Fondamentaux de Bitcoin, Innovations technologiques de Bitcoin, Bitcoin comme réserve de valeur, Bitcoin comme moyen de paiement, Avenir du Bitcoin, Mise à jour Taproot de Bitcoin, Frais de transaction sur Bitcoin",61,"""La preuve de travail sur Bitcoin : Fonctionnement et rôle dans le réseau"""
8a70f93ac138d18271accb5fe4341ea1,parties prenantes,3. focus sur les  mineurs et la preuve de travail (pow),https://hashrateindex.com/blog/tag/bitcoin-mining-around-the-world/, comment bitcoin change societe,"Le texte discute de l'exploitation minière de Bitcoin à travers le monde, mettant en lumière des articles sur les secteurs miniers de différents pays, notamment Oman.","Bitcoin Mining Around the World, Oman, United Arab Emirates, Finland, Kazakhstan, Kyrgyzstan, Iceland, Paraguay, Norway, Hashrate Index Newsletter, Bitcoin mining hubs, Energy sources, Hydropower plants, Heat recovery, Global hashrate production, Latin America's Bitcoin mining industry, ASIC Market, Public Miner Analysis, Research and Reports, Luxor Firmware, Bitcoin Mining Concepts, Bitcoin Mining Guides",2,"""Exploration minière mondiale de Bitcoin : Focus sur Oman"""
bebd56d583eb307b566fc27fe7308857,parties prenantes,3. focus sur les  mineurs et la preuve de travail (pow),https://europeanbitcoiners.com/comprendre-laugmentation-du-taux-de-hachage-du-reseau-bitcoin/, comment bitcoin change societe,"Le texte aborde la compréhension de l'augmentation du taux de hachage du réseau Bitcoin, en mettant en avant l'ajustement de la difficulté comme un élément clé à considérer.","Augmentation du taux de hachage du réseau Bitcoin, Ajustement de la difficulté, Rentabilité du minage de bitcoins, Compétitivité des mineurs, Sécurité du réseau Bitcoin, Ajustements de la difficulté à la hausse et à la baisse, Impact des ajustements sur les profits des mineurs, Nouvelles machines ASIC, Évolution de l'industrie minière du Bitcoin, Prix de l'énergie et impact sur les mineurs",9,"""Comprendre l'Augmentation du Taux de Hachage du Réseau Bitcoin : L'Importance de l'Ajustement de"
