id,title,subtitle,links,quadrant,summary,descriptions,time_min,titles
0a40ec6f5240e2715c8c7e4edb0b1025,politique,bitcoin : aspiration et positionnement  politique,https://www.youtube.com/watch?v=n1LoVsG_fIQ, comment bitcoin change societe,Le web a évolué de manière significative avec l'avènement des cryptomonnaies qui représentent une nouvelle phase d'internet. Elles remettent en question des aspects cruciaux de nos systèmes politiques liés au pouvoir financier et monétaire. Cette période est considérée comme révolutionnaire et porte des changements majeurs dans ce domaine.,"Le changement induit par le web, L'impact des cryptomonnaies sur les systèmes politiques, Transformation des structures pyramidales en réseaux décentralisés, Remise en question de la notion d'État sans monnaie, La centralisation d'internet et des acteurs économiques, Accélération de la décentralisation avec l'avènement des cryptomonnaies, Contestation du contrôle de la monnaie par les États, Possibilité théorique et historique d'un État sans monnaie",24,"""La Révolution des Cryptomonnaies : Un Nouveau Pouvoir Financier sur le Web"""
0de1c0d4c14ea4ff6f89d96871cc9813,politique,bitcoin : aspiration et positionnement  politique,https://www.youtube.com/watch?v=DX8JorPfXn4, comment bitcoin change societe,Le locuteur exprime sa satisfaction pour sa participation à la conférence Bitcoin à Biarritz et souligne l'ampleur de l'événement. Il félicite l'équipe organisatrice pour leur travail remarquable et leur réussite à organiser la plus grande conférence Bitcoin en Europe.,"Bitcoin, Conférence, Monnaie, Politique, Apolitique, Décision politique, Violence légitime, État, Sphère publique, Éthique, Liberté des modernes, Totalitarisme, Société ouverte, Pulsions totalitaires, Asservissement, Gestion de la monnaie, Champ politique",34,"""Éloges pour la Conférence Bitcoin à Biarritz : la Plus Grande d'Europe!"""
109ab0cc0ada8cdc5d3bc52f85bb241b,politique,bitcoin : aspiration et positionnement  politique,https://www.youtube.com/watch?v=a-72AAuHU-o, comment bitcoin change societe,"Un expert parle du Bitcoin lors du festival de la liberté à Dax pour la deuxième fois. Après 7 ans d'étude et de participation à des conférences internationales, il souhaite partager ses impressions sur les libéraux et le Bitcoin.","Bitcoin, Liberté, Avancée libérale, Monnaie numérique, Banque centrale, Système de paiement, Valeur sans tiers de confiance, Jetons informatiques (Bitcoin), Monnaie en devenir, Révolutionnaire, Transition vers une monnaie, Épargne",45,"""Les Réflexions d'un Expert sur les Libéraux et le Bitcoin: Retour au Festival de la Liberté à Dax"""
f0149f55295e6a8e9d9726dbcef9e0cf,politique,bitcoin : aspiration et positionnement  politique,https://www.youtube.com/watch?v=uWiKT_CjoDY, comment bitcoin change societe,"Un prophète suisse du Bitcoin parcourt les campagnes et les médias pour expliquer l'impact de la technologie sur la politique, la société et l'économie.","Bitcoin, Technologie blockchain, Impact politique, social et économique, Évangélisation des banques suisses, Évolution de l'écosystème web, Bulle des dot com, Découverte de Bitcoin en 2011, Comparaison avec l'électricité, l'ampoule électrique, Vulgarisation de la technologie, Explication de la blockchain, Transactions peer-to-peer, Importance d'Internet et des autoroutes de l'information",78,"""Le Prophète Suisse du Bitcoin : Explorant l'Impact sur la Politique, la Société et l'Économie"
1c0645a0d98d5e7275f00df88b6580b2,politique,bitcoin s'invite dans le debat politique,https://www.youtube.com/watch?v=uWiKT_CjoDY&t=510s, comment bitcoin change societe,"Un des grands prophètes suisse du Bitcoin explique la technologie et son impact politique, social et économique à travers les médias et les journaux helvétiques.","Bitcoin et les crypto-monnaies, Technologie blockchain, Écosystème web et évolution, Révolution des dot com, Découverte de Bitcoin en 2011, Comparaison avec l'électricité et l'ampoule électrique, Vulgarisation de la technologie, Explication de la technologie à différents interlocuteurs, Système de transaction basé sur la blockchain",NAN,"""Le Prophète Suisse du Bitcoin : Explorant son Impact sur la Politique, la Société et l'Économie à"
b6dd87ad1dd1f5b422722965df677ff3,politique,bitcoin s'invite dans le debat politique,https://www.youtube.com/watch?v=Zn1sv8Meml0, comment bitcoin change societe,Un groupe discute de la crypto et de la blockchain à Bruxelles. La semaine est dédiée à ces sujets au centre de la ville.,"Crypto et méta-vers, Conférences et événements, Ecosystème belge, Politique et entrepreneuriat, Parlement bruxellois, Parti politique ""Les Engagés"", Sujets politiques variés (climat, mobilité, finances), Système politique belge et compromis, Paiement en Bitcoin, Démarche personnelle vs. institutionnelle, Différents partis politiques en Belgique",57,"""Semaine dédiée à la crypto et la blockchain à Bruxelles"""
d9debfd6b68f3d3ed38a09ee88de9820,politique,bitcoin s'invite dans le debat politique,https://www.youtube.com/watch?v=kbJ29g6dM2Y&t=927s, comment bitcoin change societe,"La conférence aborde la place d'Habitecoin dans les débats politiques nationaux et internationaux, avec la participation de Pierre Person, un député engagé au Parlement de Bruxelles, et Jean-Marie Cambastérès.","Conférence sur Bitcoin, Débat politique national et international, Inflation, perte de confiance, crise énergétique, Place de Bitcoin dans le monde, Valeur mondiale stockée en Bitcoin, Bitcoin face à l'inflation, Politiques entourant Bitcoin, Bitcoin dans 10 ou 20 ans, Monnaie décentralisée et influence des États, Utilité de Bitcoin dans les pays en inflation, Incompétence financière dans la société",NAN,"""La Place d'Habitecoin dans les Débats Politiques Nationaux et Internationaux : Une Conférence avec Pierre Person et"
2702ee34b81ccbdac2fc1cca00597e67,politique,recueillant des soutiens au plus niveau  bitcoin s'enracine...,https://www.youtube.com/watch?v=fz7FPl065II, comment bitcoin change societe,"Le discours met en lumière l'importance de Bitcoin dans le contexte politique, soulignant son impact sur les camionneurs en grève à Ottawa et son évolution perceptuelle, malgré les réticences antérieures.","Bitcoin, presidential campaign, trucker strike, Ottawa, Italy, digital currency, programmable currency, government surveillance, China, freedom, government repression, protests, state of emergency, bank accounts frozen, protesters' rights, government control, totalitarian regime, technology, corporations, constitutional rights, pandemic, restrictions, Constitution, framers, Revolutionary War, smallpox epidemic, Civil War, habeas corpus, Supreme Court, American citizens.",26,"""Bitcoin : Impact politique sur les camionneurs en grève à Ottawa"""
04e41013279d86d0e65781a6ea3f4721,politique,recueillant des soutiens au plus niveau  bitcoin s'enracine...,https://www.youtube.com/watch?v=qDRqbG-VLDM&t=2162s, comment bitcoin change societe,"Le XXe siècle a été marqué par des événements cataclysmiques en raison des limites financières des États et des organisations. La Première Guerre mondiale a mis en lumière la nécessité de financer des conflits avec des ressources limitées, soulignant que l'argent représente le travail passé et n'est pas infini.","Le XXème siècle comme siècle cataclysmique, Limites des États et organisations avant le 20e siècle, Financement de guerres par création d'argent, Déconnexion de la monnaie par rapport à l'or, Perte de l'attachement de la monnaie au réel, Introduction du Bitcoin et des cryptomonnaies, Intérêt pour le Bitcoin et la blockchain, Evolution du système monétaire, Impact du Bitcoin sur les domaines financier, économique, politique, culturel, Importance historique de la monnaie et des banques centrales",NAN,"""Les limites financières du XXe siècle: une leçon de la Première Guerre mondiale"""
4b40602aabaf8cfb89c0cba62e6d198b,politique,recueillant des soutiens au plus niveau  bitcoin s'enracine...,https://www.youtube.com/watch?v=yTMdEGwuyus, comment bitcoin change societe,"Le texte discute de trois classifications de réactions politiques face à la réalité : certains gouvernements s'effondrent dans le chaos, d'autres luttent et se reconfigurent après des périodes de douleur, tandis que d'autres transforment leur approche du monde.","Classifications of political reaction, Governments resisting reality, Governments collapsing into chaos, Governments reconfiguring after struggle, Governments transforming agilely, Small countries investing in Bitcoin, Printing currency to buy Bitcoin, Sovereign wealth funds, Diversified portfolios, Predicting the market, Austrian economics, Free will in decision-making, Microstrategy's investment in Bitcoin, Devaluing currency by issuing more, Equity dilution by issuing more, Bitcoin standard, Impact of countries buying Bitcoin, Fantasy vs. reality of banks, companies, and governments buying Bitcoin, Banks, companies, and governments as potential buyers, Possibility of major institutions investing in Bitcoin, Reactions",12,"""Réactions politiques face à la réalité : Effondrement, Résilience, Transformation"""
867e3f3a959d7de9fc2f5a08d9eae61b,politique,recueillant des soutiens au plus niveau  bitcoin s'enracine...,https://www.youtube.com/watch?v=_NxpiM_uwQQ, comment bitcoin change societe,"Le président du Salvador a annoncé que le pays émettrait de la dette en utilisant Bitcoin, révolutionnant ainsi le financement des États. Cette initiative est perçue comme un séisme dans le secteur financier, bouleversant le marché obligataire dominé par un petit nombre de grandes banques.","Président du Salvador, Émission de dette en Bitcoin, Révolution dans le financement des États, Marché obligataire, Adoption de Bitcoin comme monnaie légale, Ambitions du président salvadorien, Obligations souveraines basées sur Bitcoin, Projet de la Bitcoin City, Obligations financières, Caractéristiques des obligations, Marché mondial des obligations, Dette obligataire mondiale, Ratio dette sur PIB, Bon du Trésor américain, Taux d'intérêt des obligations, Taux négatif sur les dettes obligataires, Rôle des bons",14,Révolution financière: Salvador émet de la dette en Bitcoin
2d7604066e679add7cf2c1548d040ed0,politique,recueillant des soutiens au plus niveau  bitcoin s'enracine...,https://www.youtube.com/watch?v=LTw2CH9tKs0, comment bitcoin change societe,"Le projet pro Bitcoin au Salvador, une fois considéré comme un Eldorado, se révèle être un mirage selon le FMI. L'adoption de Bitcoin est critiquée comme une folie, avec la transition vers cette cryptomonnaie devenant un fiasco un an après sa légalisation. Les médias internationaux rapportent que le projet du président Bukele est un échec monumental, car Bitcoin n'est pas réellement utilisé au quotidien pour des transactions courantes.","Bitcoin, Salvador, Adoption de Bitcoin, Fiasco et critiques, Échec monumental, Perte financière, Défaut de paiement, Président Boukélé, Réponse aux critiques, Difficultés économiques, Opposition des élites mondiales, Contrôle de la vérité, Censure et propagande, Médias et banques, Économie du Salvador, Effondrement économique, Fausses informations, Chute du Bitcoin, Rééquilibrer le débat, Histoire du Salvador, Monnaie mondiale",10,"""Le Projet Pro Bitcoin au Salvador : Un Mirage Critiqué par le FMI"""
94f4dd0d0bbc5d938d88c68924acdad6,politique,recueillant des soutiens au plus niveau  bitcoin s'enracine...,https://www.youtube.com/watch?v=tt_QFJLmlLU, comment bitcoin change societe,"Une adoption globale d'un nouveau système monétaire peut prendre du temps, peut-être jusqu'à 50 ans. Le protocole évolue progressivement en fonction de l'adoption, comme le montre l'exemple du Lightning Network qui fonctionne après 12 ans de développement.","Adoption globale du nouveau système monétaire, Rythme de l'adoption et patience nécessaire, Protocole d'adoption et évolution progressive, Lightning Network, Chute du prix du Bitcoin en Chine, Migration des mineurs de Bitcoin en Chine, Stratégie des mineurs chinois pour conserver et vendre les machines, Mentalité des mineurs chinois et préférence pour rester en Chine, Tarifs de l'électricité pour les mineurs chinois en Chine et à l'étranger, Impact de la demande chinoise sur le prix de l'électricité, Adaptation des acteurs kazakhs",43,"""Évolution Graduelle des Systèmes Monétaires : Le Cas du Lightning Network"""
a888819b11945f173ca18254e18ffe46,politique,recueillant des soutiens au plus niveau  bitcoin s'enracine...,https://www.youtube.com/watch?v=D1LhLwA1EhE&t=8s, comment bitcoin change societe,"Le texte évoque des discussions sur la perception du Salvador, des débats sérieux, des excuses pour des propos tenus sur un ministre du numérique et la comparaison de l'intelligence des politiques français avec celle de Jean.","Salvador, Bitcoin, Minage, Lightning Network, Conférence, Monnaie officielle, Conseils gouvernement, Volatilité du Bitcoin, Comptes courants, Conversion, Infrastructures, Gouvernement, Ambiance folle, Stratégie, Cryptomonnaies, Chine, Rencontre officiels, Conseils, Expérience personnelle",NAN,"""Perception du Salvador, débats politiques et comparaison d'intelligence : Réflexions sur les propos controversés en France"""
a888819b11945f173ca18254e18ffe46,politique,recueillant des soutiens au plus niveau  bitcoin s'enracine...,https://www.youtube.com/watch?v=D1LhLwA1EhE&t=8s, comment bitcoin change societe,"Le texte évoque des discussions sur la perception du Salvador, des débats sérieux, des excuses pour des propos tenus sur un ministre du numérique et la comparaison de l'intelligence des politiques français avec celle de Jean.","Salvador, Bitcoin, Minage, Lightning Network, Conférence, Monnaie officielle, Conseils gouvernement, Volatilité du Bitcoin, Comptes courants, Conversion, Infrastructures, Gouvernement, Ambiance folle, Stratégie, Cryptomonnaies, Chine, Rencontre officiels, Conseils, Expérience personnelle",NAN,"""Perception du Salvador, débats politiques et comparaison d'intelligence : Réflexions sur les propos controversés en France"""
a888819b11945f173ca18254e18ffe46,politique,recueillant des soutiens au plus niveau  bitcoin s'enracine...,https://www.youtube.com/watch?v=D1LhLwA1EhE&t=8s, comment bitcoin change societe,"Le texte évoque des discussions sur la perception du Salvador, des débats sérieux, des excuses pour des propos tenus sur un ministre du numérique et la comparaison de l'intelligence des politiques français avec celle de Jean.","Salvador, Bitcoin, Minage, Lightning Network, Conférence, Monnaie officielle, Conseils gouvernement, Volatilité du Bitcoin, Comptes courants, Conversion, Infrastructures, Gouvernement, Ambiance folle, Stratégie, Cryptomonnaies, Chine, Rencontre officiels, Conseils, Expérience personnelle",NAN,"""Perception du Salvador, débats politiques et comparaison d'intelligence : Réflexions sur les propos controversés en France"""
a888819b11945f173ca18254e18ffe46,politique,recueillant des soutiens au plus niveau  bitcoin s'enracine...,https://www.youtube.com/watch?v=D1LhLwA1EhE&t=8s, comment bitcoin change societe,"Le texte évoque des discussions sur la perception du Salvador, des débats sérieux, des excuses pour des propos tenus sur un ministre du numérique et la comparaison de l'intelligence des politiques français avec celle de Jean.","Salvador, Bitcoin, Minage, Lightning Network, Conférence, Monnaie officielle, Conseils gouvernement, Volatilité du Bitcoin, Comptes courants, Conversion, Infrastructures, Gouvernement, Ambiance folle, Stratégie, Cryptomonnaies, Chine, Rencontre officiels, Conseils, Expérience personnelle",NAN,"""Perception du Salvador, débats politiques et comparaison d'intelligence : Réflexions sur les propos controversés en France"""
a888819b11945f173ca18254e18ffe46,politique,recueillant des soutiens au plus niveau  bitcoin s'enracine...,https://www.youtube.com/watch?v=D1LhLwA1EhE&t=8s, comment bitcoin change societe,"Le texte évoque des discussions sur la perception du Salvador, des débats sérieux, des excuses pour des propos tenus sur un ministre du numérique et la comparaison de l'intelligence des politiques français avec celle de Jean.","Salvador, Bitcoin, Minage, Lightning Network, Conférence, Monnaie officielle, Conseils gouvernement, Volatilité du Bitcoin, Comptes courants, Conversion, Infrastructures, Gouvernement, Ambiance folle, Stratégie, Cryptomonnaies, Chine, Rencontre officiels, Conseils, Expérience personnelle",NAN,"""Perception du Salvador, débats politiques et comparaison d'intelligence : Réflexions sur les propos controversés en France"""
a888819b11945f173ca18254e18ffe46,politique,recueillant des soutiens au plus niveau  bitcoin s'enracine...,https://www.youtube.com/watch?v=D1LhLwA1EhE&t=8s, comment bitcoin change societe,"Le texte évoque des discussions sur la perception du Salvador, des débats sérieux, des excuses pour des propos tenus sur un ministre du numérique et la comparaison de l'intelligence des politiques français avec celle de Jean.","Salvador, Bitcoin, Minage, Lightning Network, Conférence, Monnaie officielle, Conseils gouvernement, Volatilité du Bitcoin, Comptes courants, Conversion, Infrastructures, Gouvernement, Ambiance folle, Stratégie, Cryptomonnaies, Chine, Rencontre officiels, Conseils, Expérience personnelle",NAN,"""Perception du Salvador, débats politiques et comparaison d'intelligence : Réflexions sur les propos controversés en France"""
a888819b11945f173ca18254e18ffe46,politique,recueillant des soutiens au plus niveau  bitcoin s'enracine...,https://www.youtube.com/watch?v=D1LhLwA1EhE&t=8s, comment bitcoin change societe,"Le texte évoque des discussions sur la perception du Salvador, des débats sérieux, des excuses pour des propos tenus sur un ministre du numérique et la comparaison de l'intelligence des politiques français avec celle de Jean.","Salvador, Bitcoin, Minage, Lightning Network, Conférence, Monnaie officielle, Conseils gouvernement, Volatilité du Bitcoin, Comptes courants, Conversion, Infrastructures, Gouvernement, Ambiance folle, Stratégie, Cryptomonnaies, Chine, Rencontre officiels, Conseils, Expérience personnelle",NAN,"""Perception du Salvador, débats politiques et comparaison d'intelligence : Réflexions sur les propos controversés en France"""
a888819b11945f173ca18254e18ffe46,politique,recueillant des soutiens au plus niveau  bitcoin s'enracine...,https://www.youtube.com/watch?v=D1LhLwA1EhE&t=8s, comment bitcoin change societe,"Le texte évoque des discussions sur la perception du Salvador, des débats sérieux, des excuses pour des propos tenus sur un ministre du numérique et la comparaison de l'intelligence des politiques français avec celle de Jean.","Salvador, Bitcoin, Minage, Lightning Network, Conférence, Monnaie officielle, Conseils gouvernement, Volatilité du Bitcoin, Comptes courants, Conversion, Infrastructures, Gouvernement, Ambiance folle, Stratégie, Cryptomonnaies, Chine, Rencontre officiels, Conseils, Expérience personnelle",NAN,"""Perception du Salvador, débats politiques et comparaison d'intelligence : Réflexions sur les propos controversés en France"""
112ece1cf709c2ceb1e4a84c5134b621,politique,"bitcoin : securite  violence, et guerre",https://www.youtube.com/watch?v=DX8JorPfXn4, comment bitcoin change societe,"Le locuteur exprime sa satisfaction et son admiration pour la conférence Bitcoin à Biarritz, soulignant le travail exceptionnel de l'équipe organisatrice. Il félicite l'équipe pour avoir réussi à tenir leur pari ambitieux d'organiser la plus grande conférence Bitcoin en Europe.","Bitcoin, Conférence, Monnaie, Politique, Apolitique, Cryptomonnaie, Dépolitiser, Violence légitime, Décision politique, Éthique, Liberté individuelle, Totalitarisme, Société ouverte, Pulsions totalitaires, Vie privée, Asservissement, Gestion monétaire, Champ politique",34,"""Éloge de la conférence Bitcoin à Biarritz : Réussite d'une ambition exceptionnelle"""
ee675036204eda9aa16e6035633c9977,politique,"bitcoin : securite  violence, et guerre",https://www.youtube.com/watch?v=3Rnqst5qCgA, comment bitcoin change societe,"Bitcoin est décrit comme de l'or artificiel sans valeur, mais aussi comme la technologie monétaire la plus supérieure ayant jamais existé. Il est associé à des spéculations folles et à des pertes de biens pour de nombreuses familles en 1948.","Bitcoin, Technologie monétaire supérieure, Effondrements monétaires et économiques, Reconstruction après la Seconde Guerre mondiale, Tyrannie et dépréciation monétaire, Création de cryptomonnaie, Cycle menant à la tyrannie et à la guerre, Liberté et responsabilité individuelle, Guerre non déclarée pour la propriété et l'argent, Ennemis de la liberté et de la responsabilité, Cryptomonnaie comme protection et abri, Abondance, créativité et paix en 2048",15,"""Bitcoin : Entre Folie Spéculative et Révolution Monétaire"""
9d6bddd4ddab580fc02bd31f5cd42bd1,politique,"bitcoin : securite  violence, et guerre",https://www.youtube.com/watch?v=WwY7qNXEv74, comment bitcoin change societe,"Le texte évoque la notion de l'objection de conscience en temps de guerre et son lien avec le patriotisme. Il souligne comment, durant les conflits, le patriotisme est souvent invoqué pour inciter les citoyens à soutenir financièrement l'effort de guerre.","Guerre, Objecteurs de conscience, Patriotisme, Devoirs patriotiques, Gagnants et perdants, Conflit entre devises, Dollar, Peso, Lira, Géopolitique, Bitcoin, Actions, Immobilier, Or, Matières premières, Bataille, Diplomates, Éducation, Force, Choix des batailles",4,"""Patriotisme et Objection de Conscience: Le Lien en Temps de Guerre"""
22149bf57914c66e05b117594a4cf03c,politique,bitcoin : aspiration et positionnement  politique,https://nakamotoinstitute.org/politics-vs-technology/, comment bitcoin change societe,"La technologie offre des gains permanents, contrairement à l'approche politique qui est plutôt un outil tactique temporaire. Pour changer le monde, privilégiez les solutions technologiques aux protestations politiques.","Politique vs Technologie, Cypherpunks, Clipper Proposal, Enquête sur l'exportation de PGP, Privacy et Sécurité, Cinquième Amendement, Libre circulation de PGP, Cryptographie, Clés cryptographiques, Limitations légales, Liberté et Vie Privée, Société idéale, Réalité vs Technologie",2,"""Privilégiez les solutions technologiques pour changer le monde"""
4cdf32e70a245fc4de020533869e00a3,politique,bitcoin : aspiration et positionnement  politique,https://decouvrebitcoin.com/la-librairie/articles/article-manifeste-crypto-anarchiste/, comment bitcoin change societe,"Le texte discute du ""Manifeste Crypto-Anarchiste"" de Timothy C. May, écrit le 22 novembre 1992.","Manifeste Crypto-Anarchiste, Crypto-anarchisme, Capacité informatique, Communication anonyme, Chiffrement, Réseaux informatiques, Sécurité nationale, Vente de secrets nationaux, Marché électronique anonyme, Influence des gouvernements et des corporations, Bourses de l'information, Propriété intellectuelle, Mathématiques, Barrières, Timothy C. May",,"""Manifeste Crypto-Anarchiste: Liberté et Cryptographie en 1992"""
2dc5fae8272f286984f2e1d7d14364af,politique,bitcoin : aspiration et positionnement  politique,https://decouvrebitcoin.com/la-librairie/articles/article-declaration-dindependance-du-cyberespace/, comment bitcoin change societe,"La déclaration d'indépendance du cyberespace aborde des sujets tels que la monnaie Bitcoin, la sécurité, le Lightning Network, l'écologie, les aspects juridiques et l'utilisation de Bitcoin au Salvador.","Déclaration d'indépendance du cyberespace, Gouvernements et souveraineté, Liberté et autorité, Frontières et construction du cyberespace, Conversation et richesse collective, Contrat social et autorité, Échanges et relations dans le cyberespace, Identité et expression, Autorité par l'éthique et l'intérêt public, Lois et Constitution, Responsabilité parentale et bureaucraties, Conversation globale informatique",8,"""Bitcoin et l'Indépendance Numérique : Réflexions sur la Sécurité, l'Écologie et l'Impact"
514e80c64fbdc37777d8c832bb74c031,politique,bitcoin : aspiration et positionnement  politique,https://decouvrebitcoin.com/la-librairie/articles/article-le-manifeste-dun-cypherpunk/, comment bitcoin change societe,"Le texte discute du manifeste d'un cypherpunk, mettant en lumière les principes et les idéaux fondamentaux de ce mouvement. Il aborde probablement des sujets tels que la confidentialité, la sécurité et la liberté dans le contexte des technologies numériques.","Cypherpunk, Vie privée, Échange, Liberté d'expression, Cryptographie, Anonymat, Société ouverte, Systèmes d'échange anonymes, Confidentialité, Technologie électronique, Monnaie électronique",8,"""Manifeste Cypherpunk : Défense de la Confidentialité et de la Liberté Numérique"""
928a89f31dd002e8ff27e4bdfc8f95b7,politique,recueillant des soutiens au plus niveau  bitcoin s'enracine...,https://yorickdem.medium.com/etats-bitcoin-le-choc-des-titans-c837a661dd15, comment bitcoin change societe,"Le texte aborde la possibilité de voir le prix du bitcoin atteindre 200 000 USD en 2025 et explore comment les États pourraient réagir à cette situation, en considérant divers scénarios et l'impact sur les valeurs refuge et l'inflation.","Bitcoin, Etats, Monnaies fiat, Politiques monétaires, Emission monétaire, Banques centrales, Campagne médiatique, Normes KYC/AML, Monnaies digitales de banques centrales, Valeur refuge, Inflation monétaire, Industrie du minage, Marché noir, Maximalistes toxiques, Protocole open source, Régime totalitaire, Emplois, Lobbying",9,"""Bitcoin : Vers 200 000 USD en 2025 - Réactions des États, Valeurs Refuges, Inflation"""
cea755ce1c477427bee2cb158882e907,politique,recueillant des soutiens au plus niveau  bitcoin s'enracine...,https://tftc.io/martys-bent/issue-1308-more-discrimination-against-bitcoin-miners/, comment bitcoin change societe,"Le texte aborde le sujet de la discrimination croissante à l'encontre des mineurs de Bitcoin, soulignant la nécessité d'y mettre fin en raison de son caractère répulsif et contre-productif.","Discrimination contre les mineurs de bitcoin, Mesures discriminatoires au Paraguay, Augmentation des tarifs d'électricité pour les mineurs de bitcoin, Impact sur les marges des mineurs de bitcoin, Gaspillage d'électricité au Paraguay, Relations entre mineurs de bitcoin et gouvernements, Perturbation des mécanismes de prix naturels, Conséquences négatives de la discrimination, Perte de revenus pour les mineurs, les compagnies d'électricité et le gouvernement, Besoin d'arrêter ce type de discrimination",5,"""Éradiquer la Discrimination envers les Mineurs de Bitcoin : Un Impératif Moral et Productif"""
980ffae51e982d6c6eb7f398b440afb6,politique,"bitcoin : securite  violence, et guerre",https://btctouchpoint.com/fr/cycles-politiques-institutionnels-et-culturels/#sov1, comment bitcoin change societe,"Le texte aborde l'influence de Bitcoin sur les cycles politiques, institutionnels et culturels. Il explore comment Bitcoin impacte la société, la culture et les individus, tout en fournissant des ressources pratiques pour mieux comprendre cette cryptomonnaie.","Cycles politiques, institutionnels et culturels, Le Quatrième tournant, Cycle générationnel récurrent, Saeculum, Quatre saisons/tournants : Ivresse, Éveil, Dénouement, Crise, Archétypes générationnels : Prophètes, Nomades, Héros, Artistes, Prédiction de l'approche du 4ème tournant, Individualisme vs. collectivisme, Totalitarisme, Bitcoin comme moteur de renaissance",,"""Bitcoin : Impact sur les Cycles Politiques, Institutionnels et Culturels"""
32ee630c7ec0ac340be4af9b10748df0,politique,"bitcoin : securite  violence, et guerre",https://www.btcpolicy.org/articles/the-actual-impact-of-bitcoin-on-war, comment bitcoin change societe,"Le texte examine l'impact réel du Bitcoin sur la guerre, mettant en lumière les effets potentiels de la cryptomonnaie sur divers domaines tels que la sécurité nationale, la géoéconomie et l'inclusion financière.","Impact de Bitcoin sur la guerre, Relations géopolitiques et Bitcoin, Calcul de la violence et projection de la puissance par les États, Rôle de Bitcoin dans la réduction des conflits, Propriété physique vs propriété numérique, Bitcoin et la violence humaine, Trois tendances clés: réduction du budget de guerre, amélioration des technologies de combat, compétition minière globale",,"""Bitcoin et la Guerre : Implications sur la Sécurité, l'Économie et l'Inclusion Financière"""
158a91cc34e7821c06c12d3d23cd67fd,politique,"bitcoin : securite  violence, et guerre",http://blog.lavoiedubitcoin.info/post/jubil%C3%A9, comment bitcoin change societe,"Le texte aborde des réflexions suscitées par le Jubilé de Sa Gracieuse Majesté, mettant en avant des considérations sur le temps, l'argent, et les fondements de l'ordre.","Monnaie, Violence, Confiance, Institutions, Thèses d'Aglietta et d'Orléan, État, Manifestations, Érosion de la confiance, Violence d'État, Supporters anglais, Faux billets",,"""Réflexions sur le Jubilé de Sa Gracieuse Majesté: Temps, Argent et Ordre"""
bc4b22e9233bc74f172b768a444df36e,politique,"bitcoin : securite  violence, et guerre",https://dergigi.com/threads/understand-peace, comment bitcoin change societe,"Le texte discute de la distinction entre la puissance physique brute utilisée par les nations pour la défense et le concept de Bitcoin. Il souligne que Bitcoin diffère de la puissance physique en ne se basant pas sur une démonstration de force, mais sur la création d'une réalité différente.","Bitcoin, Signal costly et incontestable, Coût inaltérable, Résistance à la censure, Résolution des conflits, Propriété inaliénable, Nature de l'information vs. objets physiques, Propagation de l'information, Domaine des idées, Règlement des litiges en dehors de la loi, Limitations physiques de la propagation de l'information, Attaques par force de hachage, Nature économique de PoW et réactivité du réseau",,"""Bitcoin: Redéfinir la Puissance à Travers la Création d'une Réalité Différente"""
