id,title,subtitle,links,quadrant,summary,descriptions,time_min,titles
60538533812d2d0d29ed0ece3a9fefd1,preference temporelle,rabaisser notre preference temporelle,https://www.youtube.com/watch?v=8vJCub3Lvgc, comment bitcoin me change,"Le texte évoque une conversation entre Richard et John, où Richard exprime son appréciation pour le travail de John et son admiration pour ceux qui créent dans cet espace, soulignant l'inspiration et la diversité des interprétations.","Inspiration, Bitcoin, Art and creativity, Propaganda, Self-interest, Bottom-up incentives, Bitcoin ethos, Time preference, Lifestyle, Savings",54.0,"""Appréciation de la créativité : Richard et John discutent de l'inspiration et de la diversité dans le travail"
fe926979bb765dc79482e1da3b0a9b89,preference temporelle,rabaisser notre preference temporelle,https://youtu.be/cwqJOl3yan8?t=3292, comment bitcoin me change,"Les libertés sont menacées et suscitent un manque d'indifférence généralisé, selon les propos d'Alexandre Stachtchenko sur YouTube.","Libertés attaquées, Indifférence générale, YouTube, Droits d'auteur, Contact, Publicité, Développeurs, Conditions d'utilisation, Confidentialité, Règles et sécurité, Google LLC",0.0,"""Menace sur les Libertés : Un Cri d'Alarme par Alexandre Stachtchenko sur YouTube"""
e1fd60a83878b391b73076fe5ed17773,preference temporelle,rabaisser notre preference temporelle,https://btctouchpoint.com/fr/letalon-fiat-de-saifedean-ammous-resume/, comment bitcoin me change,"Résumé : L’Étalon Fiat, de Saifedean Ammous, est présenté sur BTC TouchPoint. Le texte aborde des sujets liés à Bitcoin, en expliquant comment cette monnaie numérique influence la société et la culture. Diverses ressources sont également disponibles pour approfondir la compréhension de Bitcoin.","L'Étalon Fiat de Saifedean Ammous, Monnaie fiat, Dollar, euro, monnaies étatiques, Création de monnaies sur simple volonté, Convertibilité du dollar en or, Vendabilité dans l'espace, Vendabilité dans le temps, Performance des monnaies fiat, Vendabilité de l'or, Rôle des banques, Réserves fractionnaires, Maintien du pouvoir d'achat, Inflation, Volatilité du Bitcoin, Blockchain",21.0,"""Bitcoin : L'Étalon Fiat et son Influence sur la Société"""
0299b5890699cf6a52c76745c952e74e,preference temporelle,rabaisser notre preference temporelle,/, comment bitcoin me change,"Le but de ce résumé est de donner un aperçu clair des points principaux et des sujets clés abordés dans le texte. Il doit être adapté à la compréhension humaine en présentant les informations essentielles de manière concise. Assurez-vous que le résumé capture l'essence du texte sans entrer dans les détails spécifiques. Mettez en avant les insights importants, les conclusions et les implications significatives discutées dans le texte.","Intelligence artificielle, Traitement du langage naturel, Algorithmes, Réseaux neuronaux, Apprentissage automatique, Chatbots, Analyse de sentiments, Compréhension des textes, Modèles pré-entrainés, Domaines d'application",,"""Aperçu Clair des Points Principaux et des Sujets Clés"""
d889e902d6d524c1420511c92fa1130f,preference temporelle,rabaisser notre preference temporelle,https://bitcointimes.io/making-time-preference-low-again/, comment bitcoin me change,"Le texte discute de l'importance de la dureté de la monnaie pour contrôler la préférence temporelle, soulignant son lien avec l'économie autrichienne.","Préférence temporelle, Économie autrichienne, Scarcité du temps, Choix économique, Comportement humain, Vie et mort, Valeur des biens présents et futurs, Enfance et préférence temporelle, Âge adulte et préférence temporelle, Vieillesse et préférence temporelle",28.0,"""La Dureté de la Monnaie: Clé de Contrôle de la Préférence Temporelle en Économie"
07dd0de207df9fa42d2e7e10de86519a,preference temporelle,rabaisser notre preference temporelle,https://youtu.be/ERqxZMgKExM?t=947, comment bitcoin me change,"La vidéo traite du malaise psychique dans la population française, présenté par Marie-Estelle Dupont sur YouTube.","Marie-Estelle Dupont, Malaise psychique, Population française, YouTube, Présentation, Droits d'auteur, Contact, Créateurs, Publicité, Développeurs, Conditions d'utilisation, Confidentialité, Règles et sécurité, Nouvelles fonctionnalités, Google LLC",0.0,"""La Sensibilisation au Malaise Psychique en France : Analyse par Marie-Estelle Dupont sur YouTube"""
