id,title,subtitle,links,quadrant,summary,descriptions,time_min,titles
5f12427421b3f5ca69c6622fc638bfd7,racines cypherpunk,1. la culture de bitcoin est d'essence cypherpunk,https://bitcoin.fr/Histoire/, comment bitcoin influ culture,Le texte parle des dates importantes de Bitcoin et invite à comprendre le fonctionnement de cette cryptomonnaie.,"Dates importantes liées à Bitcoin, Forth, Chiffrement RSA, Arbre de Merkle, Signatures aveugles, Manifeste Crypto-anarchiste, DigiCash, Time-stamping, ECDSA, Preuve de travail, Magic Money, Smart contract, Horodatage immuable, Déclaration d'indépendance du cyberespace, Hashcash, Cash numérique public distribué, E-cash fiable, Service d'horodatage sécurisé, Technologie pair-à-pair (P2P), Napster, Points de vulnérabilité",56.0,"""Découvrir les Dates Clés de Bitcoin: Comprendre le Fonctionnement de la Cryptomonnaie"""
75d1d41b675849bdf51b303731da57de,racines cypherpunk,1. la culture de bitcoin est d'essence cypherpunk,https://yorickdem.medium.com/les-racines-philosophiques-du-bitcoin-17f397e30720, comment bitcoin influ culture,"Le texte discute des racines philosophiques du bitcoin, soulignant que sa conception en 2008 a été perçue comme une réaction à la crise financière mondiale de la même année. Il mentionne également l'implication de Satoshi Nakamoto dans la création de cette cryptomonnaie.","Bitcoin, Crise financière mondiale de 2008, Satoshi Nakamoto, Blockchain, Cypherpunks, Vie privée, Chiffrement, Crypto-anarchisme, Révolution numérique, Échanges anonymes, Cryptographie, Écoutes illégales, Solutions de chiffrement, Confiance mathématique, Internet, Protocoles technologiques libres, Système monétaire sur Internet, Paiement électronique, Monnaie contrôlée par les États et les banques",8.0,"""Les racines philosophiques du bitcoin : une réaction à la crise financière mondiale de 2008"""
713e19cc00e37f954cb85ebf9d145b64,racines cypherpunk,1. la culture de bitcoin est d'essence cypherpunk,https://decouvrebitcoin.com/la-librairie/articles/article-manifeste-crypto-anarchiste/, comment bitcoin influ culture,"Le ""Manifeste Crypto-Anarchiste"" de Timothy C. May, publié le 22 novembre 1992, est le sujet principal abordé dans l'article.","Manifeste Crypto-Anarchiste, Crypto-anarchisme, Capacité de communication anonyme, Chiffrement, Réputation, Régulation gouvernementale, Technologies de chiffrement, Réseaux informatiques, Vitesse des ordinateurs, Sécurité nationale, Utilisation par des dealers et des fraudeurs, Imprimerie, Influence des gouvernements et des corporations, Bourses de l'information, Propriété intellectuelle",,"""Le Manifeste Crypto-Anarchiste de Timothy C. May : Un regard révélateur sur la révolution numérique de 1992"
a04000597a32833ab4536499dcfb95b4,racines cypherpunk,1. la culture de bitcoin est d'essence cypherpunk,https://decouvrebitcoin.com/la-librairie/articles/article-declaration-dindependance-du-cyberespace/, comment bitcoin influ culture,"Le texte discute de la Déclaration d'indépendance du cyberespace, mettant en avant des sujets comme la sécurité Bitcoin, l'impact écologique, le Lightning Network et les aspects juridiques liés à Bitcoin.","Déclaration d'indépendance du cyberespace, Gouvernements, Souveraineté, Tyrannie, Consentement, Frontières, Conversation globale, Contrat social, Autorité, Identité, Liberté d'expression, Règle d'Or, Loi sur la réforme des télécommunications, Bureaucraties, Chine, Allemagne, France, Russie, Singapour, Italie, États-Unis",8.0,"""Déclaration d'indépendance du cyberespace : Sécurité, Impact Écologique, et Aspects Juridiques"
729d142b9d8ab728bbe2d38b98224f23,racines cypherpunk,1. la culture de bitcoin est d'essence cypherpunk,https://decouvrebitcoin.com/la-librairie/articles/article-le-manifeste-dun-cypherpunk/, comment bitcoin influ culture,"Le manifeste d'un cypherpunk aborde les idées et principes essentiels du mouvement cypherpunk, mettant en avant des notions telles que la sécurité, la cryptographie et la liberté individuelle.","Cypherpunk, Vie privée, Échange anonyme, Cryptographie, Anonymat, Liberté d'expression, Sécurité, Confidentialité, Systèmes électroniques, Monnaie électronique",8.0,"""Manifeste Cypherpunk: Sécurité, Cryptographie et Liberté"""
