id,title,subtitle,links,quadrant,summary,descriptions,time_min,titles
6d1b8eaf858975d02fb80157a9b45a31,realisation de soi,"decortiquer,  denouer, reveler",https://www.youtube.com/watch?v=wzngK-zgt7o&list=PL8GxRkxnvMl0SI_-85UNfxXRo8rQJqIHU&t=2280s, comment bitcoin me change,"Le texte parle de l'observation des changements personnels causés par l'apprentissage et l'engagement avec Bitcoin, soulignant l'aspect fascinant de ce phénomène. L'auteur mentionne la présence de Bang Bitcoin, un invité anonyme, pour partager ses réflexions et son histoire. Le sponsor de l'émission, BitB, est également remercié.","Bitcoin, Observing behavior changes, Personal changes from engaging with Bitcoin, Bitbox O2 (hardware wallet), Securing Bitcoin, Using hardware wallet, Seed phrase, Multi-sig, Privacy, Bitcoin Twitter, Bitcoin culture emergence, Ethics and ideas in Bitcoin culture",NAN,"""Évolution personnelle à travers Bitcoin : Témoignage de Bang Bitcoin"""
e28cb17e4b439fcc36d8585fece0add3,realisation de soi,"decortiquer,  denouer, reveler",https://www.youtube.com/watch?v=PiSsxVM0B-U, comment bitcoin me change,"La façon dont les gens perçoivent le monde peut révéler des aspects de leur personnalité, y compris des traits non résolus. Parler des méfaits du système étatique peut refléter de bonnes intentions, mais aussi des aspects personnels non résolus. L'intérêt pour Bitcoin pourrait être lié à ces réflexions.","Opinions and character, Malevolence of statism, Bitcoin journey, Ego death, The What is Money Show, Michael Saylor series, Sponsorship model, Wolf's clothing accelerator program, Jeff Booth, Ego Death Capital, Bitcoin-focused VC, Transition of Humanity, Peer-to-peer decentralized internet",76,"""Reflets de personnalité : Les liens entre opinion politique, intentions et intérêt pour Bitcoin"""
0aa0bf08ad4bf550b6442efea3d28e10,realisation de soi,bitcoin stimule l'interet pour la spiritualite,https://www.youtube.com/watch?v=lQsVjSMfjS8, comment bitcoin me change,Le texte discute d'une personne sur le point de partager une vidéo en direct sur Twitter. L'interlocuteur exprime sa gratitude pour la discussion et souligne le travail prolifique de l'autre personne en écriture récente.,"Bitcoin, Authentique, Écrits sur Bitcoin, Nouvelle civilisation, Transformation individuelle, Emergence d'une nouvelle culture, Redéfinition de l'argent, Argent comme capital, Coordination et coopération, Sincérité de Bitcoin, Travail et mérite, Création de richesse, Idées puissantes, Récit personnel de découverte de Bitcoin",154,"""Gratitude et Productivité: Préparation à la Diffusion en Direct sur Twitter"""
ec4b24286467e0964deb0a16b82fa823,realisation de soi,bitcoin stimule l'interet pour la spiritualite,https://www.youtube.com/watch?v=t2gCpaqmUMk, comment bitcoin me change,"L'auteur apprécie l'expérience de prendre du LSD dans des endroits inhabituels comme les aéroports et les casinos, se sentant comme s'il voyageait à travers des paysages évoquant l'enfer de Dante. Il mentionne un voyage antérieur sous champignons à Caesars Palace à l'adolescence.","LSD, Lieux favoris : aéroports, casinos, Expérience comme un voyage à travers l'enfer de Dante et la Virginie, Expériences avec champignons et casinos, Préférence pour l'isolement naturel lors de la prise de psychédéliques, Expériences de fêtes avec psychédéliques, Mélange de molly et champignons, MDMA et thérapie assistée, Utilisation potentielle de MDMA pour le traitement du PTSD, Avancement des essais cliniques de la MDMA, Disponibilité future de la MDMA pour prescription",189,"""Explorations psychédéliques: Voyages en LSD à travers les aéroports et les casinos"""
9d9e66619c15f877761d5b0364a93fce,realisation de soi,"decortiquer,  denouer, reveler",https://youtu.be/xqqLVXSSGuo?t=1318, comment bitcoin me change,"John Vallis se montre optimiste à l'égard des adeptes du Bitcoin dans une vidéo YouTube abordant le Bitcoin, l'argent, la crypto et les cryptomonnaies.","John Vallis, Bullish, Bitcoin, Money, Crypto, Cryptocurrency, YouTube, Présentation, Droits d'auteur, Contact, Publicité, Développeurs, Conditions d'utilisation, Confidentialité, Règles et sécurité, Google LLC",,"""Optimisme de John Vallis envers les adeptes du Bitcoin et des cryptomonnaies"""
1c0ef4cf779bee1c71b0b4009a10003b,realisation de soi,bitcoin stimule l'interet pour la spiritualite,https://youtu.be/xqqLVXSSGuo?t=1753, comment bitcoin me change,John Vallis exprime un sentiment positif envers les investisseurs de Bitcoin lors d'une discussion sur YouTube.,"John Vallis, Bitcoin, Monnaie, Crypto, Cryptomonnaie, YouTube, Objectif, Concepts clés",,"""John Vallis partage un avis optimiste sur les investisseurs de Bitcoin lors d'une discussion YouTube"""
933e0ece366d506df8bb8788898293a6,realisation de soi,bitcoin stimule l'interet pour la spiritualite,https://tomerstrolight.medium.com/the-legendary-treasure-of-satoshi-nakamoto-c3621c5b2106, comment bitcoin me change,"Le texte explore la dimension spirituelle de l'argent à travers le prisme de Bitcoin, suggérant que la monnaie peut dépasser son aspect matériel pour toucher des sphères plus profondes et immatérielles telles que l'amitié et l'intelligence.","Bitcoin, Satoshi Nakamoto, Spiritual awakening, Origin story, Mysterious figure, Invention of Bitcoin, Disguised identity, Bitcoin's features, Bitcoin's functioning, Satoshi's disappearance, Bitcoin's sustainability, Global spread of Bitcoin",29,"""Bitcoin: L'argent transcendant le matériel pour l'amitié et l'intelligence"""
679348131bf525e7d8e81d04b24383cb,realisation de soi,bitcoin stimule l'interet pour la spiritualite,https://tomerstrolight.medium.com/the-lesson-of-the-golden-teacher-ee133f98efde, comment bitcoin me change,"Dans cette histoire, l'auteur partage une leçon tirée du professeur doré, le plus sage de tous. Lors d'une conférence universitaire, les étudiants de différents niveaux d'études sont réunis pour écouter ce maître. L'histoire souligne l'importance de l'apprentissage et de la sagesse à travers l'expérience du professeur doré.","Leçon du Maître d'Or, Conférence universitaire, Professeur exceptionnel, Attente et anticipation, Apparence du Maître d'Or, Silence et tension, Réactions émotionnelles des déans, Gestes de gratitude et respect, Impact sur les spectateurs, Révélation personnelle, Émotions et réflexions des déans",13,"""La sagesse du professeur doré: une leçon d'apprentissage universitaire"""
48acaf76bf8aaa2fcd471aec4f9c2dc3,realisation de soi,bitcoin stimule l'interet pour la spiritualite,https://tomerstrolight.medium.com/proof-of-god-5b98e0977c3a, comment bitcoin me change,"Le texte explique comment observer les miracles de Dieu en regardant autour de soi pour voir la beauté et l'ordre de la création, ce qui constitue une preuve de l'existence de Dieu.","Preuve de Dieu, Les miracles de Dieu, le Créateur, La créativité humaine, Co-création, Aimer son prochain, À l'image du Créateur, Votre travail est votre témoignage",8,"""Contempler la Beauté de la Création : Preuves des Miracles de Dieu"""
