id,title,subtitle,links,quadrant,summary,descriptions,time_min,titles
c4e3abba8e411bdba8de7f4d2df61475,reseau lightning,1.  fonctionnement du lightning network,https://www.youtube.com/watch?v=r5aYWwNXJIg, comment bitcoin change societe,"Le réseau Bitcoin peut gérer jusqu'à sept transactions par seconde, visant à atteindre des milliers de transactions. Bien que Bitcoin soit souvent associé à un rôle d'or numérique, il possède une capacité de traitement significative.","Réseau Bitcoin, Capacité de transactions, Lightning Network, Canaux de paiement, Mise à l'échelle du réseau, Satoshi, Microtransactions, Confidentialité des transactions, Validation des transactions",13,"""La Capacité de Traitement du Réseau Bitcoin: Vers des Milliers de Transactions"""
1c02fa4424f34001fa57924b678b82b3,reseau lightning,1.  fonctionnement du lightning network,https://www.youtube.com/watch?v=Yg8VeeD9Mkw, comment bitcoin change societe,"Le Réseau Lightning 6 facilite le stockage d'argent de manière permanente, similaire à un portefeuille. Il s'agit d'un moyen pratique pour effectuer de petites dépenses tout en laissant vos économies en sécurité ailleurs.","Lightning Network, Porte-monnaie, Transactions Bitcoin, Décentralisation, Sécurité, Scalabilité, Réseau parallèle à Bitcoin, Limitations de Bitcoin, Couche de base, Deuxième couche, Protocole open source, Transactions en Bitcoin, Sécurité des transactions, Cryptographie asymétrique, Mécanisme anti-triche, Fraudes, Réseau Lightning, Frais de transaction",22,"""Stockage d'argent sécurisé avec le Réseau Lightning 6"""
4682fd79627015d4b31a3e792f353b00,reseau lightning,1.  fonctionnement du lightning network,https://academie.decouvrebitcoin.fr/courses/ln-201-introduction-theorique-au-lightning-network/, comment bitcoin change societe,"Le cours LN 201 est une introduction théorique au Lightning Network. Son objectif est de découvrir ce réseau sous un angle technique, en expliquant comment il est créé.","LN 201 Introduction théorique au Lightning Network, Objectif : Découvrir le Lightning Network sous l'angle technique, Cours théorique sur le fonctionnement technique du Lightning Network, Deuxième couche de Bitcoin, Fonctionnement technique du réseau, Canaux de paiement, mécanismes de sécurité, fonctionnements en réseau, Gestion de la liquidité et les frais, Termes : HTLC, LNURL, UTXO, Utilisation théorique du Lightning Network, Projet 100% open source, Durée du cours : 6 heures, 12 chapitres, Contenu des leçons :",8,"""Découverte technique du Lightning Network : Cours LN 201"""
1eff3683ab62195bf32ae51f3d55dc64,reseau lightning,1.  fonctionnement du lightning network,https://emeralize.app/course/2/, comment bitcoin change societe,"Le texte parle de cours sur le réseau Lightning de Bitcoin, avec des sujets tels que les portefeuilles Lightning, l'utilisation de Lightning pour les créateurs et une introduction au réseau Lightning.","Emeralize, Cours Lightning, Portefeuilles Lightning Bitcoin, Avantages de l'utilisation de Lightning, Recommandations de portefeuilles, Lightning pour les créateurs, Réseaux Lightning, Paiements instantanés, bon marché et atomiques, LNURL, Protocole d'orchestration de paiement, Évolution des paiements Lightning, Conception de produits, Figma, Paywall Lightning Network",1,"""Exploration du Réseau Lightning de Bitcoin: Cours et Utilisations"""
d72aaa6a9a8d43d0f05a432b6412a3fb,reseau lightning,2.  cas d'usage /applications lightning,https://decouvrebitcoin.fr/regardez-tout-ce-quon-peut-faire-sur-lightning/, comment bitcoin change societe,"Découvrez les nombreuses possibilités offertes par le Lightning Network, y compris des ressources éducatives, des tutoriels, des informations techniques et des aspects pratiques comme l'achat de bitcoins.","Lightning Network, Portefeuilles LN, Bots LN, Logiciels et hébergement de nœuds, Outils, explorateurs, analyseurs, statistiques LN, Paquets de logiciels, applications, solutions LN, Jeux Bitcoin",13,"""Exploration du Lightning Network : Ressources Éducatives, Tutoriels et Achats de Bitcoins"""
5b36d2847d7dd3fdb25d7bb0ba4f9b76,reseau lightning,2.  cas d'usage /applications lightning,https://emeralize.app/course/2/resource/12/, comment bitcoin change societe,"Le texte parle de ""Lightning for Creators"", une présentation destinée à tous les créateurs, offrant des stratégies pour commencer à gagner des ""sats"" en utilisant le réseau Lightning, peu importe le type de création, des articles de blog au streaming.","Lightning for Creators, Créateurs de tous types, Gagner des sats, Réseau Lightning, Stratégies pour gagner, Santos, ZBD, Présentation, Débuter",0,"""Lightning for Creators: Stratégies pour Gagner des Sats en Créant"""
4eecab47332efb1410885a3746756598,reseau lightning,2.  cas d'usage /applications lightning,https://medium.com/synonym-to/charging-ahead-why-its-time-for-exchanges-to-add-lightning-54241ac6cf33, comment bitcoin change societe,"Le texte met en avant l'importance de l'intégration de la technologie Lightning sur les plateformes d'échanges en raison des frais élevés actuels, potentiellement liés aux ordinaux et aux jetons BRC-20. Il souligne la croissance de Lightning depuis sa création et encourage les bourses à considérer son ajout à leur gamme de produits.","Croissance du réseau Lightning, Raisons pour lesquelles les échanges devraient intégrer Lightning, Incitations pour les échanges à adopter Lightning, Avantages de l'intégration de Lightning pour les échanges, Avantage concurrentiel sur les frais, Augmentation du volume, Adoption précoce par des acteurs majeurs, Amélioration de la gestion des UTXO, Préparation à l'adoption massive, Infrastructure pour prendre en charge le Lightning Network",6,"""Intégration de la technologie Lightning sur les plateformes d'échanges : Réduire les frais et encourager l'ad"
506fc7e257748b7e91d56ee87cdd0905,reseau lightning,2.  cas d'usage /applications lightning,https://medium.com/breez-technology/we-need-more-apps-with-lightning-not-more-lightning-apps-b5f37f9ac8bd, comment bitcoin change societe,"Il est souligné dans le texte que bien que la première caméra numérique ait été créée il y a près de 50 ans avec une résolution de 100x100 pixels, l'accent devrait être mis sur l'intégration de la technologie existante dans de nouveaux domaines plutôt que de simplement créer plus d'applications centrées sur cette technologie.","Évolution de la technologie des appareils photo numériques, Révolution des appareils photo numériques avec l'iPhone, Importance des applications connectées à d'autres technologies, Caractéristiques de Lightning (paiements rapides, programmables, sans frontières), Problèmes des intermédiaires de paiement traditionnels, Avantages de Lightning (sans frontières, sans confiance, programmable), Potentiel de Lightning pour une économie peer-to-peer, Disintermédiation, sans confiance, programmabilité, Objectif de supprimer les censeurs et les intermédiaires",9,"""Intégration Technologique: Regard vers l'Avenir"""
