id,title,subtitle,links,quadrant,summary,descriptions,time_min,titles
f093ecd4f3fbd86c71806be78239de42,responsabilite,2. bitcoin recompense la  responsabilite et le  merite,https://www.youtube.com/watch?v=S6oKGvhMxF8&t=1580s, comment bitcoin influ culture,"Le texte parle d'un podcast intitulé ""What is Money Show"" qui vise à mettre en lumière la corruption liée à l'argent. L'hôte invite les auditeurs à écouter les épisodes un à neuf pour mieux comprendre les concepts abordés dans l'émission. Une série avec Michael Saylor est fortement recommandée, étant qualifiée de la meilleure par de nombreux auditeurs.","Corruption de l'argent, Épisodes 1 à 9 avec Michael Saylor, Podcast sur la nature de l'argent et du Bitcoin, Sponsors alignés avec les valeurs du podcast, Sponsor : Ludden pour des prêts et comptes d'épargne en Bitcoin, Sponsor : Icoin pour un portefeuille matériel de cryptomonnaie, Invité : Robert Breedlove, gestionnaire de fonds et animateur du podcast ""What is Money"", Parcours personnel de Robert Breedlove, Entraînement en haltérophilie olympique",NAN,"""Révéler la Corruption Financière: Découvrez le Podcast 'What is Money Show'"""
425d9f5d219d4cc2e874b02f034c313f,responsabilite,2. bitcoin recompense la  responsabilite et le  merite,https://www.youtube.com/watch?v=8vJCub3Lvgc&t=2765s, comment bitcoin influ culture,"La conversation entre Richard et John exprime une appréciation mutuelle pour leur travail créatif et inspirant. Ils reconnaissent l'inspiration et la diversité dans l'expression artistique, soulignant l'importance de chaque individu apportant sa propre touche personnelle.","Inspiration, Bitcoin, Art, Propaganda, State propaganda, Bottom-up approach, Self-interest, Bitcoin ethos, Lifestyle, Savings, Time preference",NAN,"""Appréciation et Inspiration Artistique: Célébrer la Diversité Créative"""
c36c33ed20f07b9962f9e69707791dc3,responsabilite,2. bitcoin recompense la  responsabilite et le  merite,https://www.youtube.com/watch?v=30y-HAgO9kg, comment bitcoin influ culture,"Bitcoin favorise la culture de la vérification en opposition à la connaissance basée sur les monnaies traditionnelles. Cette dernière est critiquée pour sa centralisation des sources d'information et des incitations mal alignées, qui découragent la vérification. La difficulté de ce processus est soulignée, nécessitant du temps, des efforts et de la réflexion pour accéder à la vérité, surtout lorsqu'elle est obscure.","Bitcoin, Connaissance fiat, Vérification, Sources d'information centralisées, Pensée critique, Expérience de Solomon Asch, Conformité, Autorités, Manipulation, Confiance, Coût de la vérification, Pouvoir des tiers de confiance, Conséquences de la confiance aveugle, Distorsion de la réalité, Conformisme, Pouvoir personnel",14,"""Bitcoin : Cultiver la Vérification pour Accéder à la Vérité"""
81f37f0416743f05482bd0ccc8ce1cf1,responsabilite,1. le systeme fiat  decourage les comportements responsables,https://tftc.io/martys-bent/issue-1335/, comment bitcoin influ culture,"Le texte souligne que nous vivons dans une ère manquant d'accountability, mais que le Bitcoin agit comme un catalyseur pour la responsabilité.","Accountability, Lack of accountability in society, Politicians and accountability, Media and accountability, Accountability in financial decisions, Bitcoin as a force for accountability, Extreme ownership, Accountability in politics, economics, and finance, Accountability leading to consequences and course correction, Financial sovereignty through bitcoin",5,"""Le Bitcoin : Un Catalyseur de l'Accountability dans une Ère Déficiente"""
bfdbe31b6e6a485db8f35c1aa2fff1d6,responsabilite,2. bitcoin recompense la  responsabilite et le  merite,https://value4value.info/pieces/way-of-life/, comment bitcoin influ culture,"La valeur pour la valeur est plus qu'un schéma de monétisation; c'est un mode de vie basé sur l'abondance et l'équité. Il incarne une confiance envers l'univers et les autres, mettant en avant la production de valeur sans attentes ni prétentions.","Mode de vie, Philosophie, Contributions, Valeur4V, Abondance, Équité, Attentes, Droits, Confiance, Production de valeur, Feedback, Confiance en l'univers, Erreurs, Objectif",0,"""La Valeur pour la Valeur: Un Mode de Vie d'Abondance et d'Équité"""
1b6fb985af9c2722e9fbb6a8518632bf,responsabilite,2. bitcoin recompense la  responsabilite et le  merite,https://tftc.io/martys-bent/issue-1343/, comment bitcoin influ culture,Il est temps pour notre génération de faire face à la réalité et de prendre en charge les responsabilités actuelles pour que nos enfants n'aient pas à le faire à l'avenir.,"Gestion de la dette gouvernementale, Cicatrices financières pour les générations futures, Responsabilité financière, Impact sur les enfants et petits-enfants, Nécessité d'affronter les problèmes actuels, Appel à l'action pour un avenir meilleur, Critique des politiques actuelles, Insistance sur la responsabilité personnelle, Importance de lutter pour le bien-être des générations futures",6,"""Responsabilité Générationnelle : Préparer l'Avenir de Nos Enfants"""
