id,title,subtitle,links,quadrant,summary,descriptions,time_min,titles
53dcb90ff7ead0e836bc30aa85ae08f2,science & recherche,1. problematiques de fond affectant la production de connaissances,https://www.youtube.com/watch?v=IW7WwLhUQvU&t=2114s, comment bitcoin change societe,"Certains travailleurs à temps partiel sans épargne se retrouvent sans filet de sécurité sociale lors de crises, subissant des chocs financiers brutaux, sans accès aux congés payés ou au chômage, mettant en lumière des lacunes dans le système de soutien social.","Crise du système de santé, Impact sur les soignants, Suspension professionnelle, Obligation vaccinale, Conséquences financières, Défis personnels, Salaire des professionnels de la santé, Conditions de travail, Renouveau du système de soins",NAN,"""Travailleurs à Temps Partiel sans Épargne: Vulnérabilité en Temps de Crise"""
98b022df650a6e245d564ecacfb7d0e4,science & recherche,1. problematiques de fond affectant la production de connaissances,https://www.youtube.com/watch?v=UHANGHWqE7A&list=PL_nQ8kZARIe01xBNJTi2YujKSXCJQ_Sf4&index=26&t=3390s, comment bitcoin change societe,"Le podcast ""The Bitcoin Standard"" de Safedeen, affilié à safedeen.com, propose des séminaires en ligne sur le bitcoin et l'économie autrichienne. Les membres peuvent accéder en avant-première à des chapitres de prochains ouvrages, dont ""The Fiat Standard"" et ""Principles of Economics"". Rejoindre 17.com permet également de participer à des séminaires réguliers diffusés sur le podcast.","Podcast ""The Bitcoin Standard"", Séminaires de safedeen.com, Cours en ligne sur le bitcoin et l'économie autrichienne, Livre à paraître ""The Fiat Standard"", Principes d'économie, Bitmax spot exchange, Coinbits, Dr. Benjamin Bickman, Régulation de l'obésité, du diabète et de la démence, Insuline et métabolisme des nutriments, Origine commune des maladies chroniques : résistance à l'insuline, Livre ""Why We Get Sick""",NAN,"""Le Podcast 'The Bitcoin Standard' de Safedeen: Séminaires en Ligne sur le Bitcoin et l'Économie Autrich"
4df02a96644600e99f39025b1ef20a93,science & recherche,1. problematiques de fond affectant la production de connaissances,https://www.youtube.com/watch?v=UHANGHWqE7A&list=PL_nQ8kZARIe01xBNJTi2YujKSXCJQ_Sf4&index=26&t=5340s, comment bitcoin change societe,"Safety Diamonds vous accueille sur le podcast The Bitcoin Standard, présentant des séminaires de safedeen.com sur le bitcoin et l'économie autrichienne. Les membres de 17.com peuvent accéder à son prochain livre, ""The Fiat Standard"", ainsi qu'aux chapitres de son prochain manuel d'économie. Rejoignez pour participer aux séminaires réguliers du podcast.","Podcast ""The Bitcoin Standard"", Safedeen.com, Cours en ligne sur le bitcoin et l'économie autrichienne, Livre à venir : ""The Fiat Standard"", Principes d'économie, Séminaires réguliers, Bitmax Spot, Bitmex, Coinbits, Application Coin Bits, Dr. Benjamin Bickman, Rôle de l'insuline et du métabolisme des nutriments, Régulation de l'obésité, du diabète et de la démence, Pourquoi tombons-nous malades ?, Livre ""Why We Get Sick"", Origine commune des mal",NAN,"""Exploration du Bitcoin et de l'Économie Autrichienne avec Safety Diamonds"""
cf166e862ab8ecdf3318d6bd0aebb79f,science & recherche,1. problematiques de fond affectant la production de connaissances,https://www.youtube.com/watch?v=vimhJIfEY3M, comment bitcoin change societe,"Le professeur Terence Keeley, auteur renommé et professeur de biochimie clinique à l'université de Buckingham au Royaume-Uni, est invité dans cet épisode du Bitcoin Standard Podcast Seminar. Il a écrit des ouvrages tels que ""The Economic Laws of Scientific Research"" en 1996 et ""Sex, Science, and Profits"" en 2010, ainsi que ""Breakfast is a Dangerous Meal"" en 2016. Son travail explore la relation entre l'économie et la recherche scientifique.","Professeur Terence Keeley, Livres écrits par le professeur Keeley, Influence du livre ""The Economic Laws of Scientific Research"", Transition vers des idées de marché libre, Étude de l'économie autrichienne, Compréhension du Bitcoin, Importance de la recherche scientifique, Financement de la science, Impact de la réduction des financements gouvernementaux, Phénomène de ""crowding out"", Croissance du financement privé de la science universitaire, Rôle du secteur privé dans le financement de la recherche scientifique",106,"""Exploration de la relation entre l'économie et la recherche scientifique"""
b53c2050e822dfd6a4fd6f2fac9f4c1d,science & recherche,1. problematiques de fond affectant la production de connaissances,https://www.youtube.com/watch?v=xrcRI_hYDtQ&t=405s, comment bitcoin change societe,"Le texte souligne l'importance de rendre la science accessible pour toucher un large public, notamment via des plateformes comme YouTube. Il met en avant l'idée de monétiser l'enseignement pour financer la recherche, soulignant le potentiel des modèles de financement ouverts dans ce domaine.","Science accessible to all, Monetizing teaching for research funding, Balaji Srinivasan and his background, The Network State book, Decentralized academia, media, and science, Difference between academic science and actual science, Importance of math in cryptoeconomics, Centralization vs. decentralization in Western culture, Martin Luther and decentralization of power",NAN,"""Accessibilité scientifique sur YouTube et financement ouvert : un avenir prometteur"""
b0125bf5fd0f3ee6751e3643799ddcae,science & recherche,1. problematiques de fond affectant la production de connaissances,https://www.youtube.com/watch?v=5Uf_AbyG6ho, comment bitcoin change societe,"Le podcast ""The Bitcoin Standard"" de Safedean, disponible sur safedean.com, propose des séminaires sur le bitcoin et l'économie autrichienne. Les membres ont accès au brouillon de son prochain livre ""The Fiat Standard"" et des chapitres de son manuel à venir ""Principes d'économie"". Rejoignez 17.com pour participer aux séminaires réguliers du podcast.","Bitcoin et économie autrichienne, Bitmax exchange et concours, Coinbits pour l'achat de Bitcoin, Stratégie d'investissement en Bitcoin, Discussion sur le changement climatique et le CO2, Impact de l'humanité sur le climat, Réflexions du Professeur William Happer, Historique des niveaux de CO2, Influence du CO2 sur le climat",84,"""Le Podcast de Safedean: L'économie autrichienne et le Bitcoin Explorés"""
abe086428b0fb2db9c3ed58a5572bc41,science & recherche,1. problematiques de fond affectant la production de connaissances,https://www.youtube.com/watch?v=spKTb3wMmJM, comment bitcoin change societe,"Le podcast ""Bitcoin Standard"" de Saifedean.com propose des séminaires sur le bitcoin et l'économie autrichienne. Les membres ont accès en avant-première au prochain livre ""The Fiat Standard"" et aux chapitres du manuel ""Principles of Economics"". Ils peuvent également participer à des séminaires réguliers présentés dans le podcast.","Bitcoin, Austrian economics, Fiat standard, Principles of economics, Coinbits, Dollar cost averaging, Private wallet, Coincide (Bitcoin Hardware), Open dime, Cold card Hardware wallet, Bit wage, Professor Richard Lindzen, Climate debate, Atmospheric physics, Ozone photochemistry, Fluid dynamics, Climate alarms, Panic overrated, Geophysical fluid dynamics, Radiative transfer, Quasi-biennial oscillation",106,"""Séminaires sur le Bitcoin et l'Économie Autrichienne avec le Podcast ""Bitcoin Standard"" de Saifedean.com"""
769591c2fd5bd82f801612072f16df27,science & recherche,1. problematiques de fond affectant la production de connaissances,https://www.youtube.com/watch?v=eDWq7-eP5sE, comment bitcoin change societe,"Les Hébreux ont créé l'histoire telle que nous la connaissons, soulignant que l'on ne peut échapper aux conséquences de ses actes. Ils affirment qu'on ne peut manipuler la réalité impunément ou traiter les gens de façon instrumentale sans conséquences. Même si l'on semble s'en sortir, la liberté finira par nous appeler, même si cela signifie être mené dans le désert. Enfin, ils suggèrent qu'il existe quelque chose de plus profond et cosmique que ce que l'on peut imaginer, dépassant les limites de la pensée humaine.","Histoire hébraïque, Fabrication de la réalité, Conscience et tyrannie, Liberté et désert, Éthique et liberté, Punition des méchants, Mouvement environnemental moderne, Effet de serre et mouvement écologique, Productivité biologique, Mouvement anti-humain, Activité humaine et mal, Philosophie d'Alex Epstein, Impact humain sur l'environnement, Énergie et politique environnementale, Livre ""Fossil Future"", Nécessité d'un futur riche en énergie, Agenda anti-humain, Cons",97,"""Les Hébreux: L'Inéluctabilité des Actes et la Quête de la Vérité Cosmique"""
bf913a52246a399c98157c33860f2904,science & recherche,1. problematiques de fond affectant la production de connaissances,https://www.youtube.com/watch?v=xzbw5qlzf68, comment bitcoin change societe,"Le podcast explore l'impact que Bitcoin aura sur la société avec Troy Cross, professeur de philosophie et amateur de Bitcoin. Ils discutent des lacunes du système académique actuel, de la science, et de la place de Bitcoin dans ce contexte.","Bitcoin, Impact sur la société, Science et académie, Problèmes du système actuel, Philosophie, Défiance et communication, Spécialisation des connaissances, Confiance dans les institutions sociales, Effondrement social, Intermédiaires de confiance, Extrémisme croissant",84,"""Réflexions philosophiques sur Bitcoin : l'impact sociétal et académique"""
25e37701250f06a49ceec28dde7c2dc3,science & recherche,2.  axes de reflexion pour regenerer la science,https://www.youtube.com/watch?v=xrcRI_hYDtQ, comment bitcoin change societe,"Il est important de rendre la science accessible pour toucher un large public et monétiser l'enseignement scientifique via des plateformes comme YouTube. Cela peut permettre de financer la recherche grâce à un public intéressé et instruit, ouvrant la voie à de nouveaux modèles de financement.","Science accessible to the public, Monetizing teaching for research funding, Balaji Srinivasan's background, The Network State book, Critique of academia and science, Importance of math in cryptoeconomics, The decentralization trend in Western culture",67,"""Monétiser l'Enseignement Scientifique: Financer la Recherche à Travers YouTube"""
b12c2185108cc017b29676ef28349437,science & recherche,1. problematiques de fond affectant la production de connaissances,https://intellectualtakeout.org/2023/01/academic-writing-nobody-reads/, comment bitcoin change societe,"Les universitaires écrivent de la littérature académique qui reste largement inconnue du grand public, soulevant des questions sur la pertinence et l'accessibilité de leurs recherches.","Recherche académique, Publications universitaires, Impact et lecture des articles, Motivations des professeurs, Spécialisation universitaire, Accessibilité des articles, Contraintes de la publication, Utilisation de l'intellectuel capital, Aliénation académique, Objectif de la recherche universitaire",11,"""Pertinence et Accessibilité de la Littérature Académique: Un Défi pour les Universitaires"""
