id,title,subtitle,links,quadrant,summary,descriptions,time_min,titles
b7536eafcd726ed234f039dcc49faeb8,securite,mettre en place  les bonnes pratiques,https://www.youtube.com/watch?v=QD5OwROq_os&t=1s, comment j'utilise bitcoin,"Le texte aborde des questions sur la sécurité des données personnelles, notamment en lien avec un possible piratage des informations clients de Ledger.","Sécurité des données personnelles, Risques de piratage et de vol, Vie privée et protection des informations, Stockage sécurisé des bitcoins, Utilisation de la clé privée et du mot de passe, Prévention des cyberattaques, Conseils de sécurité en ligne",NAN,"""Sécurité des données personnelles : Risques de piratage chez Ledger"""
95f9f31ad882009ed0e3924fd5dcd6e6,securite,mettre en place  les bonnes pratiques,https://www.youtube.com/watch?v=AnsSfGeeUP0, comment j'utilise bitcoin,"Le texte discute de la sécurisation des clés privées en les gravant dans de l'acier pour assurer leur durabilité. Cette méthode protège les informations importantes contre divers risques tels que le feu, l'eau et le temps. Graver les clés de cette manière offre une sécurité à long terme, garantissant la tranquillité d'esprit en matière de sécurité.","Clé privée, Sécurité, Système de sécurité, Clé publique, Mécanisme de sécurité, Stockage sécurisé, Backup, Cryptomonnaie, Test de résistance, Gravure sur acier, Sécurité des bitcoins, Test de feu, Test d'eau, Test de pression, Test d'acidité",12,"""Sécurisation Durable des Clés Privées : Gravure dans l'Acier pour une Protection Robuste"""
dbb09879818ec91b45fa1870b60e7657,securite,mettre en place  les bonnes pratiques,https://www.youtube.com/watch?v=mGmNKYOXtxY, comment j'utilise bitcoin,"Dans cette vidéo, nous allons construire un seedTanner, un portefeuille matériel open source entièrement DIY. C'est la première partie de la série Seed Signer et se concentrera sur la construction et la configuration. Les pièces nécessaires sont disponibles sur seedsana.com/hardware. Suivez les prochaines vidéos pour apprendre à utiliser l'appareil avec différents portefeuilles.","Construction d'un portefeuille matériel open source DIY, Composants nécessaires : Raspberry Pi Zero, chapeau LCD, caméra compatible Pi Zero, carte SD, boîtier, Téléchargement du logiciel Seed Signer sur carte SD, Vérification de l'authenticité des fichiers téléchargés, Importation de la clé Seed Signer, Vérification du fichier .Sig, Utilisation de GPG Tools pour vérification, Vérification de la clé sur Twitter et Keybase",19,"""Construction DIY d'un SeedTanner: Guide Complet pour un Portefeuille Matériel Open Source"""
920102487fc13b13f3ded014e459db9b,securite,mettre en place  les bonnes pratiques,https://www.bitstack-app.com/blog/astuces-ameliorer-securite-bitcoins, comment j'utilise bitcoin,Le texte propose 7 astuces pour améliorer la sécurité de votre portefeuille Bitcoin. Il met en avant des conseils essentiels pour protéger vos bitcoins et garantir une meilleure sécurité dans vos transactions.,"Sécurité du portefeuille Bitcoin, Hardware wallet, Passphrase (BIP39), Portefeuille multi-signatures (multisig), Sceau sur la phrase de récupération, Procédures périodiques, Discrétion dans la stratégie de sécurisation, Options supplémentaires sur les portefeuilles, Conclusion : KISS (Keep It Simple Stupid)",15,"""7 Astuces Cruciales pour Sécuriser Votre Portefeuille Bitcoin"""
8835e69fa5df570898e4b0f4046cd652,securite,mettre en place  les bonnes pratiques,https://decouvrebitcoin.fr/thematique/securite/, comment j'utilise bitcoin,"La page aborde la sécurité des bitcoins de manière concise et informative, offrant des informations essentielles sur ce sujet clé.","Sécurité des bitcoins, Clé privée, Portefeuilles chauds et froids, Lightning Network, Clés publiques, Sécurisation des sommes d'argent, Risques des plateformes tierces, Sécurité des mots de passe, Risques associés aux exchanges, Sécurité des grandes sommes, Bitcoin papier, Utilisation des services tiers, Solutions full custodial",12,"""Sécurité des Bitcoins: Informations Essentielles"""
b4ad54e28895ccdeb9b9a06d64f78c2e,securite,mettre en place  les bonnes pratiques,https://unchained.com/blog/how-to-store-seed-phrase-safe-deposit-box/, comment j'utilise bitcoin,Le texte explique comment stocker une phrase de récupération de bitcoin dans un coffre-fort de dépôt sécurisé.,"Stockage de la phrase de récupération du bitcoin, Modèles de garde du bitcoin : singlesig et multisig, Utilisation d'une boîte de dépôt sécurisée pour stocker la phrase de récupération, Cas où il est déconseillé d'utiliser une boîte de dépôt sécurisée, Cas où l'utilisation d'une boîte de dépôt sécurisée est acceptable, Le schéma de partage de secret de Shamir, Comparaison entre les boîtes de dépôt sécurisées bancaires et les coffres-forts privés",9,"""Sécuriser une phrase de récupération de Bitcoin dans un coffre-fort"""
b4ad54e28895ccdeb9b9a06d64f78c2e,securite,mettre en place  les bonnes pratiques,https://unchained.com/blog/how-to-store-seed-phrase-safe-deposit-box/, comment j'utilise bitcoin,Le texte explique comment stocker une phrase de récupération de bitcoin dans un coffre-fort de dépôt sécurisé.,"Stockage de la phrase de récupération du bitcoin, Modèles de garde du bitcoin : singlesig et multisig, Utilisation d'une boîte de dépôt sécurisée pour stocker la phrase de récupération, Cas où il est déconseillé d'utiliser une boîte de dépôt sécurisée, Cas où l'utilisation d'une boîte de dépôt sécurisée est acceptable, Le schéma de partage de secret de Shamir, Comparaison entre les boîtes de dépôt sécurisées bancaires et les coffres-forts privés",9,"""Sécuriser une phrase de récupération de Bitcoin dans un coffre-fort"""
b4ad54e28895ccdeb9b9a06d64f78c2e,securite,mettre en place  les bonnes pratiques,https://unchained.com/blog/how-to-store-seed-phrase-safe-deposit-box/, comment j'utilise bitcoin,Le texte explique comment stocker une phrase de récupération de bitcoin dans un coffre-fort de dépôt sécurisé.,"Stockage de la phrase de récupération du bitcoin, Modèles de garde du bitcoin : singlesig et multisig, Utilisation d'une boîte de dépôt sécurisée pour stocker la phrase de récupération, Cas où il est déconseillé d'utiliser une boîte de dépôt sécurisée, Cas où l'utilisation d'une boîte de dépôt sécurisée est acceptable, Le schéma de partage de secret de Shamir, Comparaison entre les boîtes de dépôt sécurisées bancaires et les coffres-forts privés",9,"""Sécuriser une phrase de récupération de Bitcoin dans un coffre-fort"""
b4ad54e28895ccdeb9b9a06d64f78c2e,securite,mettre en place  les bonnes pratiques,https://unchained.com/blog/how-to-store-seed-phrase-safe-deposit-box/, comment j'utilise bitcoin,Le texte explique comment stocker une phrase de récupération de bitcoin dans un coffre-fort de dépôt sécurisé.,"Stockage de la phrase de récupération du bitcoin, Modèles de garde du bitcoin : singlesig et multisig, Utilisation d'une boîte de dépôt sécurisée pour stocker la phrase de récupération, Cas où il est déconseillé d'utiliser une boîte de dépôt sécurisée, Cas où l'utilisation d'une boîte de dépôt sécurisée est acceptable, Le schéma de partage de secret de Shamir, Comparaison entre les boîtes de dépôt sécurisées bancaires et les coffres-forts privés",9,"""Sécuriser une phrase de récupération de Bitcoin dans un coffre-fort"""
aeeb859e46ff9e5b1632a01e50709fcf,securite,mettre en place  les bonnes pratiques,https://www.bitstack-app.com/blog/4-erreurs-de-debutants-bitcoin, comment j'utilise bitcoin,"Le texte parle des erreurs à éviter en matière de self-custody sur Bitcoin, soulignant l'importance de sécuriser ses propres cryptomonnaies avec l'augmentation de l'adoption de Bitcoin.","Self-custody, Erreurs à éviter sur Bitcoin, Sécurisation des bitcoins, Cryptographie, Vie privée, Génération du portefeuille, Validité des adresses de réception",10,"""Conseils pour une self-custody sécurisée de Bitcoin : Évitez ces erreurs courantes"""
4f219c7011987ce0081fa664e23dfb74,securite,mettre en place  les bonnes pratiques,https://agora256.com/verifier-sa-sauvegarde-de-portefeuille-bitcoin-avec-tails/, comment j'utilise bitcoin,L'article explique comment vérifier la sauvegarde d'un portefeuille Bitcoin avec Tails en moins de 5 minutes. Il souligne l'importance de noter la phrase mnémonique de 12 ou 24 mots lors de la création d'un portefeuille Bitcoin pour garantir sa sécurité.,"Sauvegarde d'un portefeuille Bitcoin, Phrase mnémonique, Vérification de la sauvegarde, Utilisation de Tails, Sécurité des informations, Utilisation de Tor, Utilisation d'Electrum, Configuration du portefeuille, Vérification du solde, Récupération des fonds, Procédure de vérification, Blockchain Bitcoin",7,"""Vérification rapide de sauvegarde de portefeuille Bitcoin avec Tails : Phrase mnémonique essentielle"""
045a9bcc5251976c6df2dbf6f4515179,securite,mettre en place  les bonnes pratiques,https://jlopp.github.io/metal-bitcoin-storage-reviews/, comment j'utilise bitcoin,"Le texte discute des tests de résistance et des avis sur les dispositifs de stockage de graines de Bitcoin en métal. L'auteur explique l'importance des tests de résistance et partage sa méthodologie. Il mentionne également avoir testé 70 appareils et ne pas envisager d'en tester beaucoup plus, car la plupart des appareils récents ont des conceptions similaires à ceux déjà testés.","Avis sur le stockage de graines de Bitcoin en métal, Tests de résistance et avis sur les dispositifs de stockage de graines, Méthodologie des tests de résistance, Classement des dispositifs en fonction de différents critères, Recommandations pour le choix des dispositifs de stockage de graines de Bitcoin, Conseils sur la simplicité et la durabilité des dispositifs, Mise en garde contre l'utilisation de dispositifs où le fabricant pourrait connaître votre clé privée, Préférence pour les plaques uniques avec des grilles pour des points perforés au centre, Importance de la simplicité et",2,"""Tests de résistance des dispositifs de stockage de graines de Bitcoin en métal : Méthodologie et résultats"""
20d0184438096694745c2fdfaf1a4f9f,securite,mettre en place  les bonnes pratiques,https://unchained.com/blog/faraday-bag-bitcoin/, comment j'utilise bitcoin,"Les sacs Faraday : en avez-vous besoin pour votre portefeuille matériel Bitcoin ? Le texte explore l'importance des sacs Faraday pour protéger les portefeuilles matériels Bitcoin, offrant un aperçu des considérations à prendre en compte.","Sacs Faraday, Protection des portefeuilles matériels Bitcoin, Cage de Faraday, Radiofréquences et impulsions électromagnétiques, Utilisation des sacs Faraday, Nécessité des sacs Faraday pour les portefeuilles matériels, Tolérance aux menaces, Sécurité des bitcoins, Sécurité des clés, Risques potentiels, Connectivité sans fil des portefeuilles matériels, Configuration de garde sans graine, Utilisation des sacs Faraday en voyage",7,"""Protection des Portefeuilles Matériels Bitcoin : L'Essentiel des Sacs Faraday"""
594737bc4125d84d8fd4ba5ca37967f4,securite,securite en  voyage,https://blog.keys.casa/travel-tips-for-bitcoin-security/, comment j'utilise bitcoin,Conseils de sécurité Bitcoin pour les voyages : L'article souligne l'importance de rester vigilant lors des événements liés aux cryptomonnaies pour protéger ses actifs. Il met en avant la nécessité de prendre des mesures proactives pour assurer sa sécurité et celle de sa richesse.,"Sécurité des bitcoins en voyage, Précautions lors des déplacements, Sécurité des appareils électroniques, Gestion des clés de bitcoin, Confidentialité et discrétion, Utilisation d'un VPN, Risques liés aux réseaux publics, Sécurité dans les hébergements, Utilisation des coffres-forts d'hôtel, Sécurisation des portes d'hôtel, Sécurité dans les locations de vacances, Protection de l'identité, Vérification des conducteurs de covoiturage",9,"""Sécurité des actifs en voyage : Protégez vos cryptomonnaies avec ces conseils essentiels"""
195904dc054837ac77257aa9ed52b590,securite,securite en  voyage,https://unchained.com/blog/7-tips-traveling-bitcoin/, comment j'utilise bitcoin,Le texte aborde 7 conseils pour voyager avec des clés bitcoin.,"1. Contrôle des clés Bitcoin en voyage, 2. Sécurité des clés Bitcoin, 3. Portez seulement les portefeuilles nécessaires, 4. Destination et risques potentiels, 5. Évitez de voyager avec des sauvegardes de phrases de récupération, 6. Sécurité opérationnelle, 7. Voyage avec des compagnons et portefeuilles multisig",11,"""7 Conseils Essentiels pour Voyager avec des Clés Bitcoin"""
