id,title,subtitle,links,quadrant,summary,descriptions,time_min,titles
5a72ea14cf24103acd249c2667a22683,stabilite economique,2. comment bitcoin peut redresser l'economie ?,https://www.youtube.com/watch?v=orKQBfZAFsk, comment bitcoin change societe,"La table ronde aborde l'économie autrichienne, keynésienne et le futur du bitcoin avec des invités spécialistes. Une discussion macroéconomique axée sur les appréciations des prix. Les participants incluent Boyer, Philippe, Herlin, des économistes.","Table ronde sur l'économie: économie autrichienne, économie keynésienne, futur de Bitcoin, Présentation des invités: Philippe Herlin, Ferghane Azihari, investisseur professionnel, Caractéristiques de l'économie keynésienne: rôle de la demande, crise économique, politiques publiques, création monétaire, consommation, investissement, Théorie de Keynes: importance de la demande, sous-consommation, politique monétaire, politique budgétaire, manipulation monétaire, inflation, déflation, Dépense publique en France: lien avec le keynésian",60.0,"""Table ronde: Économie autrichienne, keynésienne, bitcoin, et appréciations des prix avec des spécialistes"
ab308556f1bc8aa3faea4401b45cf605,stabilite economique,1. que s'est-il donc passe en 1971 ?,https://europeanbitcoiners.com/fmi-banque-mondiale-bitcoin/, comment bitcoin change societe,"Le texte discute de la façon dont le FMI et la Banque mondiale répriment les pays pauvres à travers des ajustements structurels, les poussant à canaliser leurs ressources vers les pays riches.","Ajustement structurel, FMI, Banque mondiale, Pauvreté, Nations créancières, Bitcoin, Cyclone Bhola, Bangladesh, Risques catastrophiques, Développement économique, Dette, Aquaculture, Impact environnemental, Élevage de crevettes, Ganges, Forêts de mangroves, Delta, Destruction environnementale, Exportations, Conditions de travail, Industrie de la crevette, Pauvreté côtière, Travail des enfants, Protestations",156.0,"""Les Effets des Ajustements Structurels du FMI et de la Banque Mondiale sur les Pays Pauvres"""
7d1e5dd10aa10962f6f8bbdd94b77feb,stabilite economique,2. comment bitcoin peut redresser l'economie ?,https://btctouchpoint.com/fr/graduellement-dabord-puis-soudainement-1/, comment bitcoin change societe,"Le texte parle de l'évolution progressive de Bitcoin et de son impact sur la société et la culture. Il fournit des guides pratiques, des ressources et des réflexions sur l'utilisation de Bitcoin.","Bitcoin comme monnaie, Processus d'adoption de Bitcoin, Éducation sur Bitcoin, Liens entre Bitcoin, la Fed et l'économie monétaire, Propriétés de la monnaie, Compréhension de la monnaie et de Bitcoin, Évolution intellectuelle vers la compréhension de Bitcoin",,"""Bitcoin: Évolution, Impact et Utilisation"""
bf34e629d15b78a3780fa6e81a960e8b,stabilite economique,2. comment bitcoin peut redresser l'economie ?,https://btctouchpoint.com/fr/letalon-bitcoin-de-saifedean-ammous-resume/, comment bitcoin change societe,"Le résumé de l'ouvrage ""L'Étalon Bitcoin"" de Saifedean Ammous met en lumière l'importance de Bitcoin, ses impacts sur la société et la culture, ainsi que son influence sur les individus. Le livre explore les différents aspects de Bitcoin et fournit des ressources pratiques pour mieux comprendre cette cryptomonnaie.","L'Étalon Bitcoin de Saifedean Ammous, Spécificité du bitcoin, Histoire de la monnaie, Rapport stock/flux, Monnaies dures vs monnaies faibles, École autrichienne, Thésaurisation de l'or, Acceptation universelle de l'or comme monnaie, Qualités de l'or, Monnaie dure vs monnaie faible",14.0,"""Décryptage de Bitcoin: Impact sur la société, la culture et les individus"""
1dde9cb29d5605442001f6a060fcea5c,stabilite economique,2. comment bitcoin peut redresser l'economie ?,https://btctouchpoint.com/fr/letalon-fiat-de-saifedean-ammous-resume/, comment bitcoin change societe,"Le résumé présente le livre ""L’Étalon Fiat"" de Saifedean Ammous, abordant des sujets liés à Bitcoin, son impact sur la société et la culture, ainsi que des conseils pratiques sur son utilisation. Le texte fournit des ressources telles que des podcasts, des articles, des mèmes, des livres et des cours pour approfondir la compréhension de Bitcoin.","L'Étalon Fiat de Saifedean Ammous, Monnaie fiat, Vendabilité dans l'espace, Vendabilité dans le temps, Bitcoin, Dollar, euro, monnaies étatiques, Richard Nixon, Convertibilité du dollar en or, Carl Menger, Commerce international, Réserves fractionnaires, Inflation, Volatilité, Blockchain",21.0,"""Décryptage de Bitcoin: L’Étalon Fiat de Saifedean Ammous et ses Impacts Sociétaux et"
09b8a4269a6f48ccb097ce035a9ca694,stabilite economique,2. comment bitcoin peut redresser l'economie ?,https://youtu.be/cwqJOl3yan8?t=3743, comment bitcoin change societe,"Les libertés sont menacées et suscitent l'indifférence générale selon Alexandre Stachtchenko, soulignant un manque d'engagement envers ces questions.","Attaque des libertés, Indifférence de tous, YouTube, Droits d'auteur, Contact, Publicité, Développeurs, Conditions d'utilisation, Confidentialité, Règles et sécurité, Premiers pas sur YouTube, Nouvelles fonctionnalités, Google LLC",0.0,"""Menace sur les Libertés: Manque d'Engagement et Indifférence Générale selon Alexandre Stachtchenko"""
bed52fff1fa9d7b81b0b350263bbbd63,stabilite economique,2. comment bitcoin peut redresser l'economie ?,https://btctouchpoint.com/fr/synopsis-de-la-serie-saylor-transcript-du-podcast-what-is-money-de-robert-breedlove/, comment bitcoin change societe,"Le résumé de la série Saylor du ""What is Money Show"" aborde différents aspects de Bitcoin, de son utilisation à ses impacts sur la société et la culture, ainsi que sur la transformation personnelle. Il fournit des ressources telles que des podcasts, articles, mèmes, livres et un lexique pour approfondir la compréhension de Bitcoin.","Série Saylor du ""What is Money Show"", Michael Saylor, Robert Breedlove, Episodes de la série, Contenu et durée des épisodes, Réactions positives, Réflexion sur l'argent, Système monétaire comme système énergétique, Importance de l'énergie dans la monnaie",,"""Décryptage complet de Bitcoin dans la série Saylor du ""What is Money Show"""""
8318bc43e83b0d7af41158a48d21bfe6,stabilite economique,2. comment bitcoin peut redresser l'economie ?,https://btctouchpoint.com/fr/cycles-dinnovations-technologiques/#booth, comment bitcoin change societe,"Le texte discute des cycles d'innovations technologiques liés au Bitcoin, abordant des sujets tels que l'utilisation de Bitcoin, son impact sur la société et la culture, ainsi que son influence sur les individus. Il propose également des ressources telles que des podcasts, des articles, des mèmes, des livres, un lexique, des cours et un blog pour approfondir la compréhension de Bitcoin.","Cycles d'innovations technologiques, Kondratiev, Bitcoin, Croissance exponentielle, Performance exponentielle, Adoption exponentielle, Loi de Moore",12.0,"""Exploration des Cycles d'Innovations Technologiques du Bitcoin: Impact sur la Société, Culture et Individus"""
b858216a0964471edb19f95ebd120a32,stabilite economique,2. comment bitcoin peut redresser l'economie ?,https://btctouchpoint.com/fr/le-prix-de-demain-introduction/, comment bitcoin change societe,"Le texte aborde l'introduction du livre ""Le prix de demain"". Il offre des premiers pas pour comprendre Bitcoin, ses principes et son influence sur la société et la culture. Le contenu propose des conseils pratiques et des ressources pour appréhender Bitcoin et son impact.","Introduction au prix de demain, Technologie déflationniste, Économies conçues pour une ère pré-technologique, Choix économiques, Impact des choix économiques sur la vie quotidienne, Remise en question des croyances établies, Nécessité de construire de nouveaux cadres économiques",26.0,"""Découvrir Bitcoin : Guide pratique pour comprendre son influence sur la société et la culture"""
4a9afbc84692ecb6e414d8e0c7d6e5d6,stabilite economique,2. comment bitcoin peut redresser l'economie ?,https://btctouchpoint.com/fr/cycles-dinnovations-technologiques/#jeffbooth, comment bitcoin change societe,"Le texte discute des cycles d'innovations technologiques liés au Bitcoin, abordant des sujets tels que l'utilisation de Bitcoin, son impact sur la société et la culture, ainsi que son influence sur les individus. Diverses ressources sont également proposées pour approfondir la compréhension de Bitcoin.","Cycles d'innovations technologiques, Cycles de Kondratiev, Bitcoin, Innovation financière, Croissance exponentielle, Analyse de l'essor de Bitcoin, Progression technologique, Loi de Moore, Adoption exponentielle",12.0,"""Les Cycles d'Innovations Technologiques du Bitcoin: Impact sur la Société et la Culture"""
7e8c9e8e4b38410ffc7d26b2cccd2b19,stabilite economique,2. comment bitcoin peut redresser l'economie ?,https://value4value.info/?s=09, comment bitcoin change societe,"Le modèle de monétisation Value4Value est présenté comme une nouvelle façon de penser à la valeur, combinant un format de contenu, une approche financière et un style de vie. Il promeut la liberté, la connexion, la censure résistante, et a trouvé du succès dans des domaines tels que les podcasts et les créations artistiques.","V4V, Monétisation, Format de contenu, Mode de vie, Succès de V4V, Créateurs, Modèle de monétisation, Feedback, Temps, Talent, Trésor, Contribution",1.0,"""Value4Value : Liberté, Connexion et Succès dans la Monétisation Créative"""
