id,title,subtitle,links,quadrant,summary,descriptions,time_min,titles
f0c8e634847a4a477c9ba91192fe620c,systemes monetaires,1. bitcoin s'inscrit dans l'histoire et l'evolution de la monnaie,https://www.youtube.com/watch?v=DX8JorPfXn4, comment bitcoin change societe,"Un orateur exprime sa satisfaction et son admiration pour la conférence Bitcoin organisée à Biarritz, soulignant le travail impressionnant de l'équipe organisatrice. Il félicite Jonathan, Joss, et toute l'équipe de stackingsat pour avoir réussi à réaliser un événement ambitieux.","Bitcoin, Conférence sur Bitcoin, Monnaie politique, Monnaie apolitique, Décision politique, Monopole de la violence légitime, Sphere publique, Sphere privée, Liberté individuelle, Modernité, Restreindre le champ du politique, Totalitarisme, Société ouverte, Monnaie comme rempart ou outil politique, Gestion de la monnaie",34,"""Éloge et Admiration : La Conférence Bitcoin à Biarritz"""
4b99c1e5ae3b1a8df0df4e91b8e9ac35,systemes monetaires,1. bitcoin s'inscrit dans l'histoire et l'evolution de la monnaie,https://www.youtube.com/watch?v=s-k_Fc63tZI, comment bitcoin change societe,"Le texte présente une interview exclusive avec le professeur F.A. Hayek, renommé économiste vivant considéré comme l'un des plus grands au monde. L'intervieweur souligne l'influence du professeur Hayek sur sa compréhension du système de marché libre.","Professeur F.A. Hayek, Évolution de la monnaie, Interférence gouvernementale, Carl Menger, Théorie de l'argent, Denationalisation de la monnaie, Concurrence des devises, Banques majeures, Pièces d'or, Cartes de crédit, Contrôle des changes, Comptes bancaires, Standardisation de l'unité monétaire",26,"""Entretien Exclusif avec le Professeur F.A. Hayek: L'Influence Majeure sur le Système"
4e79e1b9519804a4357a6eac81e83a43,systemes monetaires,1. bitcoin s'inscrit dans l'histoire et l'evolution de la monnaie,https://www.youtube.com/watch?v=1hOrDrmT27g&t=1s, comment bitcoin change societe,"Ce texte aborde l'importance de tirer des leçons de l'histoire pour éviter de répéter les mêmes erreurs. Il s'agit du chapitre 2 d'une formation sur Bitcoin, mettant en lumière les monnaies fiduciaires telles que l'euro et le dollar. L'idée principale souligne l'importance de comprendre le contexte mondial actuel à travers ces concepts.","Histoire et répétition des erreurs, Bitcoin et monnaies fiduciaires, Confiance dans le système financier, Monnaies fiduciaires (fiat), Impression monétaire et inflation, Perte de valeur du dollar et de l'euro, Inflation comme taxe cachée, Dévaluation de la monnaie, Financement des projets par l'État, Création de monnaie et conséquences socio-économiques",NAN,"""Leçons de l'histoire : Comprendre Bitcoin à travers les monnaies fiduciaires"""
35ae6d034f8eb58dc63d5ebd6f17bb0f,systemes monetaires,1. bitcoin s'inscrit dans l'histoire et l'evolution de la monnaie,https://www.youtube.com/watch?v=mo3kRRsQS_E, comment bitcoin change societe,"La table ronde explore les risques, avantages et opportunités des monnaies numériques de banque centrale, avec un regard sur leur cohabitation avec la finance traditionnelle et Bitcoin.","Monnaies numériques de banque centrale (MNBC), Risques et avantages des MNBC, Coexistence avec la finance traditionnelle et Bitcoin, Intervenants : Philippe Herlin, TOBAM, Michel Casaca, Risques liés à la décentralisation de la monnaie, Enjeux d'inflation et de guerre économique, Types de MNBC : détail et gros, Risques et opportunités des MNBC, Coexistence avec les cryptomonnaies comme Bitcoin, Réglementations potentielles et impact sur Bitcoin, Écosystème des MNBC et cohabitation avec Bitcoin, Diffé",51,"""La cohabitation des monnaies numériques de banque centrale avec la finance traditionnelle et Bitcoin"""
4c6547fdcf69d61f893e8a83fcfbd3df,systemes monetaires,1. bitcoin s'inscrit dans l'histoire et l'evolution de la monnaie,https://www.youtube.com/watch?v=nRYrIyQWmi8, comment bitcoin change societe,"La monnaie est sur le point de changer radicalement avec la possibilité d'un système où des quotas mensuels pour certains produits pourraient être imposés, et où un simple bouton gouvernemental pourrait désactiver un compte bancaire instantanément, avec de l'argent pouvant expirer et disparaître s'il n'est pas dépensé.","Changement radical de la monnaie, Euronomérique comme successeur de l'euro, Mise en place de l'euro numérique par l'Union européenne, Utilisation future des euros numériques via des applications, Dangers potentiels de l'euro numérique, Contrôle et surveillance de la population, Démocratisation de l'euro numérique via portefeuille numérique, Avantages du futur euro numérique (praticité, sécurité), Traçabilité des transactions en euros numériques, Liens entre compte bancaire, identité numérique et transactions, Visibilité des transactions par la Banque cent",12,"""Révolution monétaire imminente : Quotas, Comptes Gouvernementaux et Argent Éphémère"""
e4b7f1257dcf8051f264bdd0eaf6ec9b,systemes monetaires,1. bitcoin s'inscrit dans l'histoire et l'evolution de la monnaie,https://www.youtube.com/watch?v=xw9VshkgxJ4, comment bitcoin change societe,"Le conseil de gouvernance a décidé de poursuivre les achats nets d'actifs dans le cadre du programme d'urgence de réponse à la pandémie avec une enveloppe totale de 1 800 milliards d'euros, au moins jusqu'à fin mars 2022. La Banque centrale européenne a augmenté son fonds d'achat d'urgence de pandémie de 500 milliards d'euros.","Programme d'achat d'actifs, Banque centrale européenne, Financement d'urgence en cas de pandémie, Injections de liquidités massives, Inflation, Politique monétaire et fiscale, Risque d'inflation, Valorisation des taux d'intérêt et des actions, Impression monétaire, Dette mondiale et PIB mondial, Cycles économiques, Crises financières, Crise financière de 1825, Étalon-or, Abandon de l'étalon-or, Première et deuxième guerres mondiales, Pouvoir des gouvernements",78,"""Continuité des Achats d'Actifs: BCE Renforce le Programme d'Urgence de Réponse à la Pandémie"
3759188ac01d8f16fa1b278b6b95ab0b,systemes monetaires,2. defaillances de notre monnaie et superiorite de bitcoin,https://www.youtube.com/watch?v=D1LhLwA1EhE&t=8s, comment bitcoin change societe,Le texte aborde la question de l'importance des débits sérieux et des discussions autour du ministre du numérique au Salvador. Il soulève des interrogations sur la pertinence des politiques en place et met en avant le besoin de regarder plus attentivement les actions de nos propres gouvernants.,"Le Salvador, Bitcoin, Mineurs de bitcoin, Lightning Network, Conférences sur les crypto-monnaies, Gouvernement du Salvador, Monnaie officielle, Stratégie et infrastructures, Conseils pour le gouvernement, Volatilité du Bitcoin, Comptes courants, Banques au Salvador, Niveaux de connaissance de la population",NAN,"""Analyse critique : Les politiques du ministre du numérique au Salvador et la responsabilité des gouvernants"""
3131df02b68b9ed80c2c8819554785cd,systemes monetaires,2. defaillances de notre monnaie et superiorite de bitcoin,https://www.youtube.com/watch?v=IrL_4bsU1I4, comment bitcoin change societe,"Le texte parle du concept de maximalisme bitcoin, une école de pensée qui affirme que seule la valeur du bitcoin est significative, reléguant les autres cryptomonnaies au second plan.","Maximalisme Bitcoin, Valeur de Bitcoin, Intérêt des autres cryptomonnaies, Investisseurs en crypto, Critiques des maximalistes Bitcoin, Vision extrême du marché crypto, Innovation et potentiel des cryptos, Arguments des maximalistes Bitcoin, Différences entre Bitcoin et autres cryptos, Création et gestion des projets cryptos, Évolution et gouvernance des cryptos",19,"""Maximalisme Bitcoin : La Valeur Unique du Bitcoin en Avant-Plan"""
55de831d0ab594ee22ba986aceb60104,systemes monetaires,2. defaillances de notre monnaie et superiorite de bitcoin,https://www.youtube.com/watch?v=DouDH1wo9Tw, comment bitcoin change societe,"La conférence aborde le thème du Bitcoin en tant que monnaie révolutionnaire ou de restauration, explorant ses liens avec l'histoire de la monnaie et sa légitimité en tant que successeur des monnaies officielles. L'opinion générale semble considérer le Bitcoin comme un instrument révolutionnaire, même parmi ses détracteurs.","Bitcoin, Révolution monétaire, Histoire de la monnaie, Successeur des monnaies officielles, Principes monétaires, Restauration monétaire, Victor de Mirabeau, Inventions de l'homme : écriture et monnaie, Monnaie comme instrument fédérateur, Utopie de la disparition de la monnaie, Thomas More, Sociétés sans monnaie, Commerce et échanges, Troc, Crédit, Fonctions de la monnaie",25,"""Bitcoin : Monnaie Révolutionnaire ou Traditionnelle? Une Analyse Approfondie"""
6d9ef6498a8bcc68da1f44e78b592203,systemes monetaires,2. defaillances de notre monnaie et superiorite de bitcoin,https://www.youtube.com/watch?v=3S86lGIeWc4, comment bitcoin change societe,"Robert Reed, de l'émission ""What is Money Show"", affirme que Bitcoin est l'actif le plus crucial du 21e siècle. Nydig, une entreprise majeure dans le domaine du Bitcoin, vise à assurer la sécurité financière pour tous en apportant professionnalisme et sophistication au marché du Bitcoin. Ils sont considérés comme des acteurs clés du secteur, libérant en toute sécurité le potentiel du Bitcoin.","Bitcoin, Nidig, Cryptocurrency, Financial security, Bitcoin services, Institutional adoption, Fiat money, Credit systems, Monetary value, Fiat currency creation, Fiat currency benefits, Fiat currency drawbacks, American Express Travelers Checks",85,"""Bitcoin : L'Actif Clé du 21e Siècle et l'Engagement de Nydig pour la Sécurité Fin"
99b442c22bc829cfa114b02d90662350,systemes monetaires,2. defaillances de notre monnaie et superiorite de bitcoin,https://www.youtube.com/watch?v=HLKWTwu_ETI, comment bitcoin change societe,"L'invention cryptographique des cypherpunks a évolué pour aboutir aux Stablecoins DeFi, avec une référence à Satoshi Nakamoto. Le texte évoque une réflexion sur la tendance de l'homme à créer des technologies qui se retournent contre lui. Par ailleurs, Cyril Grincep présente son rôle dans le département finance à Décines, gérant diverses formations en actuariat et ingénierie financière.","Cypherpunk, SBF, Satoshi, Finance et crypto-monnaie, Découverte de Bitcoin, Vulgarisation et compréhension de Bitcoin, Recherche mathématique sur Bitcoin, Problèmes dans le monde de la crypto, Chute de Terra Luna et FTX, Cryptographie et ADK sur Ethereum, Liberté et invention des crypto-monnaies",14,"""Évolution des Cypherpunks vers les Stablecoins DeFi : Réflexion sur les Technologies et Rôle de Cyril Grincep"""
fe41998133e8a2211d159177628007fa,systemes monetaires,2. defaillances de notre monnaie et superiorite de bitcoin,https://www.youtube.com/watch?v=bc43oat1PHk&t=2s, comment bitcoin change societe,"Alexandre Salchenko discute de la guerre des devises et de la définition de la monnaie dans une conversation sur Grand Temps de Crypto. La discussion aborde l'importance de ces sujets pour les financiers et les économistes, soulignant l'invitation et l'appréciation mutuelle des discussions enrichissantes.","Monnaie, Définition de la monnaie, Caractéristiques d'Aristote, Monnaies fiduciaires, Rôle du dollar, Espérance de gain, Patrimoine et épargne, Monnaies inflationnistes, Objectif des banques centrales, Inflation, Déflation, Ressources finies, Valeur, Richesse, Matières premières, Économistes, Hyperinflation",NAN,"""La Guerre des Devises et la Définition de la Monnaie: Une Conversation Enrichissante sur Grand Temps de"
885ca7b8a31f1a579ce9e168ae6d3acd,systemes monetaires,"3. monnaie, preference temporelle, et investissements",https://www.youtube.com/watch?v=j6S68my_4rk, comment bitcoin change societe,"Yves Choupette, dirigeant de Thomas, présente une thèse d'investissement sur le Bitcoin créée en 2016 sous forme d'un papier académique de 90 pages. Il utilise généralement un diaporama de 120 diapositives pour présenter cette thèse à ses prospects, mais en raison du temps imparti, il se limitera à environ 15 diapositives lors de sa présentation de 20 minutes.","Présentation de la thèse d'investissement sur le Bitcoin par Thomas en 2016, TOBAM, société de gestion d'actifs, Intérêt pour le Bitcoin et création d'un groupe de recherche dédié, Augmentation de la liquidité du Bitcoin, Autorisation de lancer le premier fonds investi en Bitcoin en 2017, Création d'autres fonds investis en Bitcoin par des concurrents, Risques et volatilité associés à l'investissement dans le Bitcoin, Importance de la thèse d'investissement pour décider d'investir dans le Bitcoin",24,"""Présentation Succincte de la Thèse d'Investissement sur le Bitcoin par Yves Choupette"""
8df40b876fb859524f02a9eb2f21fbf2,systemes monetaires,"3. monnaie, preference temporelle, et investissements",https://www.youtube.com/watch?v=ZCDtQhop660, comment bitcoin change societe,"Le texte aborde divers sujets tels que l'erreur récemment constatée, la comparaison entre le vélo B'Twin et les Beatles, l'invention du Bitcoin par Satoshi, l'AS Monaco, et l'amélioration de la roue. Il mentionne également une discussion à venir sur le Bitcoin et la gestion.","Erreur, B'twin, Beatles, Satoshi, As Monaco, Roux, Bitcoin, Gestion d'actifs, Tobam, Diversification, Warren Buffett, Marchés efficients, Risque, Portefeuille diversifié, Corrélation, Volatilité, Indice CAC 40",75,"""Divers sujets abordés : de l'erreur à l'amélioration, en passant par le Bitcoin et l'AS Monaco"""
fb9fabc4feef435eaf7dd5f66c76b4e7,systemes monetaires,"3. monnaie, preference temporelle, et investissements",https://www.youtube.com/watch?v=0PQMchDRLW4, comment bitcoin change societe,"Le texte aborde les implications de l'investissement dans l'immobilier en tant que valeur financière, soulignant sa nature coûteuse, contraignante et potentiellement aliénante pour les propriétaires. Il met en lumière la centralisation et la limitation des droits de propriété, soulignant les défis et les inconvénients associés à la possession immobilière.","Bitcoin et la chanson de la feuille numéro 16, Réalité du secteur immobilier, Investissement dans l'espace de vie humain, Propriété foncière centralisée, Coûts et entretien élevés de l'immobilier, Propriété foncière comme possession fictive, Impact des gouvernements sur l'immobilier, Propriété foncière limitée et dépendante des politiciens, Impossibilité de déplacement de l'immobilier, Propriété foncière comme possession fictive ultime, Propriété foncière et droits limités, -",12,"""Les Limites et les Défis de l'Investissement Immobilier : Une Analyse Critique"""
5b6d6eebd8a36b0b099c7fe3e5cc2216,systemes monetaires,4. bitcoin revolutionne la comptabilite,https://www.youtube.com/watch?v=MuysA_WzskM, comment bitcoin change societe,"Il s'agit d'un enregistrement pour un podcast en personne, le premier du genre pour l'intervenant. Il est dans le domaine du bitcoin depuis 2012, ce qui fait une décennie d'expérience. C'est son troisième podcast et le premier en solo.","Enregistrement d'un podcast, Expérience de podcast en personne, Impression sur le bitcoin depuis 2012, Préparation d'un podcast, Histoire personnelle d'entrée dans le bitcoin, Parcours professionnel en comptabilité et droit, Investissement dans des entreprises en difficulté, Production de spectacles à Las Vegas, Propriété de spectacles et théâtres à Las Vegas, Micro et macro-investissements, Entreprise de divertissement à Las Vegas, Gestion de théâtres et de productions à Las Vegas, Spectacles de célébrités à Las Vegas, Propriété de spectacles hommage à Las",116,"""Podcast Bitcoin: Une Décennie d'Expérience en Solo"""
aebb38d770cbe451b8e592fa41f774db,systemes monetaires,1. bitcoin s'inscrit dans l'histoire et l'evolution de la monnaie,https://btctouchpoint.com/scenario-optimiste-pour-bitcoin/, comment bitcoin change societe,"Le texte discute d'un scénario optimiste pour Bitcoin présenté par Vijay Boyapati, abordant des aspects tels que l'influence de Bitcoin sur la société et la culture, ainsi que son impact personnel.","Bitcoin, Scénario optimiste, Vijay Boyapati, Théorie de la monnaie, Anatomie du bitcoin, Supériorité par rapport aux normes or et fiat, Nouvelle monnaie basée sur la technologie, Civilisation humaine, Dépendance au sentier, Actif nouvellement monétisé, Réseau monétaire numérique, Conseils financiers, Profil de risque, Volatilité des investissements",4,"""Bitcoin : Un Avenir Radieux selon Vijay Boyapati"""
b99f1b6d77855059bde1287c4c9985da,systemes monetaires,1. bitcoin s'inscrit dans l'histoire et l'evolution de la monnaie,https://btctouchpoint.com/fr/pourquoi-bitcoin-23-pourquoi-le-bitcoin-est-bien-plus-que-de-largent/, comment bitcoin change societe,"Le texte explore la question ""Pourquoi le bitcoin est bien plus que de l'argent ?"" en mettant en avant les diverses façons dont le bitcoin influence la société, la culture et les individus. Il souligne que le bitcoin dépasse sa simple fonction monétaire pour impacter divers aspects de la vie moderne.","Bitcoin, Transformation de la société, Influence sur la culture, Liberté financière, Innovation monétaire, Impact sur l'économie, Adoption de masse, Révolution financière, Élimination des intermédiaires, Décentralisation, Supériorité de Bitcoin, Libération des contraintes financières",,"""Bitcoin : Au-delà de la Monnaie, une Influence Sociale et Culturelle"""
b707a98eecd9ebfbf13b7dae3e4fa76c,systemes monetaires,1. bitcoin s'inscrit dans l'histoire et l'evolution de la monnaie,https://www.contrepoints.org/2021/04/10/371884-les-changements-de-regimes-monetaires-au-xxe-siecle, comment bitcoin change societe,"Le texte aborde les changements de régimes monétaires au XXe siècle et explore des sujets tels que l'inflation, l'Ukraine, la COVID-19 et les grandes figures du libéralisme.","Changements de régimes monétaires au XXe siècle, Histoire monétaire, Crise du Covid-19, Transition monétaire, Civilisations et régimes monétaires, Étalon-or classique, Instabilité monétaire, Taux de change flottants, Devaluations compétitives, Contrôle des changes, Commerce international, Investissement, Étalon de change-or, Inflation, Banques centrales",21,"""Évolution des régimes monétaires au XXe siècle : Inflation, Ukraine, COVID-19 et figures libérales"""
8b4100e4b293eb5a51da984d984f4061,systemes monetaires,1. bitcoin s'inscrit dans l'histoire et l'evolution de la monnaie,https://nakamotoinstitute.org/shelling-out/, comment bitcoin change societe,"Le texte aborde les origines de la monnaie et met en lumière le rôle crucial des précurseurs de la monnaie, en parallèle avec le développement du langage, dans la résolution de problèmes de coopération uniques aux premiers humains modernes. Ces éléments ont permis de résoudre des défis tels que l'altruisme réciproque et la mitigation de l'agression, soulignant ainsi l'importance des monnaies non-fiat.","Origines de la monnaie, Évolution et coopération, Wampum, Monnaie des Amérindiens, Systèmes d'échange, Commerce colonial, Monnaie en coquillages, Évolution de la monnaie, Monnaie légale, Monnaie symbolique, Formes de monnaie, Objets de collection",68,"""Origines de la Monnaie: Rôle Crucial dans la Coopération Humaine Préhistorique"""
a2c72e35b506d4a9b4c52a4a9b50a930,systemes monetaires,1. bitcoin s'inscrit dans l'histoire et l'evolution de la monnaie,https://learn.saylor.org/course/view.php?id=661, comment bitcoin change societe,"Le texte présente le cours ECON120: Histoire Monétaire de l'Académie Saylor, qui aborde divers sujets tels que l'introduction à l'histoire monétaire, la hiérarchie de l'argent, l'histoire des marchés monétaires, le système de la Réserve fédérale et l'Eurodol.","Histoire monétaire, Hiérarchie de l'argent, Marchés monétaires, Système de la Réserve fédérale, Système eurodollar, Bitcoin, Cryptomonnaies, Jetons stables, Monnaies numériques des banques centrales, Évolution des systèmes monétaires, Argent en couches, Interactions humaines avec les devises, Évolution de la monnaie au fil du temps, Vernaculaire du système monétaire, Intégration de Bitcoin dans le système monétaire, Système monétaire multicouches,",8,"""Cours ECON120: Histoire Monétaire - Exploration des Marchés et Systèmes Financiers"""
8427fe96150c1b87a4492ac0ceaae9c2,systemes monetaires,2. defaillances de notre monnaie et superiorite de bitcoin,https://btctouchpoint.com/fr/ressources/memes/#superior, comment bitcoin change societe,"Le texte discute des éléments suivants : les premiers pas avec Bitcoin, son contexte et ses principes, ainsi que l'influence de Bitcoin sur la société, la culture et les individus. Il mentionne également des ressources telles que des podcasts, articles et mèmes liés à Bitcoin.","Mèmes Bitcoin, Artefacts culturels, Supports d'apprentissage, Communauté des bitcoiners, Twitter comme arène darwinienne, Thèmes des mèmes : Désastre fiat, Bitcoin monnaie supérieure, Bitcoin monnaie Hi-Tech, Bitcoin monnaie liberté, Bitcoin monnaie espoir, HODL, Technologie NGU, Bitcoin antifragile, Déminage FUDB, Buy FOMO, Bitcoin vs. Altcoins, Avertissement sur la volatilité de Bitcoin, Conseils financiers, Profil de risque, Recherches personnelles",2,"""Exploration de Bitcoin : Contexte, Influence et Ressources"""
6903d0e9c29b146c525dcd83f7cb9364,systemes monetaires,2. defaillances de notre monnaie et superiorite de bitcoin,https://btctouchpoint.com/pourquoi-bitcoin-16-pourquoi-le-bitcoin-change-le-monde/, comment bitcoin change societe,"Le texte discute de l'impact de Bitcoin sur le monde, en abordant comment il influence la société, la culture et même les individus. Il explore comment Bitcoin est en train de changer divers aspects de notre vie quotidienne.","Evolution de la monnaie dans l'histoire, Changement actuel de la monnaie, Bitcoin comme alternative à la monnaie traditionnelle, Avantages perçus de Bitcoin, Participation au changement vers Bitcoin, Impact de Bitcoin sur le monde",4,"""Bitcoin : Changer le Monde au Niveau Social, Culturel et Individuel"""
49c16aff0a9d68fd858d711a3b1ad850,systemes monetaires,2. defaillances de notre monnaie et superiorite de bitcoin,https://btctouchpoint.com/fr/2-pourquoi-bitcoin-ne-ressemble-a-rien-de-ce-que-vous-avez-deja-vu/, comment bitcoin change societe,"Le texte aborde la question de pourquoi Bitcoin est si unique et différent de tout ce que l'on a pu voir auparavant. Il explore les aspects révolutionnaires de Bitcoin et la manière dont il influence la société, la culture et même les individus.","Bitcoin unique, Absence de dirigeants, d'employés, de gouvernement, Caractéristiques d'inclusion et de privacité, Absence de registre d'identité, Valeur précieuse, Caractère consensuel, Valeur universelle et inestimable, Caractéristiques de Bitcoin, Monnaie parfaite",4,"""Bitcoin : Révolutionnaire et Influenceur de la Société Moderne"""
f5b50a966f5642881eeffe9a16a37047,systemes monetaires,2. defaillances de notre monnaie et superiorite de bitcoin,https://btctouchpoint.com/fr/pourquoi-bitcoin-6-pourquoi-les-regles-de-bitcoin-sont-imposees-par-les-mathematiques-et-la-physique/, comment bitcoin change societe,"Les règles de Bitcoin sont déterminées par les mathématiques et la physique, expliquant ainsi pourquoi elles sont strictes et immuables.","Bitcoin, Règles imposées par les mathématiques et la physique, Lois de la Nature et Bitcoin, Sécurité et vitesse de Bitcoin, Stockage sécurisé des bitcoins, Objectifs de sécurité et de vitesse de Bitcoin, Blockchain, Mineurs de Bitcoin, Preuve de travail, Dépense d'énergie, Fiabilité de Bitcoin",5,"""Les règles strictes et immuables de Bitcoin : Un mariage entre mathématiques et physique"""
72aa60fd7cbbfec4b9666ae09652c713,systemes monetaires,2. defaillances de notre monnaie et superiorite de bitcoin,https://btctouchpoint.com/fr/pourquoi-bitcoin-8-pourquoi-bitcoin-est-le-chemin-vers-la-stabilite-economique/, comment bitcoin change societe,"Bitcoin est présenté comme un moyen de parvenir à la stabilité économique dans le texte analysé. Le sujet aborde également d'autres aspects tels que l'utilisation de Bitcoin, son influence sur la société et la culture, ainsi que ses implications pratiques.","Stabilité économique, Instabilité des monnaies nationales, Volatilité de Bitcoin, Stabilité de Bitcoin, Adoption de Bitcoin, Migration vers la stabilité",5,"""Bitcoin : Un Chemin vers la Stabilité Économique et Culturelle"""
c96de0b3e82fb8943ff64c23c98094f6,systemes monetaires,2. defaillances de notre monnaie et superiorite de bitcoin,https://btctouchpoint.com/fr/pourquoi-bitcoin-21-pourquoi-bitcoin-peut-gerer-tout-le-commerce-dans-le-monde/, comment bitcoin change societe,"Le texte discute de la capacité du Bitcoin à gérer l'ensemble du commerce mondial et explore son influence sur la société et la culture. Il aborde des sujets tels que l'utilisation pratique du Bitcoin, ses implications sociétales, et son impact sur les individus.","Envoi d'argent par les banques, Libération des banques avec Bitcoin, Réseau Lightning de Bitcoin, Capacités du Lightning, Evolution du Lightning, Possibilités offertes par le Lightning",5,"""Bitcoin : Révolution du Commerce Mondial et Influence Culturelle"""
50e314db6d9fd8d1d156111c007a63a8,systemes monetaires,2. defaillances de notre monnaie et superiorite de bitcoin,https://btctouchpoint.com/fr/pourquoi-bitcoin-7-pourquoi-personne-ne-peut-arreter-bitcoin/, comment bitcoin change societe,Le texte aborde la question de l'impossibilité d'arrêter Bitcoin et propose des informations et conseils pour mieux comprendre et utiliser cette cryptomonnaie.,"Bitcoin, Inarrêtable, Nœuds, Répliques, Localisation, Sécurité, Énergie, Ajustement de la difficulté, Réseau, Fonctionnement",5,"""Comprendre et Utiliser Bitcoin : L'Impossibilité de l'Arrêter"""
5680ec1d2c57ac261aaaa89277a2057f,systemes monetaires,2. defaillances de notre monnaie et superiorite de bitcoin,https://btctouchpoint.com/fr/pourquoi-bitcoin-10-pourquoi-le-pouvoir-dachat-du-bitcoin-ne-cesse-daugmenter/, comment bitcoin change societe,"Le pouvoir d'achat du bitcoin ne cesse d'augmenter, ce qui est abordé dans l'article ""Pourquoi Bitcoin - 10"" sur BTC TouchPoint.","Bitcoin, Pouvoir d'achat, Augmentation du pouvoir d'achat du bitcoin, Inflation, Monnaie, Métaux précieux, Création monétaire, Processus de création de monnaie, Production d'argent, Décret, Travail réel et difficile, Quantité fixe d'argent, Diminution de la quantité, Création de bitcoin, Réduction du pouvoir d'achat, Augmentation du pouvoir d'achat, Masse monétaire",4,"""La Croissance du Pouvoir d'Achat du Bitcoin Explorée dans ""Pourquoi Bitcoin - 10"""""
12e9a982320b6f915526b360d7db2c85,systemes monetaires,2. defaillances de notre monnaie et superiorite de bitcoin,https://btctouchpoint.com/fr/pourquoi-bitcoin-13-pourquoi-bitcoin-est-il-le-plus-grand-gladiateur-du-monde/, comment bitcoin change societe,"Bitcoin est présenté comme le plus grand gladiateur du monde, expliquant comment il influence la société, la culture et les individus. Le texte offre des ressources pratiques et des conseils sur l'utilisation de Bitcoin.","Attaques contre Bitcoin, Résistance de Bitcoin aux attaques, Bitcoin comme gladiateur, Adaptation de Bitcoin face aux attaques, Croissance de Bitcoin grâce aux attaques, Ennemis de Bitcoin rejoignant Bitcoin",6,"""Bitcoin : Influence sur la Société et Conseils Pratiques"""
a135108d8e181f04aa8510721c9f7d0a,systemes monetaires,2. defaillances de notre monnaie et superiorite de bitcoin,https://btctouchpoint.com/fr/pourquoi-bitcoin-18-pourquoi-bitcoin-attire-des-talents-extraordinaires/, comment bitcoin change societe,"Le texte discute de la raison pour laquelle Bitcoin attire des talents exceptionnels, mettant en avant l'attrait de la cryptomonnaie pour des individus talentueux.","Bitcoin, Attraction de talents extraordinaires, Entreprise imaginaire, Monnaie saine, Injustice du système monétaire, Volontariat, Création de Bitcoin, Caractéristiques de Bitcoin, Efforts bénévoles",5,"""Bitcoin : L'Attrait des Talents Exceptionnels pour la Cryptomonnaie"""
a04c6206fed8716f7ca3755d5744b33b,systemes monetaires,2. defaillances de notre monnaie et superiorite de bitcoin,https://btctouchpoint.com/fr/ressources/memes/#Altcoins, comment bitcoin change societe,"Le texte aborde divers sujets concernant Bitcoin, tels que son utilisation, son impact sur la société et la culture, ainsi que les changements qu'il apporte aux individus. Il présente également des ressources pratiques et des informations sur le lexique associé à Bitcoin.","Mèmes Bitcoin, Artefacts culturels, Supports d'apprentissage, Communauté des bitcoiners, Thèmes de mèmes, Twitter, Conseils financiers, Volatilité de Bitcoin, Profil de risque, Recherches personnelles",2,"""Exploration approfondie de Bitcoin: Impact, Culture et Lexique"""
f0b6f275ea991dc2ad43322c1145ede2,systemes monetaires,2. defaillances de notre monnaie et superiorite de bitcoin,https://btctouchpoint.com/fr/pourquoi-bitcoin-22-pourquoi-les-imitateurs-du-bitcoin-sont-des-escrocs/, comment bitcoin change societe,Les imitateurs du Bitcoin sont considérés comme des escrocs car ils cherchent à exploiter la popularité de cette cryptomonnaie sans offrir la même fiabilité et sécurité.,"Bitcoin, Imitateurs du bitcoin, Escrocs, Crypto, Fraude, Vérification, Confiance, Jetons numériques, Charisme, Jargon technique, Libertaire, Magicien",4,Les imitateurs du Bitcoin : des escrocs exploitant la popularité sans fiabilité ni sécurité
bcdb22915bc0c22604750ead48f48bf4,systemes monetaires,2. defaillances de notre monnaie et superiorite de bitcoin,https://btctouchpoint.com/fr/synopsis-de-la-serie-saylor-transcript-du-podcast-what-is-money-de-robert-breedlove/, comment bitcoin change societe,"Le synopsis de la série Saylor du « What is Money Show » aborde divers aspects du Bitcoin, notamment son utilisation, son impact sur la société et la culture, ainsi que son influence sur les individus. Le contenu fournit des ressources telles que des podcasts, des articles et des lexiques pour approfondir la compréhension de la cryptomonnaie.","Série Saylor, ""What is Money Show"", Michael Saylor, CEO Microstrategy, Robert Breedlove, Créateur et animateur, Série de 17 épisodes, Réactions positives à la série, Réflexion sur l'argent, Système monétaire comme système énergétique, Livre basé sur les conversations, Portée et longévité de la série",57,"""Découverte approfondie du Bitcoin: Impact et Influence sur la Société"""
9a8a2f14d8ed67cd1be84e52ee721f27,systemes monetaires,2. defaillances de notre monnaie et superiorite de bitcoin,https://wtfhappenedin1971.com/, comment bitcoin change societe,"En 1971, le texte aborde la nécessité de retirer la gestion de la monnaie des mains du gouvernement pour restaurer sa valeur. Il cite F.A. Hayek et suggère des moyens subtils de contourner le contrôle gouvernemental sur la monnaie.","Année 1971, Monnaie, Hayek, Gouvernement, Argent, Réforme monetarie",1,"""Libérer la Monnaie: Contourner le Contrôle Gouvernemental pour Restaurer sa Valeur"""
553cf83f295888c06d8906cb4f2b3862,systemes monetaires,2. defaillances de notre monnaie et superiorite de bitcoin,https://www.hardmoneyfilm.com/, comment bitcoin change societe,"Le texte parle de la disponibilité des vidéos ""Petrodollars"" et ""Anatomy of the State"" sur le site Hard Money. Les sous-titres sont disponibles en arabe, japonais, et espagnol.","Hard Money, Donateur, Ressources, Rjames_BTC, Petrodollars, Anatomy of the State, Sous-titres, Arabe, Japonais, Espagnol, Objectif",0,"""Vidéos ""Petrodollars"" et ""Anatomy of the State"" disponibles en plusieurs langues sur Hard Money"""
7a3040096068ce1f4715f375732bef33,systemes monetaires,2. defaillances de notre monnaie et superiorite de bitcoin,https://btctouchpoint.com/fr/letalon-bitcoin-de-saifedean-ammous-resume/, comment bitcoin change societe,"Le résumé de ""L’Étalon Bitcoin"" de Saifedean Ammous aborde divers aspects de Bitcoin, y compris son utilisation, son impact sur la société et la culture, ainsi que son influence sur les individus. Le texte offre des ressources variées telles que des podcasts, des articles, des livres et un lexique pour approfondir la compréhension de la cryptomonnaie.","L'Étalon Bitcoin de Saifedean Ammous, Importance du livre sur le bitcoin, Rapport stock/flux, Monnaies dures vs monnaies faibles, Thésaurisation de l'or, Acceptation universelle de l'or comme monnaie, Ratio stocks-flux de l'or",14,Découverte approfondie de Bitcoin: ressources et perspectives variées
2ae72a1259d904dcfef3c606c7f6fdb5,systemes monetaires,2. defaillances de notre monnaie et superiorite de bitcoin,https://btctouchpoint.com/fr/letalon-fiat-de-saifedean-ammous-resume/, comment bitcoin change societe,"Le résumé de ""L'Étalon Fiat"" de Saifedean Ammous aborde des sujets tels que Bitcoin, son impact sur la société et la culture, ainsi que comment il peut changer les individus.","L'Étalon Fiat de Saifedean Ammous, Monnaie fiat, Vendabilité dans l'espace, Vendabilité dans le temps, Monnaies étatiques, Dollar, euro, Or, Bitcoin, Richard Nixon, Convertibilité du dollar en or, Monnaies fiat et bitcoin, Carl Menger, Commerce international, Banques, Réserves fractionnaires, Inflation, Volatilité, Blockchain, Succès du bitcoin",21,"""Bitcoin: Impact Sociétal, Culturel et Personnel dans 'L'Étalon Fiat' de Saifedean Ammous"""
c7626bbbed393334163615848c38a1fc,systemes monetaires,2. defaillances de notre monnaie et superiorite de bitcoin,https://www.swanbitcoin.com/why-a-fixed-supply-money-does-not-lead-to-economic-catastrophe/, comment bitcoin change societe,Un approvisionnement fixe en argent n'entraîne pas d'effondrement économique selon l'article qui soutient que c'est le seul système monétaire intellectuellement et éthiquement défendable.,"Approche de l'argent à offre fixe, Impact économique de l'argent à offre fixe, Importance de la monnaie saine, Conception de Bitcoin, Dogme économique actuel, Croyances des partisans de l'argent expansif, Croissance économique, Définition de l'argent et du crédit, Composantes du capital, Propriété et société moralement principielle",33,"""Système monétaire fixe : stabilité économique et éthique"""
b724484a75ffe82bc6ecad324dee4736,systemes monetaires,"3. monnaie, preference temporelle, et investissements",https://btctouchpoint.com/fr/21-lecons-2eme-partie/, comment bitcoin change societe,"Le texte discute de la deuxième partie de ""21 Leçons"" sur le BTC TouchPoint, abordant des thèmes comme l'utilisation de Bitcoin, son influence sur la société et la culture, ainsi que les ressources disponibles pour en apprendre davantage.","Bitcoin et l'argent, Histoire de l'argent et du secteur bancaire, Écoles de pensée économique, Méconnaissance financière, Inflation, Valeur de l'argent, Histoire et déclin de la monnaie, Réserves fractionnaires, Monnaie saine",,"""Découverte approfondie de Bitcoin: Société, Culture et Ressources"""
6e23a0c1336f25fcba73ade62aeb0430,systemes monetaires,"3. monnaie, preference temporelle, et investissements",https://btctouchpoint.com/fr/letalon-bitcoin-de-saifedean-ammous-resume/, comment bitcoin change societe,"Le résumé de L'Étalon Bitcoin de Saifedean Ammous met en lumière l'importance du Bitcoin, explorant ses aspects pratiques et son impact potentiel sur la société et la culture. Des ressources variées telles que des podcasts, des articles, des mèmes et des livres sont proposées pour approfondir la compréhension de cette cryptomonnaie.","L'Étalon Bitcoin de Saifedean Ammous, Stock/Flux des monnaies, Monnaies dures vs monnaies faibles, École autrichienne, Thésaurisation de l'or, Acceptation universelle de l'or comme monnaie, Qualités de l'or comme monnaie dure",,"""Découverte du Bitcoin: Résumé et Ressources pour Comprendre"""
277c67eac458665bd3431b920d0c2549,systemes monetaires,"3. monnaie, preference temporelle, et investissements",https://btctouchpoint.com/fr/letalon-fiat-de-saifedean-ammous-resume/, comment bitcoin change societe,"Le résumé de ""L'Étalon Fiat"" de Saifedean Ammous présenté par BTC TouchPoint aborde l'utilisation de Bitcoin, son influence sur la société et la culture, ainsi que les changements personnels qu'il peut entraîner.","L'Étalon Fiat de Saifedean Ammous, Monnaie fiat, Dollar, euro, monnaies étatiques, Origine et fonctionnement des monnaies fiat, Vendabilité dans l'espace et dans le temps, Comparaison avec l'or et le bitcoin, Vendabilité des monnaies fiat et de l'or, Rôle des banques, Risques liés aux réserves fractionnaires, Inflation et pouvoir d'achat, Succès potentiel du bitcoin",,"""Exploration de l'impact de Bitcoin sur la société et la culture dans 'L'Étalon Fiat' de Saifedean Am"
3f34fb1fc3e41fd1a1aa786de288d2d3,systemes monetaires,"3. monnaie, preference temporelle, et investissements",https://btctouchpoint.com/fr/croesus-valorisation-du-plein-potentiel-du-bitcoin/, comment bitcoin change societe,"Le texte parle de la valorisation du plein potentiel du bitcoin à travers différents thèmes tels que l'utilisation de Bitcoin, son impact sur la société et la culture, ainsi que son influence sur les individus. Il offre des ressources pratiques et éducatives comme des podcasts, des articles, des mèmes et des livres pour approfondir la compréhension du sujet.","Croesus, Valorisation du plein potentiel du bitcoin, Rare, Volatilité, Marché du bitcoin, Réserve de valeur, Or numérique, Concurrence avec l'or, Actifs de réserve de valeur, Économie, PIB, Actifs appréciés, Rareté",,"""Découvrir le potentiel du Bitcoin: Impact sociétal, culturel et individuel"""
f9af200b0a8abb579d29d353686baa35,systemes monetaires,4. bitcoin revolutionne la comptabilite,https://medium.com/@breedlove22/the-number-zero-and-bitcoin-4c193336db5b, comment bitcoin change societe,"Satoshi a offert au monde Bitcoin, une forme de valeur sans équivalent. La rareté absolue de la monnaie est un concept révolutionnaire qui, tout comme son ancêtre numérique, le zéro, transforme le monde de manière significative.","Le zéro, Bitcoin, Scarcité absolue pour l'argent, Numéraux et abstractions, Système numéraire babylonien, Origine et développement du zéro, Système numéraire indien et cambodgien, Résistance au zéro en Europe, Système numérique hindou-arabe, Effets de l'introduction du zéro en Europe, Efficacité du système numérique hindou-arabe",55,"""Bitcoin: Une Révolution de la Valeur à la Rare Toute-puissante"""
252349decc4ac558fb276b542ffc7ba7,systemes monetaires,4. bitcoin revolutionne la comptabilite,https://btctouchpoint.com/fr/le-chiffre-zero-et-bitcoin-1/, comment bitcoin change societe,"Le texte explore le lien entre le chiffre zéro et Bitcoin, offrant une série de publications touchant sur divers aspects de l'utilisation et de l'impact de Bitcoin. Des ressources comme des podcasts, des articles et des mèmes sont disponibles pour approfondir la compréhension de Bitcoin et de son influence sur la société et la culture.","Chiffre zéro, Bitcoin, Rareté absolue de la monnaie, Importance du zéro dans l'histoire, Spécialité de Bitcoin, Symboles des nombres, Origine des mathématiques, Systèmes de numération anciens, Utilisation du zéro par les anciennes cultures indienne et cambodgienne",23,"""Le Zéro et Bitcoin : Explorations sur l'Utilisation et l'Impact"""
