id,title,subtitle,links,quadrant,summary,descriptions,time_min,titles
bf08c63fb62f2dfb7df796637f810e6f,utiliser un wallet/ porte-cles,2. solutions hebergees/custodial   vs. conservation  autonome/self-custody,https://www.youtube.com/watch?v=-MP2plIm17s&t=4s, comment j'utilise bitcoin,"Le texte explique ce qu'est un portefeuille géré par quelqu'un d'autre, en réponse à la question d'Antoine sur les coupes bitcoin.","Portefeuille Bitcoin, Clé privée, Souveraineté sur l'argent, Risques des échanges centralisés, Contrôle de son argent, Sphère Bitcoin, Risques de hack et de vol, Vie privée, Système bancaire, Risques et compromis, Sécurité des fonds, Dangers des services centralisés, Contrôle personnel de l'argent, Gestion des clés privées",NAN,"""Comprendre un Portefeuille Géré par un Tiers: Réponse à Antoine sur les Coupes Bitcoin"""
cfe65254f2e2c9326cf1357b6700f06c,utiliser un wallet/ porte-cles,3. hot wallet / portefeuille chaud,https://www.youtube.com/watch?v=xtiGI-zb184&list=PLxdf8G0kzsUVzpmuXsCjtm3XWblNzdeEL&index=9, comment j'utilise bitcoin,"Le texte discute des différentes options de portefeuilles Bitcoin pour ordinateur de bureau et présente les cinq meilleurs choix, avec leurs caractéristiques et compromis. L'auteur, Ben de BTCSessions, propose cette liste pour aider les utilisateurs à choisir le portefeuille qui leur convient le mieux.","Wallets Bitcoin pour ordinateur de bureau, Wasabi Wallet et Blue Wallet, Caractéristiques des portefeuilles (hot wallets, multi-sig vaults, etc.), Connectivité aux nœuds Bitcoin, Utilisation de Lightning Network, Sécurité des hardware wallets, Open source, Fonctionnalités avancées (fee control, transaction batching, coin control, etc.), Options de sauvegarde sécurisée (solid steel, paper wallet), Recommandations de produits et services (Shakepay, Ledger, Bitrefill, Keystone)",NAN,"""Les 5 Meilleurs Portefeuilles Bitcoin pour Ordinateur de Bureau: Comparaison et Recommandations"""
9813213147ab7bbbfbbe2585c4f8ee2d,utiliser un wallet/ porte-cles,3. hot wallet / portefeuille chaud,https://www.youtube.com/watch?v=kS6iC_ovarQ, comment j'utilise bitcoin,"La vidéo aborde deux sujets passionnants : le bitcoin et la confidentialité, en mettant en avant l'application Samurai Wallet pour explorer ces thèmes. Avant de se plonger dans un tutoriel sur Samurai, l'explication des bases du modèle de transactions de Bitcoin est nécessaire.","Bitcoin, Confidentialité, Samurai Wallet, Modèle de transactions, Anonymat et traçabilité, Transactions non dépensées, Mélange de transactions, Transactions jointes, Whirlpool, Analyse Unchained, Dépenses tout en préservant la confidentialité, Techniques de confidentialité, Construction de transactions, Wallet, Probabilité de l'analyse de chaîne, Transactions de mélange, Identité des adresses, Types de transactions jointes, Initialisation d'un nouveau wallet, Fonctionnalités de Samurai Wallet",26,"""Bitcoin, Confidentialité et Samurai Wallet : Un Guide Complet"""
26da77cc6a1d9ae62bf53fb83079e117,utiliser un wallet/ porte-cles,3. hot wallet / portefeuille chaud,https://www.youtube.com/watch?v=E4EhZg5QslI&list=PLxdf8G0kzsUVzpmuXsCjtm3XWblNzdeEL&index=6, comment j'utilise bitcoin,"La vidéo présente un examen du portefeuille Electrum pour ordinateur de bureau sur Mac OS, soulignant qu'il est plus avancé, nécessitant une certaine familiarité avec les transactions Bitcoin. Pour les débutants, des ressources sont recommandées sur la construction de transactions et l'utilisation de portefeuilles matériels.","Electrum wallet, Basic Bitcoin transaction, Advanced wallet features, Wallet setup process, Seed generation, Wallet encryption, Wallet overview, Transaction history, Send and receive options, Wallet balance and value in USD, Settings configuration, Backup seed phrase",NAN,"""Examen avancé du portefeuille Electrum sur Mac OS: Ressources pour les débutants en Bitcoin"""
1c663858b5ad5ff9b6814512f64f73a3,utiliser un wallet/ porte-cles,3. hot wallet / portefeuille chaud,https://www.youtube.com/watch?v=OxdgmDxOMRY&t=1771s, comment j'utilise bitcoin,"La société envisage d'accepter Bitcoin sur Apple Pay à l'avenir, mais cela n'est pas prévu immédiatement. Ils ne prévoient pas d'investir leur trésorerie dans la cryptomonnaie, car les investisseurs en actions Apple ne cherchent pas une exposition à la crypto. Il est suggéré d'investir directement dans la crypto si nécessaire.","Accepting Bitcoin on Apple Pay, Investing in cryptocurrency, Apple CEO's statement on crypto, Diversified portfolio, Bitcoin podcast, Financial advice, Bitcoin Tuesday, Citadel Dispatch, Privacy and open source software, Bitcoin Q&A, Buying Bitcoin, Exchanges and KYC (Know Your Customer), Regulation, Banking relationships, Support for the show through donations, Beginner-focused content, Getting Bitcoin for the first time, Structure of the episode, Elephant in the room: KYC regulations, Identifying information collection for services",NAN,"""Apple Pay et Bitcoin : Perspectives d'intégration future"""
6a5fe73ccba51dea1bee08807ac8dd63,utiliser un wallet/ porte-cles,4. cold wallet / portefeuille froid/ physique,https://www.youtube.com/watch?v=OxdgmDxOMRY&t=2235s, comment j'utilise bitcoin,"Le texte discute de l'éventualité d'accepter le bitcoin sur Apple Pay. Bien que cela soit envisagé, il n'y a pas de plans immédiats à ce sujet. L'entreprise préfère ne pas investir ses liquidités dans la cryptomonnaie, car elle estime que les investisseurs qui souhaitent s'exposer à ce secteur peuvent le faire directement sans passer par l'achat d'actions Apple.","Accepting Bitcoin on Apple Pay, Investment in cryptocurrency, Apple CEO's perspective on crypto, Diversified portfolio, Bitcoin Tuesday, Citadel Dispatch show, Bitcoin, distributed systems, privacy, and open source software, Support for the show, Podcasting 2.0, Bitcoin Q&A, Beginner-focused content, Buying Bitcoin, Exchanges and KYC (Know Your Customer), Regulation and compliance, Banking relationships, Bitcoin ownership, Support through donations and tips, Live chat participation",NAN,"""Apple Pay et le Bitcoin : Pas d'Investissement Prévu pour l'Instant"""
baa4aa3fe16785d92e3ed1198b27384d,utiliser un wallet/ porte-cles,5. bitcoin  lightning  wallet,https://www.youtube.com/watch?v=OxdgmDxOMRY&t=4779s, comment j'utilise bitcoin,"Il envisage d'accepter le bitcoin sur Apple Pay, mais actuellement, ce n'est pas une priorité. Il préfère ne pas investir le solde en espèces d'Apple dans la cryptomonnaie, car il estime que les investisseurs n'achètent pas des actions Apple pour exposer à la cryptomonnaie. Il encourage les intéressés à investir directement dans la cryptomonnaie s'ils le souhaitent.","Accepting Bitcoin on Apple Pay, Investment decisions regarding crypto, Diversified portfolio, Apple CEO's views on crypto, Citadel Dispatch show on Bitcoin, Bitcoin Q&A, Buying Bitcoin and KYC regulations, Exchanges and Bitcoin purchases, Financial advice and investment, Support for the show, Live chat participation, Beginner-focused discussions on Bitcoin, Bitcoin acquisition process, Regulatory compliance with KYC, Importance of audience support",NAN,"""Apple Pay et Bitcoin : Perspectives et Recommandations de l'Entreprise"""
50ea070ca1d5abb3bc4e93b4c1556cf6,utiliser un wallet/ porte-cles,5. bitcoin  lightning  wallet,https://www.youtube.com/watch?v=hmmehTnV3ys&list=PLxdf8G0kzsUWcgEJLH9AHTN3KQzoN2HTs&index=8, comment j'utilise bitcoin,"Zeus est un portefeuille mobile permettant de se connecter directement à ses propres nœuds Bitcoin Lightning, d'envoyer et de recevoir des paiements dans le monde entier en utilisant ce nœud, et de configurer et gérer ses propres canaux Lightning facilement. Il s'agit d'une mise à jour de l'interface utilisateur de Zeus, offrant une meilleure expérience. Ce tutoriel vise à expliquer comment utiliser Zeus pour ceux qui souhaitent apprendre.","Zeus, portefeuille mobile pour Bitcoin Lightning, Connexion directe à ses propres nœuds Bitcoin Lightning, Envoi et réception de paiements mondiaux, Configuration et gestion des canaux Lightning, Améliorations de l'interface utilisateur, Tutoriels pour utiliser Zeus, Publicités pour Shakepay, Ledden.io, Bit Refill, Keystone et Billfodl, Prérequis pour utiliser Zeus : avoir ses propres infrastructures, nœuds Bitcoin et canaux Lightning, Tutoriels pour configurer son propre nœud Bitcoin et ses canaux Lightning, Apprentissage sur la liquidité et le fonctionnement du Lightning,",NAN,"""Maîtriser Zeus : Guide d'utilisation du portefeuille mobile Lightning Bitcoin"""
ee6725dcb151a3472a124649fafa598e,utiliser un wallet/ porte-cles,6. solutions  multi-sig,https://www.youtube.com/watch?v=epP3GZDPeiY, comment j'utilise bitcoin,"Dans ce texte, l'auteur aborde le sujet de la sécurité dans l'utilisation du Bitcoin, en mettant en avant l'importance des systèmes de multi-signature pour protéger les fonds des utilisateurs. Il insiste sur l'absence de risques liés au trading, à l'effet de levier et à d'autres problèmes de sécurité. La priorité est de garantir la sécurité des fonds des utilisateurs pour éviter toute perte d'argent inutile.","Bitcoin, Sécurité, Multi-sig, Portefeuilles, Mots de passe, Transactions, Ledger, Specter, Ducks, Sparrow, Solutions logicielles, Interface utilisateur, Gestion de portefeuille, Cryptomonnaie, Clés privées, Chaîne de blocs (Blockchain)",19,"""Sécurité Renforcée du Bitcoin: L'Importance des Systèmes de Multi-Signature"""
a9cd92c87647e7c86a5dd73bccf8db7e,utiliser un wallet/ porte-cles,6. solutions  multi-sig,https://www.youtube.com/watch?v=siuLmQo1lM8&t=300s, comment j'utilise bitcoin,"Dans cet épisode de la ligne orange, Kevin et Antoine de Wizard sardines parlent de leur projet Rivolt, une solution multishi. Kevin est connu pour être un des développeurs de Bitcoin et est actif depuis longtemps dans l'industrie. Les deux invités ont également organisé des conférences, dont une aux Açores.","Bitcoin, Rivolt, Liana, Hardware Wallet, Blockchain, Sécurité, Développement, Cryptomonnaies, Lightning Network, Open Source, Conférences, Startups, Paiements sans contact, Autorisations financières, Consulting en finance, Architecture financière, Meetups techniques, Retailer de Bitcoin, Politique de spending, Prototypes de sécurité",NAN,"""Rivolt par Wizard Sardines: L'Innovation Multishi Explorée par des Experts Bitcoin"""
2d8592175392e0f7934d4f373a84108e,utiliser un wallet/ porte-cles,6. solutions  multi-sig,https://www.youtube.com/watch?v=mV1KS-Uwjew&t=1s, comment j'utilise bitcoin,"Le huitième chapitre du cours aborde la création d'un portefeuille multi-signatures avec l'application Specter pour devenir un bitcoin heure souverain. Le texte compare différentes solutions telles que Sparrow, Specter et Dax Reserve, mettant l'accent sur l'utilisation du multisig.","Cours sur le bitcoin, Portefeuille multi-signatures, Application Specter, Sécurité des portefeuilles Bitcoin, Clés privées, Clés publiques, Sécurité des gros montants, Différents types de portefeuilles (mobile, physique, multisig), Nécessité de connaissances techniques, Complexité de récupération des fonds, Utilisation de Specter pour le multisig, Configuration des appareils et du nœud, Impression des fiches backup, Partage et promotion de la formation, Téléchargement de l'application Specter.",NAN,"""Création d'un Portefeuille Multi-Signatures : Comparaison de Solutions Bitcoin pour l'Autonomie Financière"""
4f82652f41a79c1cd3131d4efdb2ac19,utiliser un wallet/ porte-cles,6. solutions  multi-sig,https://www.youtube.com/watch?v=OxdgmDxOMRY&t=5282s, comment j'utilise bitcoin,"Il envisage d'accepter le bitcoin sur Apple Pay, mais il n'a pas de plans immédiats à ce sujet. Il ne compte pas investir le solde en espèces d'Apple dans la cryptomonnaie, car il estime que les investisseurs intéressés peuvent le faire directement sans passer par Apple.","Accepting Bitcoin on Apple Pay, Investment in Crypto, Apple CEO Tim Apple's views, Diversified portfolio including crypto, Citadel dispatch on Bitcoin, privacy, and open source software, Supporting the show through podcasting apps, Special episode with Bitcoin Q&A, Beginner-focused discussion on buying Bitcoin, KYC regulations for buying Bitcoin, Exchanges for purchasing Bitcoin, Importance of privacy in Bitcoin transactions, Security in Bitcoin transactions, Bitcoin mining and energy consumption, Transitioning to a Bitcoin-based economy",NAN,"""Apple Pay ne prévoit pas d'investir dans le Bitcoin pour le moment"""
d8e68f7ee85f6e250f9451237dc483af,utiliser un wallet/ porte-cles,1. wallet ? portefeuille ?  porte-cles ? comment proceder ?,https://academie.decouvrebitcoin.fr/lessons/faq-sur-les-portefeuilles/, comment j'utilise bitcoin,"Ce texte présente un aperçu des FAQ sur les portefeuilles dans le cadre de l'Académie Bitcoin BTC 102, abordant des sujets tels que l'introduction au Bitcoin, sa signification et son fonctionnement technique.","Introduction au Bitcoin, Importance du Bitcoin, Fonctionnement technique du Bitcoin, Sécurité des Bitcoins, Tutoriel sur les portefeuilles (chaud, froid, multi-signature), FAQ sur les portefeuilles (clé privée, service ""custodial"", sécurité, Ledger, Trezor), Acquisition de Bitcoins (travail, achat), Fiscalité du Bitcoin, Plan d'héritage Bitcoin, Avenir du Bitcoin",7,"FAQ sur les Portefeuilles Bitcoin : Introduction, Signification et Fonctionnement"
2ad9b35d864717bffbd619074680b876,utiliser un wallet/ porte-cles,1. wallet ? portefeuille ?  porte-cles ? comment proceder ?,https://bitcoiner.guide/wallet/, comment j'utilise bitcoin,"Le guide des portefeuilles Bitcoin explique que contrairement à un portefeuille traditionnel, un portefeuille Bitcoin ne stocke pas réellement de bitcoins, mais plutôt les clés d'accès à ces actifs numériques, qui sont conservés sur la blockchain.","Guide de portefeuille Bitcoin, Stockage de valeur, Clés privées, Non-custodial, Source viewable, Maintenu activement, Critères de fonctionnalités, Types de portefeuilles : mobile, bureau, matériel, Lightning, Sauvegarde physique de la graine, Portefeuilles mobiles : Green, Blue Wallet, Electrum, etc., Portefeuilles de bureau : Bitcoin Core, Lily Wallet, etc., Portefeuilles matériels : Bitbox, Trezor, etc., Portefeuilles Lightning : Alby, Phoenix, Zap, etc.",2,"""Guide essentiel des portefeuilles Bitcoin : Stockage des clés d'accès sur la blockchain"""
1dfa0eb84c4d7f1901ed5ff5020ffa9e,utiliser un wallet/ porte-cles,1. wallet ? portefeuille ?  porte-cles ? comment proceder ?,https://www.bitstack-app.com/blog/qu-est-ce-que-la-phrase-de-recuperation-d-un-portefeuille-bitcoin-24-mots, comment j'utilise bitcoin,La phrase de récupération d'un portefeuille Bitcoin est cruciale lors de sa création pour assurer sa sécurité.,"Phrase de récupération d'un portefeuille Bitcoin, Rôle de la phrase de récupération, Fonctionnement de la phrase de récupération, Clés cryptographiques, Wallet Bitcoin, Phrase mnémonique, Phrase secrète, Seed phrase, Backup, Portefeuille déterministe et hiérarchique (HD), BIP32, BIP39, Bitcoin Improvement Proposal, Génération aléatoire de clés cryptographiques, Sécurité de la phrase mnémonique, Taille de la phrase (12 ou 24 mots), Encodage des mots, Liste de mots définie dans le B",15,"""Importance de la phrase de récupération pour la sécurité du portefeuille Bitcoin"""
fdd23258d91902ed7f3f05286e6136a3,utiliser un wallet/ porte-cles,3. hot wallet / portefeuille chaud,https://armantheparman.com/sparrow/, comment j'utilise bitcoin,"Le Sparrow Bitcoin Wallet (Niveau ZeroTrust 3) est discuté dans le guide Bitcoin, mettant en avant des sujets tels que les dons, les bases du Bitcoin, la séparation de l'argent et de l'État, et la valeur réelle du Bitcoin.","Sparrow Bitcoin Wallet, ZeroTrust Level 3, Bitcoin Guides, Bitcoin Basics, Money and State Separation, Bitcoin Syllabus, Decentralization in Bitcoin, Buying Bitcoin, Self-Custody, Hardware Wallets, Bitcoin Nodes, Bitcoin UTXO, Blockchain, Air-Gapped Computer, Multisignature Wallet, SegWit, Bitcoin Mining Profitability, Wealth, Bitcoin Security, Bitcoin Privacy Course, Lost Cryptocurrency Recovery, Bitcoin Payments, Electrum Desktop Wallet, Bitcoin Core, Electrum Server, Test Transactions, Lightning Address, Bitcoin Donation",3,"""Guide Bitcoin: Dons, Valeur Réelle et Niveau ZeroTrust 3 du Sparrow Wallet"""
7606042d2b9d4904157c1ff94f1947c8,utiliser un wallet/ porte-cles,3. hot wallet / portefeuille chaud,https://bitcoiner.guide/sparrow/, comment j'utilise bitcoin,"Sparrow Wallet est un portefeuille Bitcoin de bureau riche en fonctionnalités et facile à utiliser, offrant une alternative intéressante à Electrum ou Specter. Disponible sur toutes les principales plateformes, il fournit aux utilisateurs de nombreuses informations détaillées sur leurs UTXO, transactions et soldes.","Sparrow Wallet, Fonctionnalités, Installation et vérification, Configuration initiale, Connexion à un serveur privé Electrum, Importation de Coldcard, Réception d'une transaction, Envoi d'une transaction, UTXO, Portefeuille matériel, Chemins de dérivation personnalisés, Multi-Sig, PSBT, Wallet Watch Only, Node Umbrel, Électrum, Bitcoin Core, Seed, Adresses Legacy, Segwit, Native Segwit, Adresse de réception, Adresse de transaction",10,"""Comparaison de portefeuilles Bitcoin : Sparrow Wallet vs Electrum et Specter"""
07db58cbe819e1f5a08a80704e1b13cc,utiliser un wallet/ porte-cles,4. cold wallet / portefeuille froid/ physique,https://agora256.com/creation-dune-cle-privee-bitcoin-avec-un-appareil-coldcard/, comment j'utilise bitcoin,"Ce guide offre des instructions détaillées sur la création, la sauvegarde et l'utilisation d'une clé privée Bitcoin à l'aide d'un appareil Coldcard et Bitcoin Core. Il explique comment générer une clé privée avec une Coldcard et l'utiliser via l'interface d'un nœud Bitcoin Core.","Cryptographie asymétrique, Clé privée et clé publique, Stockage de bitcoins et signatures de transactions, Génération de clé privée avec Coldcard, Sécurité et entropie, Phrase mnémonique, Sauvegarde et récupération de portefeuille, Mise à jour du firmware, Master Key Fingerprint (XFP), Test de sauvegarde de phrase mnémonique, Phrase secrète (passphrase)",,"""Guide complet pour créer et utiliser une clé privée Bitcoin avec Coldcard et Bitcoin Core"""
c3b6d74bc0024f468bb2116cb1495fb7,utiliser un wallet/ porte-cles,4. cold wallet / portefeuille froid/ physique,https://unchained.com/blog/what-is-bitcoin-hardware-wallet/, comment j'utilise bitcoin,"Le texte discute des portefeuilles matériels de Bitcoin, expliquant leur fonction et leur utilité pour stocker des cryptomonnaies de manière sécurisée.","Portefeuille matériel Bitcoin, Clés privées Bitcoin, Sécurité Bitcoin, Stockage hors ligne, Fonctions des portefeuilles matériels, Génération de graines, Stockage des graines et clés privées, Sécurité des portefeuilles matériels",,"""Portefeuilles Matériels Bitcoin: Sécuriser Vos Cryptomonnaies"""
2e3eb0121ed1ed6c43e7b52006462c2c,utiliser un wallet/ porte-cles,4. cold wallet / portefeuille froid/ physique,https://unchained.com/blog/why-bitcoin-hardware-wallet/, comment j'utilise bitcoin,"Huit raisons d'utiliser un portefeuille matériel Bitcoin sont discutées dans le texte. Il met en avant l'importance de la sécurité, du contrôle des clés privées, de la protection contre les logiciels malveillants et des avantages par rapport aux portefeuilles en ligne.","Portefeuille matériel Bitcoin, Stockage à froid, Sécurité contre les attaques physiques, Éléments sécurisés, Vérification du micrologiciel, Codes PIN, Codes PIN de détresse, Surface d'attaque réduite, Portefeuilles matériels air-gapped",9,"""Les Avantages d'un Portefeuille Matériel Bitcoin: Sécurité et Contrôle Clés Privées"""
b90d83d303fbdf391f4754993d4ab763,utiliser un wallet/ porte-cles,4. cold wallet / portefeuille froid/ physique,https://unchained.com/blog/best-bitcoin-hardware-wallets/, comment j'utilise bitcoin,"Résumé: Un aperçu des meilleurs portefeuilles matériels de bitcoin en 2023, y compris Trezor, Ledger, Coldcard, et d'autres, est présenté, offrant aux utilisateurs des informations sur ces dispositifs populaires.","Meilleurs portefeuilles matériels Bitcoin 2023, Trezor Model One, Trezor Model T, Sécurité des clés privées, Risques des tiers, Avantages des portefeuilles matériels, Caractéristiques et spécifications des portefeuilles, Compatibilité avec logiciels tiers, Fonctionnalités des appareils, Prix et accessibilité",19,"""Comparaison 2023 des Meilleurs Portefeuilles Matériels Bitcoin: Trezor, Ledger, Coldcard et Plus"""
e7de2601d715f5ca60b9d5bb8dcf5ba3,utiliser un wallet/ porte-cles,4. cold wallet / portefeuille froid/ physique,https://unchained.com/blog/how-to-replace-upgrade-bitcoin-hardware-wallet/, comment j'utilise bitcoin,Apprenez comment remplacer ou mettre à niveau un portefeuille matériel Bitcoin.,"Remplacement ou mise à niveau d'un portefeuille matériel Bitcoin, Sécurité des portefeuilles matériels, Scénarios de remplacement ou de mise à niveau, Acquérir ou réinitialiser un nouveau dispositif, Instructions du fabricant pour la récupération de la phrase de récupération, Meilleures pratiques de sécurité Bitcoin",10,Guide de remplacement et de mise à niveau du portefeuille matériel Bitcoin
235f1a221e79527da87421c3e7fd8db7,utiliser un wallet/ porte-cles,4. cold wallet / portefeuille froid/ physique,https://www.linkedin.com/pulse/ledger-recover-et-la-sous-estimation-du-besoin-de-nicolas-cantu-4nk-/, comment j'utilise bitcoin,"La mise en œuvre de ""Recover"" par Ledger met en lumière l'importance sous-estimée de la compréhension nécessaire.","""Recover"" par Ledger, Compréhension de l'offre, Sauvegarde des clés privées, Communication autour du lancement, Procédure KYC, Export de clés, Partenaires affiliés, Seed, Cryptographie, Partage de secret de Shamir (SSS), Sécurité des informations, Appareil Ledger, Élément sécurisé (SE), BIP-32, Micrologiciel BOLOS, Master key Ledger",,"""La mise en œuvre cruciale de ""Recover"" par Ledger : Comprendre l'importance sous-estimée"""
1e0a8f574c02071d7e2b66fe7e31ecf4,utiliser un wallet/ porte-cles,4. cold wallet / portefeuille froid/ physique,https://unchained.com/blog/bitcoin-what-is-a-secure-element/, comment j'utilise bitcoin,Les portefeuilles matériels Bitcoin utilisent des éléments sécurisés pour assurer la protection des actifs. Ces composants sécurisés jouent un rôle crucial dans la sécurisation des transactions et des clés privées liées aux cryptomonnaies.,"Portefeuilles matériels Bitcoin, Élément sécurisé, Stockage d'informations sensibles, Avantages et inconvénients, Protection contre les attaques physiques, Protection contre les attaques à canaux latéraux, Protection contre les attaques de type ""fault"", Problématique de la source fermée, Certification et confiance, Sécurisation des bitcoins",6,"""Portefeuilles matériels Bitcoin : Sécurisation des actifs cryptographiques"""
718da60c237a95c7577f6327dc5fd5e2,utiliser un wallet/ porte-cles,6. solutions  multi-sig,https://bitcoiner.guide/multisig/intro/, comment j'utilise bitcoin,"Le texte parle de l'utilisation de la technologie multisig pour sécuriser les finances, en soulignant les avantages de ce système par rapport aux options traditionnelles. Il met en lumière le fait que Bitcoin permet à chacun de prendre en charge sa propre sécurité financière, offrant ainsi une approche novatrice pour la protection des actifs.","Introduction, Pourquoi le multisig ?, Avantages, Risques, Autres options, Portefeuille, Clés privées, Responsabilité personnelle, Sécurité, Configuration 2-sur-3, Quorum de dépense, Redondance, Sécurité améliorée, Problèmes potentiels, Gestion des clés, Sécurisation des appareils, Clés publiques, Type de script, Voies de dérivation, Succession, Options alternatives, Souveraineté, Confidentialité, Recherche préalable",4,"""Sécurisation Financière Innovante avec la Technologie Multisig de Bitcoin"""
383583956ecf6c5257a70831ffac0732,utiliser un wallet/ porte-cles,6. solutions  multi-sig,https://unchained.com/blog/top-10-bitcoin-multisig-tips/, comment j'utilise bitcoin,"Ce texte présente les dix conseils principaux pour les débutants en bitcoin multisig. Il couvre des sujets tels que les services, les coffres-forts, le trading, l'héritage, les prêts, les IRAs Bitcoin, le support, la formation, les ressources et les tarifs.","Bitcoin multisig, Hardware wallet, Seed phrase, Bitcoin blockchain, Restore wallet, Receive bitcoin without wallet, Multisig as singlesig wallet, Confirm multisig deposit address, Security measures, Address verification",10,"""Guide Essentiel pour les Débutants en Bitcoin Multisig"""
7fad6ce280dfd38f0d87088cb56aaa14,utiliser un wallet/ porte-cles,6. solutions  multi-sig,https://unchained.com/blog/what-is-a-multisig-wallet-configuration-file/, comment j'utilise bitcoin,Le fichier de configuration d'un portefeuille multisig Bitcoin est un élément clé pour comprendre son fonctionnement et son utilité.,"Portefeuille multisig Bitcoin, Fichier de configuration du portefeuille, Contenu du fichier de configuration, Adresse et réseau, Clés et détails techniques, Types d'adresses Bitcoin, Réseau principal, Quorum et nombre de clés",7,Comprendre l'importance du fichier de configuration d'un portefeuille multisig Bitcoin.
3582072382ea6c85d0b8e8e5aab1b9e0,utiliser un wallet/ porte-cles,6. solutions  multi-sig,https://unchained.com/blog/bitcoin-multisig-escrow/, comment j'utilise bitcoin,Le texte discute de ce qu'est l'escrow multisig Bitcoin et de son fonctionnement.,"Bitcoin multisig escrow, Process of bitcoin multisig escrow, Benefits of bitcoin multisig escrow, Trustless nature, Security and transparency, Faster settlement times, Flexibility and customization, Global and censorship-resistant, Constructing an escrow wallet, Example scenarios of bitcoin multisig escrow",9,"""Escrow Multisig Bitcoin : Définition et Fonctionnement"""
216f63b17b167422cf8386f3ec800dc5,utiliser un wallet/ porte-cles,6. solutions  multi-sig,https://unchained.com/blog/bitcoin-singlesig-passphrase-vs-multisig/, comment j'utilise bitcoin,"Le texte compare l'utilisation d'une signature unique (passphrase) et d'une signature multiple (multisig) pour Bitcoin, en aidant les lecteurs à déterminer quelle méthode convient le mieux à leurs besoins.","Bitcoin, Singlesig, Passphrase, Multisig, Seed phrase, Wallet security, Passphrase wallets, Multisig quorum, m-of-n schemes, Key protection, Trade-offs, Security levels, Wallet construction, Bitcoin custody, Fault tolerance, Key management",20,"""Signature unique vs. signature multiple pour Bitcoin : Quelle option vous convient le mieux ?"""
b9d1b7264d1652daa7bc6e5f88fc6197,utiliser un wallet/ porte-cles,6. solutions  multi-sig,https://unchained.com/blog/bitcoin-multisig-2-of-3-vs-3-of-5/, comment j'utilise bitcoin,Multisig 2-of-3 vs. 3-of-5: plus de clés signifie-t-il plus de sécurité pour vos bitcoins ? L'article compare ces deux types de configurations de multi-signature pour évaluer leur niveau de sécurité.,"Multisig (Multisignature), 2-of-3 vs. 3-of-5, Sécurité (Security), Clés (Keys), Portefeuille (Wallet), Configuration (Configuration), Flexibilité (Flexibility), Modèles courants (Common models), M-of-n, Avantages (Advantages), Stockage à froid (Cold storage), Ratio M-of-n, Redondance (Redundancy), Principes fondamentaux (Fundamental principles)",20,"""Comparaison de la Sécurité : Multisig 2-sur-3 contre 3-sur-5 pour Vos Bitcoins"""
