id,title,subtitle,links,quadrant,summary,descriptions,time_min,titles
cd05c840f1549e95d5c4f2c559c58aef,"value4value, micropaiements, etc.",micro-paiements,https://www.youtube.com/watch?v=xs6hUcfuX9w&list=PLPQwGV1aLnTurL4wU_y3jOhBi9rrpsYyi&index=44, comment j'utilise bitcoin,"La gestion du flux de trésorerie est cruciale pour les entrepreneurs vendant des biens en streaming afin de changer les échelles de temps des activités financières, nécessitant de nouveaux processus.","Streaming d'argent pour les entrepreneurs, Gestion de trésorerie et flux de trésorerie, Nouveaux processus, logiciels et comptabilité, Juste-à-temps et services basés sur le temps, Paiement à la minute pour les services de streaming vidéo, DRM et gestion des droits numériques, Impact de la technologie sur les économies en développement, Téléphonie mobile et connectivité mondiale, Évolution et accessibilité technologique dans les populations, Évolution des technologies au fil du temps",NAN,"""Optimiser la Gestion du Flux de Trésorerie pour les Vendeurs de Biens en Streaming"""
79551a435ed47d026ac39a5991fa3a53,"value4value, micropaiements, etc.",modele value 4 value,https://fountain.fm/podcaster-guide, comment j'utilise bitcoin,"Le guide des podcasteurs de Fountain pour la valeur par la valeur propose sept étapes simples pour améliorer la découverte, l'engagement et la monétisation des podcasts. Fountain offre des fonctionnalités telles que la file de lecture automatique, les listes de lecture et les chapitres personnalisés pour une expérience enrichie.","Fountain, Guide du podcasteur Fountain sur la Valeur pour Valeur, Découverte, engagement et monétisation, Fonctionnalités de Fountain, Autoplay Queue, Playlists, Chapitres, Apple CarPlay et Android Auto, Étiquettes de filtre, Minuteur de sommeil, Écoute hors ligne, Notifications, Questions fréquemment posées (FAQ), Auditeurs : Gagner sur Fountain, Créer des clips, Soutenir un podcast, Recharger son portefeuille, Podcasteurs : Réclamer son émission, Promouvoir son émission, Soutien",,"""Sept étapes pour améliorer votre podcast avec Fountain"""
eabfd5dc56d8cc0db5972adcc3bfe475,"value4value, micropaiements, etc.",modele value 4 value,https://value4value.info/, comment j'utilise bitcoin,"Value4Value est un nouveau modèle de monétisation qui incarne une approche de valeur dans divers aspects de la vie. Il promeut la liberté, l'ouverture, la connectivité, la libre expression, la monnaie sonnante et trébuchante, ainsi que la résistance à la censure. Des exemples de son succès incluent Podcasting2.0 et les zaps de Nostr. Ce modèle a permis l'indexation de nombreux créateurs et l'activation de la valeur pour des milliers d'entre eux.","V4V, Modèle de monétisation, Format de contenu, Mode de vie, Succès de V4V, Chiffres, Demande et dons, Boucle de rétroaction, Temps, Talent, Trésor, Contribution",,"""Value4Value : Monétisation innovante et liberté d'expression dans le Podcasting et les zaps de Nostr"""
586a76a28ce0b0f64ec6001875379bb4,"value4value, micropaiements, etc.",modele value 4 value,http://adam.curry.com/html/HowtoreceiveBitcoini-BrxM2PDPNJ7Zzbz7G28xk4H0D658fH.html, comment j'utilise bitcoin,"Le système de paiements en streaming ""Value 4 Value"" permet aux auditeurs d'envoyer des micropaiements en Bitcoin aux podcasteurs en temps réel pendant l'écoute. Une vidéo présentant l'historique et le fonctionnement de ce système est désormais disponible.","Recevoir Bitcoin en temps réel pour votre podcast, Système de paiements Value 4 Value, Applications compatibles avec Podcasting 2.0, Transmettre des micropaiements en Bitcoin (satoshis) aux podcasteurs, Besoin d'un nœud lightning pour recevoir les paiements, Décentralisation et absence d'intermédiaires, Processus de valorisation laissé aux auditeurs, Possibilité de 'Boost' les paiements, Diviser les paiements entre différents destinataires, Possibilité d'ajouter des 'splits' pour les paiements numériques décentralisés",,"""Découvrez le Système de Paiements en Streaming Bitcoin 'Value 4 Value'"""
0bc39bd06e197bdf6183ff006ca3ce09,"value4value, micropaiements, etc.",autres cas d'usage,https://learn.heyapollo.com/blog/lightning-network-in-action-real-world-use-cases-and-applications, comment j'utilise bitcoin,"Le Lightning Network est une solution innovante qui améliore les transactions Bitcoin en les rendant rapides, abordables et évolutives. Il fonctionne en tant que protocole de deuxième couche au-dessus de la blockchain, permettant aux utilisateurs de créer des canaux de paiement hors chaîne pour des transactions rapides.","Réseau Lightning, Micropaiements, Transferts transfrontaliers, Pourboires et dons, Paiements Internet des objets (IoT), Commerce de détail et commerce électronique, Jeux et jeux d'argent en ligne, Finance décentralisée (DeFi)",,"""Le Lightning Network: Une Solution Innovante pour des Transactions Bitcoin Rapides et Abordables"""
